studyid,workflowid,logexposure,meancount,lowercount,uppercount
AA-AA-000-0000,kri0001,1.33629436111989,0.0353970541544055,0,3.47516284408628
AA-AA-000-0000,kri0001,1.38629436111989,0.0369138934361446,0,3.50688135902719
AA-AA-000-0000,kri0001,1.43629436111989,0.0384957325169232,0,3.53911079790292
AA-AA-000-0000,kri0001,1.48629436111989,0.0401453567767918,0,3.57186234619344
AA-AA-000-0000,kri0001,1.53629436111989,0.041865670955278,0,3.6051474878586
AA-AA-000-0000,kri0001,1.58629436111989,0.0436597042661948,0,3.63897801448227
AA-AA-000-0000,kri0001,1.63629436111989,0.0455306157316291,0,3.67336603472648
AA-AA-000-0000,kri0001,1.68629436111989,0.0474816997445033,0,3.70832398410683
AA-AA-000-0000,kri0001,1.73629436111989,0.0495163918695043,0,3.74386463510107
AA-AA-000-0000,kri0001,1.78629436111989,0.0516382748925948,0,3.78000110760285
AA-AA-000-0000,kri0001,1.83629436111989,0.0538510851297591,0,3.81674687973369
AA-AA-000-0000,kri0001,1.88629436111989,0.056158719006092,0,3.85411579902609
AA-AA-000-0000,kri0001,1.93629436111989,0.0585652399168154,0,3.89212209399171
AA-AA-000-0000,kri0001,1.98629436111989,0.0610748853823052,0,3.93078038608871
AA-AA-000-0000,kri0001,2.03629436111989,0.0636920745097248,0,3.97010570210333
AA-AA-000-0000,kri0001,2.08629436111989,0.0664214157744068,0,4.01011348696078
AA-AA-000-0000,kri0001,2.13629436111989,0.0692677151346829,0,4.05081961698181
AA-AA-000-0000,kri0001,2.18629436111989,0.0722359844944518,0,4.09224041360138
AA-AA-000-0000,kri0001,2.23629436111989,0.0753314505283856,0,4.13439265756671
AA-AA-000-0000,kri0001,2.28629436111989,0.0785595638853164,0,4.17729360363296
AA-AA-000-0000,kri0001,2.33629436111989,0.0819260087860062,0,4.22096099577489
AA-AA-000-0000,kri0001,2.38629436111989,0.0854367130322026,0,4.26541308293423
AA-AA-000-0000,kri0001,2.43629436111989,0.0890978584446037,0,4.31066863532279
AA-AA-000-0000,kri0001,2.48629436111989,0.0929158917481119,0,4.35674696130242
AA-AA-000-0000,kri0001,2.53629436111989,0.0968975359235443,0,4.40366792486369
AA-AA-000-0000,kri0001,2.58629436111989,0.101049802045788,0,4.45145196372584
AA-AA-000-0000,kri0001,2.63629436111989,0.105380001629245,0,4.50012010808194
AA-AA-000-0000,kri0001,2.68629436111989,0.109895759502307,0,4.54969400001354
AA-AA-000-0000,kri0001,2.73629436111989,0.114605027233529,0,4.60019591360053
AA-AA-000-0000,kri0001,2.78629436111989,0.119516097133139,0,4.65164877575277
AA-AA-000-0000,kri0001,2.83629436111989,0.124637616854552,0,4.70407618779113
AA-AA-000-0000,kri0001,2.88629436111989,0.129978604621575,0,4.75750244780672
AA-AA-000-0000,kri0001,2.93629436111989,0.135548465108146,0,4.81195257382824
AA-AA-000-0000,kri0001,2.98629436111989,0.141357005998543,0,4.86745232782856
AA-AA-000-0000,kri0001,3.03629436111989,0.147414455257239,0,4.9240282406029
AA-AA-000-0000,kri0001,3.08629436111989,0.153731479138802,0,4.98170763755246
AA-AA-000-0000,kri0001,3.13629436111989,0.160319200969562,0,5.04051866540829
AA-AA-000-0000,kri0001,3.18629436111989,0.167189220734113,0,5.10049031993214
AA-AA-000-0000,kri0001,3.23629436111989,0.174353635501134,0,5.16165247463217
AA-AA-000-0000,kri0001,3.28629436111989,0.181825060724501,0,5.22403591053291
AA-AA-000-0000,kri0001,3.33629436111989,0.189616652457205,0,5.28767234704082
AA-AA-000-0000,kri0001,3.38629436111989,0.197742130517168,0,5.35259447394799
AA-AA-000-0000,kri0001,3.43629436111989,0.206215802645782,0,5.4188359846187
AA-AA-000-0000,kri0001,3.48629436111989,0.215052589701677,0,5.48643161040511
AA-AA-000-0000,kri0001,3.53629436111989,0.224268051934108,0,5.55541715634032
AA-AA-000-0000,kri0001,3.58629436111989,0.233878416382202,0,5.62582953815906
AA-AA-000-0000,kri0001,3.63629436111989,0.24390060544833,0,5.69770682069825
AA-AA-000-0000,kri0001,3.68629436111989,0.254352266695907,0,5.77108825773186
AA-AA-000-0000,kri0001,3.73629436111989,0.265251803924084,0,5.84601433329678
AA-AA-000-0000,kri0001,3.78629436111989,0.276618409574066,0,5.92252680456852
AA-AA-000-0000,kri0001,3.83629436111989,0.288472098524109,0,6.00066874634839
AA-AA-000-0000,kri0001,3.88629436111989,0.300833743332696,0,6.08048459722586
AA-AA-000-0000,kri0001,3.93629436111989,0.313725110991969,0,6.16202020748281
AA-AA-000-0000,kri0001,3.98629436111989,0.327168901256118,0,6.24532288880894
AA-AA-000-0000,kri0001,4.03629436111989,0.341188786612226,0,6.33044146590056
AA-AA-000-0000,kri0001,4.08629436111989,0.355809453963944,0,6.41742633001778
AA-AA-000-0000,kri0001,4.13629436111989,0.371056648101411,0,6.5063294945786
AA-AA-000-0000,kri0001,4.18629436111989,0.386957217033942,0,6.59720465287116
AA-AA-000-0000,kri0001,4.23629436111989,0.403539159265326,0,6.69010723796925
AA-AA-000-0000,kri0001,4.28629436111989,0.420831673094967,0,6.7850944849393
AA-AA-000-0000,kri0001,4.33629436111989,0.438865208031686,0,6.88222549543106
AA-AA-000-0000,kri0001,4.38629436111989,0.457671518410715,0,6.98156130474785
AA-AA-000-0000,kri0001,4.43629436111989,0.47728371930829,0,7.08316495149612
AA-AA-000-0000,kri0001,4.48629436111989,0.497736344852307,0,7.18710154991856
AA-AA-000-0000,kri0001,4.53629436111989,0.519065409031713,0,7.29343836501905
AA-AA-000-0000,kri0001,4.58629436111989,0.541308469111707,0,7.40224489059222
AA-AA-000-0000,kri0001,4.63629436111989,0.564504691766425,0,7.51359293027546
AA-AA-000-0000,kri0001,4.68629436111989,0.588694922045539,0,7.62755668174556
AA-AA-000-0000,kri0001,4.73629436111989,0.613921755296233,0,7.74421282418789
AA-AA-000-0000,kri0001,4.78629436111989,0.640229612167188,0,7.86364060917085
AA-AA-000-0000,kri0001,4.83629436111989,0.667664816826639,0,7.98592195506421
AA-AA-000-0000,kri0001,4.88629436111989,0.696275678532251,0,8.11114154514554
AA-AA-000-0000,kri0001,4.93629436111989,0.726112576696439,0,8.2393869295451
AA-AA-000-0000,kri0001,4.98629436111989,0.757228049596911,0,8.37074863118586
AA-AA-000-0000,kri0001,5.03629436111989,0.789676886888653,0,8.50532025588169
AA-AA-000-0000,kri0001,5.08629436111989,0.823516226080246,0,8.64319860676395
AA-AA-000-0000,kri0001,5.13629436111989,0.858805653144407,0,8.78448380321346
AA-AA-000-0000,kri0001,5.18629436111989,0.895607307439893,0,8.92927940448251
AA-AA-000-0000,kri0001,5.23629436111989,0.933985991129544,0,9.07769253819928
AA-AA-000-0000,kri0001,5.28629436111989,0.974009283287121,0,9.22983403395509
AA-AA-000-0000,kri0001,5.33629436111989,1.01574765889385,0,9.38581856218323
AA-AA-000-0000,kri0001,5.38629436111989,1.05927461293426,0,9.54576477854717
AA-AA-000-0000,kri0001,5.43629436111989,1.10466678980974,0,9.70979547406475
AA-AA-000-0000,kri0001,5.48629436111989,1.15200411829778,0,9.87803773120485
AA-AA-000-0000,kri0001,5.53629436111989,1.2013699522945,0,10.0506230862027
AA-AA-000-0000,kri0001,5.58629436111989,1.25285121758828,0,10.2276876978506
AA-AA-000-0000,kri0001,5.63629436111989,1.30653856492298,0,10.4093725230312
AA-AA-000-0000,kri0001,5.68629436111989,1.36252652962019,0,10.5958234992728
AA-AA-000-0000,kri0001,5.73629436111989,1.42091369804172,0,10.787191734616
AA-AA-000-0000,kri0001,5.78629436111989,1.48180288118531,0,10.9836337050962
AA-AA-000-0000,kri0001,5.83629436111989,1.54530129571922,0,11.185311460155
AA-AA-000-0000,kri0001,5.88629436111989,1.61152075277474,0,11.3923928363123
AA-AA-000-0000,kri0001,5.93629436111989,1.68057785482859,0,11.6050516794393
AA-AA-000-0000,kri0001,5.98629436111989,1.7525942010224,0,11.8234680759911
AA-AA-000-0000,kri0001,6.03629436111989,1.82769660128042,0,12.0478285935703
AA-AA-000-0000,kri0001,6.08629436111989,1.90601729960265,0,12.278326531211
AA-AA-000-0000,kri0001,6.13629436111989,1.98769420692664,0,12.5151621797858
AA-AA-000-0000,kri0001,6.18629436111989,2.07287114396778,0,12.7585430929586
AA-AA-000-0000,kri0001,6.23629436111989,2.16169809446593,0,13.008684369123
AA-AA-000-0000,kri0001,6.28629436111989,2.25433146928417,0,13.2658089447823
AA-AA-000-0000,kri0001,6.33629436111989,2.35093438182471,0,13.5301478998513
AA-AA-000-0000,kri0001,6.38629436111989,2.45167693524702,0,13.8019407753745
AA-AA-000-0000,kri0001,6.43629436111989,2.55673652199383,0,14.0814359041819
AA-AA-000-0000,kri0001,6.48629436111989,2.66629813615246,0,14.3688907550212
AA-AA-000-0000,kri0001,6.53629436111989,2.78055469920152,0,14.6645722907313
AA-AA-000-0000,kri0001,6.58629436111989,2.89970739971652,0,14.9687573410432
AA-AA-000-0000,kri0001,6.63629436111989,3.02396604763263,0,15.2817329906219
AA-AA-000-0000,kri0001,6.68629436111989,3.1535494436883,0,15.6037969829861
AA-AA-000-0000,kri0001,6.73629436111989,3.28868576470041,0,15.9352581409726
AA-AA-000-0000,kri0001,6.78629436111989,3.42961296534919,0,16.276436804438
AA-AA-000-0000,kri0001,6.83629436111989,3.57657919718054,0,16.62766528592
AA-AA-000-0000,kri0001,6.88629436111989,3.72984324556348,0,16.989288345014
AA-AA-000-0000,kri0001,6.93629436111989,3.88967498537214,0,17.3616636822483
AA-AA-000-0000,kri0001,6.98629436111989,4.05635585619472,0,17.7451624532781
AA-AA-000-0000,kri0001,7.03629436111989,4.23017935790617,0,18.1401698042522
AA-AA-000-0000,kri0001,7.08629436111989,4.41145156747718,0,18.5470854292411
AA-AA-000-0000,kri0001,7.13629436111989,4.60049167792959,0,18.9663241506556
AA-AA-000-0000,kri0001,7.18629436111989,4.79763256038715,0,19.398316523622
AA-AA-000-0000,kri0001,7.23629436111989,5.00322135021134,0,19.843509465323
AA-AA-000-0000,kri0001,7.28629436111989,5.21762005825444,0,20.3023669103542
AA-AA-000-0000,kri0001,7.33629436111989,5.441206208306,0,20.7753704931931
AA-AA-000-0000,kri0001,7.38629436111989,5.67437350185531,0,21.263020258922
AA-AA-000-0000,kri0001,7.43629436111989,5.91753251134035,0,21.7658354033957
AA-AA-000-0000,kri0001,7.48629436111989,6.17111140310391,0,22.2843550440956
AA-AA-000-0000,kri0001,7.53629436111989,6.43555669133,0,22.8191390229645
AA-AA-000-0000,kri0001,7.58629436111989,6.71133402428789,0,23.3707687425707
AA-AA-000-0000,kri0001,7.63629436111989,6.99892900426859,0,23.9398480370088
AA-AA-000-0000,kri0001,7.68629436111989,7.29884804265717,0,24.5270040790023
AA-AA-000-0000,kri0001,7.73629436111989,7.61161925164685,0,25.1328883247384
AA-AA-000-0000,kri0001,7.78629436111989,7.93779337416497,0,25.7581774980274
AA-AA-000-0000,kri0001,7.83629436111989,8.27794475364813,0,26.4035746154489
AA-AA-000-0000,kri0001,7.88629436111989,8.63267234537449,0,27.0698100542167
AA-AA-000-0000,kri0001,7.93629436111989,9.00260077113354,0,27.757642664569
AA-AA-000-0000,kri0001,7.98629436111989,9.38838141909093,0,28.4678609285662
AA-AA-000-0000,kri0001,8.03629436111989,9.79069359078486,0,29.2012841672593
AA-AA-000-0000,kri0001,8.08629436111989,10.2102456972735,0,29.9587637982757
AA-AA-000-0000,kri0001,8.13629436111989,10.6477765065401,0,30.7411846459561
AA-AA-000-0000,kri0001,8.18629436111989,11.1040564443521,0,31.5494663062667
AA-AA-000-0000,kri0001,8.23629436111989,11.5798889508644,0,32.3845645688059
AA-AA-000-0000,kri0001,8.28629436111989,12.0761118953565,0,33.2474728983249
AA-AA-000-0000,kri0001,8.33629436111989,12.5935990515942,0.0117311169024588,34.1392239782803
AA-AA-000-0000,kri0001,8.38629436111989,13.1332616364128,0.109413827052532,35.0608913190509
AA-AA-000-0000,kri0001,8.43629436111989,13.696049914233,0.236405552481673,36.013590933555
AA-AA-000-0000,kri0001,8.48629436111989,14.2829548703332,0.38686284309312,36.9984830831296
AA-AA-000-0000,kri0001,8.53629436111989,14.8950099558249,0.559310336393021,38.0167740966466
AA-AA-000-0000,kri0001,8.58629436111989,15.5332929074043,0.753398526312592,39.0697182659739
AA-AA-000-0000,kri0001,8.63629436111989,16.1989276450842,0.969284572999879,40.1586198210202
AA-AA-000-0000,kri0001,8.68629436111989,16.8930862512476,1.20741502680981,41.2848349877371
AA-AA-000-0000,kri0001,8.73629436111989,17.6169910345079,1.4684287997017,42.4497741326012
AA-AA-000-0000,kri0001,8.78629436111989,18.3719166820102,1.75310751540807,43.6549039972462
AA-AA-000-0000,kri0001,8.83629436111989,19.1591925039628,2.06234788113473,44.9017500270697
AA-AA-000-0000,kri0001,8.88629436111989,19.9802047743524,2.39714552578648,46.1918987978075
AA-AA-000-0000,kri0001,8.93629436111989,20.8363991719632,2.75858533610027,47.5270005442324
AA-AA-000-0000,kri0001,8.98629436111989,21.7292833259994,3.1478357300546,48.9087717953186
AA-AA-000-0000,kri0001,9.03629436111989,22.6604294707927,3.56614545265732,50.3389981203902
AA-AA-000-0000,kri0001,9.08629436111989,23.6314772142699,4.01484206792195,51.819536990973
AA-AA-000-0000,kri0001,9.13629436111989,24.6441364250552,4.49533164262024,53.3523207632636
AA-AA-000-0000,kri0001,9.18629436111989,25.7001902432911,5.00909930247318,54.9393597863427
AA-AA-000-0000,kri0001,9.23629436111989,26.8014982204788,5.55771045255628,56.5827456414794
AA-AA-000-0000,kri0001,9.28629436111989,27.9499995938684,6.14281252290085,58.2846545180972
AA-AA-000-0000,kri0001,9.33629436111989,29.1477167011632,6.76613714478051,60.0473507322142
AA-AA-000-0000,kri0001,9.38629436111989,30.396758541551,7.4295026926178,61.8731903934173
AA-AA-000-0000,kri0001,9.43629436111989,31.6993244893341,8.13481714642853,63.7646252266854
AA-AA-000-0000,kri0001,9.48629436111989,33.0577081666953,8.88408124360477,65.7242065556523
AA-AA-000-0000,kri0001,9.53629436111989,34.474301482421,9.67939189869261,67.7545894541758
AA-AA-000-0000,kri0001,9.58629436111989,35.9515988436915,10.5229458769659,69.8585370733748
AA-AA-000-0000,kri0001,9.63629436111989,37.4922015483561,11.4170437128815,72.0389251516041
AA-AA-000-0000,kri0001,9.68629436111989,39.0988223654262,12.364093868489,74.2987467151504
AA-AA-000-0000,kri0001,9.73629436111989,40.7742903118523,13.3666171299411,76.641116977771
AA-AA-000-0000,kri0001,9.78629436111989,42.5215556339965,14.4272512426627,79.0692784475404
AA-AA-000-0000,kri0001,9.83629436111989,44.3436950025708,15.548755787683,81.5866062498307
AA-AA-000-0000,kri0001,9.88629436111989,46.2439169301908,16.7340173032237,84.1966136756329
AA-AA-000-0000,kri0001,9.93629436111989,48.2255674210824,17.9860546569828,86.902957964814
AA-AA-000-0000,kri0001,9.98629436111989,50.2921358628901,19.3080246757018,89.7094463343192
AA-AA-000-0000,kri0001,10.0362943611199,52.4472611709632,20.7032280396257,92.6200422617536
AA-AA-000-0000,kri0001,10.0862943611199,54.694738195936,22.1751154503739,95.638872035224
AA-AA-000-0000,kri0001,10.1362943611199,57.0385244058883,23.7272940815857,98.770231580789
AA-AA-000-0000,kri0001,10.1862943611199,59.4827468548493,25.3635343224888,102.018593579343
AA-AA-000-0000,kri0001,10.2362943611199,62.0317094499173,27.0877768252934,105.388614885279
AA-AA-000-0000,kri0001,10.2862943611199,64.6899005297914,28.9041398680412,108.885144259779
AA-AA-000-0000,kri0001,10.3362943611199,67.4620007680585,30.8169270452543,112.513230432167
AA-AA-000-0000,kri0001,10.3862943611199,70.352891415154,32.8306352994384,116.278130503286
AA-AA-000-0000,kri0001,10.4362943611199,73.3676628935073,34.9499633072016,120.185318705504
AA-AA-000-0000,kri0001,10.4862943611199,76.5116237610082,37.1798202344727,124.240495534547
AA-AA-000-0000,kri0001,10.5362943611199,79.7903100585768,39.5253348760247,128.449597269012
AA-AA-000-0000,kri0001,10.5862943611199,83.2094950582959,41.9918651952556,132.818805894111
AA-AA-000-0000,kri0001,10.6362943611199,86.7751994292735,44.5850082809396,137.354559446874
AA-AA-000-0000,kri0001,10.6862943611199,90.4937018391325,47.310610738443,142.063562800796
AA-AA-000-0000,kri0001,10.7362943611199,94.3715500097971,50.1747795337064,146.952798908679
AA-AA-000-0000,kri0001,10.7862943611199,98.4155722470446,53.183893309132,152.029540523213
AA-AA-000-0000,kri0001,10.8362943611199,102.632889464121,56.3446141913708,157.301362415693
AA-AA-000-0000,kri0001,10.8862943611199,107.030927720595,59.6639001119083,162.776154114114
AA-AA-000-0000,kri0001,10.9362943611199,111.617431298531,63.149017662266,168.462133182826
AA-AA-000-0000,kri0001,10.9862943611199,116.400476338999,66.8075555066064,174.367859066855
AA-AA-000-0000,kri0001,11.0362943611199,121.388485062945,70.6474383755302,180.502247524998
AA-AA-000-0000,kri0001,11.0862943611199,126.590240601445,74.6769416658905,186.87458567682
AA-AA-000-0000,kri0001,11.1362943611199,132.014902461482,78.9047066725434,193.494547689776
AA-AA-000-0000,kri0001,11.1862943611199,137.672022654452,83.3397564790725,200.372211133767
AA-AA-000-0000,kri0001,11.2362943611199,143.571562515815,87.9915125357029,207.51807403165
AA-AA-000-0000,kri0001,11.2862943611199,149.723910245507,92.8698119538525,214.943072635416
AA-AA-000-0000,kri0001,11.3362943611199,156.139899199991,97.9849255480223,222.658599959009
AA-AA-000-0000,kri0001,11.3862943611199,162.830826968167,103.347576657085,230.676525100126
AA-AA-000-0000,kri0001,11.4362943611199,169.808475264717,108.968960778381,239.009213384684
AA-AA-000-0000,kri0001,11.4862943611199,177.085130675932,114.860766049511,247.669547369088
AA-AA-000-0000,kri0001,11.5362943611199,184.673606294538,121.035194614178,256.670948736959
AA-AA-000-0000,kri0001,11.5862943611199,192.587264281613,127.504984910035,266.027401128514
AA-AA-000-0000,kri0001,11.6362943611199,200.840039395349,134.283434918108,275.753473942463
AA-AA-000-0000,kri0001,11.6862943611199,209.446463528047,141.384426415058,285.864347151959
AA-AA-000-0000,kri0001,11.7362943611199,218.421691294596,148.82245027136,296.375837177935
AA-AA-000-0000,kri0002,1.33629436111989,0.000263412859795552,0,1.61845361567322
AA-AA-000-0000,kri0002,1.38629436111989,0.000276936377655307,0,1.62779132598398
AA-AA-000-0000,kri0002,1.43629436111989,0.000291154187872107,0,1.63723103584882
AA-AA-000-0000,kri0002,1.48629436111989,0.000306101935156301,0,1.64677435525948
AA-AA-000-0000,kri0002,1.53629436111989,0.000321817094204363,0,1.65642292706194
AA-AA-000-0000,kri0002,1.58629436111989,0.000338339063649686,0,1.66617842777038
AA-AA-000-0000,kri0002,1.63629436111989,0.000355709264836791,0,1.67604256840455
AA-AA-000-0000,kri0002,1.68629436111989,0.000373971245666559,0,1.68601709535143
AA-AA-000-0000,kri0002,1.73629436111989,0.000393170789772841,0,1.6961037912519
AA-AA-000-0000,kri0002,1.78629436111989,0.000413356031304153,0,1.70630447591332
AA-AA-000-0000,kri0002,1.83629436111989,0.000434577575598224,0,1.71662100724873
AA-AA-000-0000,kri0002,1.88629436111989,0.000456888626051924,0,1.72705528224373
AA-AA-000-0000,kri0002,1.93629436111989,0.000480345117504649,0,1.73760923795181
AA-AA-000-0000,kri0002,1.98629436111989,0.000505005856469566,0,1.74828485251913
AA-AA-000-0000,kri0002,2.03629436111989,0.000530932668564267,0,1.75908414623976
AA-AA-000-0000,kri0002,2.08629436111989,0.000558190553510465,0,1.77000918264236
AA-AA-000-0000,kri0002,2.13629436111989,0.000586847848091316,0,1.78106206960939
AA-AA-000-0000,kri0002,2.18629436111989,0.000616976397474902,0,1.79224496052984
AA-AA-000-0000,kri0002,2.23629436111989,0.000648651735333407,0,1.80356005548679
AA-AA-000-0000,kri0002,2.28629436111989,0.000681953273209542,0,1.81500960248088
AA-AA-000-0000,kri0002,2.33629436111989,0.000716964499604964,0,1.8265958986908
AA-AA-000-0000,kri0002,2.38629436111989,0.000753773189289833,0,1.83832129177234
AA-AA-000-0000,kri0002,2.43629436111989,0.000792471623358228,0,1.85018818119705
AA-AA-000-0000,kri0002,2.48629436111989,0.000833156820581143,0,1.862199019632
AA-AA-000-0000,kri0002,2.53629436111989,0.000875930780637046,0,1.87435631436208
AA-AA-000-0000,kri0002,2.58629436111989,0.000920900739829806,0,1.88666262875617
AA-AA-000-0000,kri0002,2.63629436111989,0.000968179439935095,0,1.89912058377893
AA-AA-000-0000,kri0002,2.68629436111989,0.00101788541084924,0,1.9117328595495
AA-AA-000-0000,kri0002,2.73629436111989,0.0010701432677492,0,1.92450219694909
AA-AA-000-0000,kri0002,2.78629436111989,0.00112508402350856,0,1.93743139927883
AA-AA-000-0000,kri0002,2.83629436111989,0.00118284541715294,0,1.9505233339699
AA-AA-000-0000,kri0002,2.88629436111989,0.00124357225917809,0,1.96378093434766
AA-AA-000-0000,kri0002,2.93629436111989,0.00130741679459654,0,1.97720720145172
AA-AA-000-0000,kri0002,2.98629436111989,0.0013745390846229,0,1.99080520591395
AA-AA-000-0000,kri0002,3.03629436111989,0.00144510740795479,0,2.00457808989643
AA-AA-000-0000,kri0002,3.08629436111989,0.00151929868265531,0,2.01852906909156
AA-AA-000-0000,kri0002,3.13629436111989,0.00159729890969486,0,2.03266143478651
AA-AA-000-0000,kri0002,3.18629436111989,0.00167930363926422,0,2.04697855599435
AA-AA-000-0000,kri0002,3.23629436111989,0.00176551846102793,0,2.06148388165418
AA-AA-000-0000,kri0002,3.28629436111989,0.00185615951954713,0,2.07618094290288
AA-AA-000-0000,kri0002,3.33629436111989,0.00195145405616403,0,2.09107335542099
AA-AA-000-0000,kri0002,3.38629436111989,0.0020516409787065,0,2.10616482185546
AA-AA-000-0000,kri0002,3.43629436111989,0.00215697146044105,0,2.12145913432204
AA-AA-000-0000,kri0002,3.48629436111989,0.00226770956977595,0,2.13696017699022
AA-AA-000-0000,kri0002,3.53629436111989,0.00238413293229289,0,2.15267192875387
AA-AA-000-0000,kri0002,3.58629436111989,0.0025065334267673,0,2.16859846599051
AA-AA-000-0000,kri0002,3.63629436111989,0.00263521791692192,0,2.18474396541275
AA-AA-000-0000,kri0002,3.68629436111989,0.00277050902074844,0,2.20111270701512
AA-AA-000-0000,kri0002,3.73629436111989,0.00291274591932577,0,2.21770907711989
AA-AA-000-0000,kri0002,3.78629436111989,0.00306228520716276,0,2.23453757152568
AA-AA-000-0000,kri0002,3.83629436111989,0.00321950178619717,0,2.25160279876251
AA-AA-000-0000,kri0002,3.88629436111989,0.00338478980569229,0,2.26890948345748
AA-AA-000-0000,kri0002,3.93629436111989,0.00355856365038736,0,2.28646246981515
AA-AA-000-0000,kri0002,3.98629436111989,0.00374125897937943,0,2.30426672521692
AA-AA-000-0000,kri0002,4.03629436111989,0.00393333381834089,0,2.32232734394404
AA-AA-000-0000,kri0002,4.08629436111989,0.00413526970781111,0,2.34064955102882
AA-AA-000-0000,kri0002,4.13629436111989,0.00434757291044099,0,2.35923870623904
AA-AA-000-0000,kri0002,4.18629436111989,0.0045707756802168,0,2.37810030820055
AA-AA-000-0000,kri0002,4.23629436111989,0.00480543759684579,0,2.39723999866352
AA-AA-000-0000,kri0002,4.28629436111989,0.00505214696864837,0,2.41666356691763
AA-AA-000-0000,kri0002,4.33629436111989,0.00531152230747447,0,2.43637695436221
AA-AA-000-0000,kri0002,4.38629436111989,0.00558421387934143,0,2.45638625923716
AA-AA-000-0000,kri0002,4.43629436111989,0.00587090533468109,0,2.47669774152097
AA-AA-000-0000,kri0002,4.48629436111989,0.00617231542228317,0,2.49731782800232
AA-AA-000-0000,kri0002,4.53629436111989,0.00648919979123188,0,2.51825311753205
AA-AA-000-0000,kri0002,4.58629436111989,0.00682235288535324,0,2.53951038646259
AA-AA-000-0000,kri0002,4.63629436111989,0.00717260993492264,0,2.56109659428225
AA-AA-000-0000,kri0002,4.68629436111989,0.00754084905062591,0,2.58301888945195
AA-AA-000-0000,kri0002,4.73629436111989,0.00792799342502361,0,2.60528461545248
AA-AA-000-0000,kri0002,4.78629436111989,0.00833501364703761,0,2.6279013170507
AA-AA-000-0000,kri0002,4.83629436111989,0.0087629301352626,0,2.65087674679329
AA-AA-000-0000,kri0002,4.88629436111989,0.00921281569620291,0,2.67421887173708
AA-AA-000-0000,kri0002,4.93629436111989,0.00968579821384815,0,2.69793588042572
AA-AA-000-0000,kri0002,4.98629436111989,0.0101830634773308,0,2.72203619012218
AA-AA-000-0000,kri0002,5.03629436111989,0.0107058581537547,0,2.74652845430778
AA-AA-000-0000,kri0002,5.08629436111989,0.0112554929136471,0,2.77142157045816
AA-AA-000-0000,kri0002,5.13629436111989,0.0118333457168709,0,2.79672468810771
AA-AA-000-0000,kri0002,5.18629436111989,0.0124408652672337,0,2.82244721721399
AA-AA-000-0000,kri0002,5.23629436111989,0.0130795746444555,0,2.84859883683445
AA-AA-000-0000,kri0002,5.28629436111989,0.0137510751226007,0,2.8751895041282
AA-AA-000-0000,kri0002,5.33629436111989,0.0144570501845459,0,2.90222946369609
AA-AA-000-0000,kri0002,5.38629436111989,0.0151992697425501,0,2.92972925727316
AA-AA-000-0000,kri0002,5.43629436111989,0.0159795945755068,0,2.95769973378784
AA-AA-000-0000,kri0002,5.48629436111989,0.016799980994003,0,2.98615205980309
AA-AA-000-0000,kri0002,5.53629436111989,0.0176624857448807,0,3.01509773035543
AA-AA-000-0000,kri0002,5.58629436111989,0.0185692711675968,0,3.04454858020823
AA-AA-000-0000,kri0002,5.63629436111989,0.0195226106153085,0,3.0745167955367
AA-AA-000-0000,kri0002,5.68629436111989,0.020524894154275,0,3.10501492606249
AA-AA-000-0000,kri0002,5.73629436111989,0.0215786345558649,0,3.13605589765689
AA-AA-000-0000,kri0002,5.78629436111989,0.0226864735961907,0,3.16765302543226
AA-AA-000-0000,kri0002,5.83629436111989,0.0238511886791637,0,3.19982002734221
AA-AA-000-0000,kri0002,5.88629436111989,0.0250756997995753,0,3.23257103831225
AA-AA-000-0000,kri0002,5.93629436111989,0.0263630768636587,0,3.26592062492319
AA-AA-000-0000,kri0002,5.98629436111989,0.0277165473854871,0,3.29988380067092
AA-AA-000-0000,kri0002,6.03629436111989,0.0291395045785008,0,3.33447604182706
AA-AA-000-0000,kri0002,6.08629436111989,0.0306355158624511,0,3.3697133039263
AA-AA-000-0000,kri0002,6.13629436111989,0.0322083318070874,0,3.40561203890715
AA-AA-000-0000,kri0002,6.18629436111989,0.0338618955350091,0,3.44218921293423
AA-AA-000-0000,kri0002,6.23629436111989,0.0356003526072579,0,3.47946232493158
AA-AA-000-0000,kri0002,6.28629436111989,0.0374280614164311,0,3.51744942585755
AA-AA-000-0000,kri0002,6.33629436111989,0.0393496041133745,0,3.5561691387535
AA-AA-000-0000,kri0002,6.38629436111989,0.0413697980948473,0,3.59564067959992
AA-AA-000-0000,kri0002,6.43629436111989,0.0434937080809595,0,3.63588387901512
AA-AA-000-0000,kri0002,6.48629436111989,0.0457266588126601,0,3.67691920483328
AA-AA-000-0000,kri0002,6.53629436111989,0.0480742484011104,0,3.71876778560042
AA-AA-000-0000,kri0002,6.58629436111989,0.0505423623624079,0,3.76145143502841
AA-AA-000-0000,kri0002,6.63629436111989,0.0531371883728493,0,3.80499267744948
AA-AA-000-0000,kri0002,6.68629436111989,0.0558652317817215,0,3.84941477431502
AA-AA-000-0000,kri0002,6.73629436111989,0.0587333319205144,0,3.89474175178516
AA-AA-000-0000,kri0002,6.78629436111989,0.0617486792494432,0,3.94099842945728
AA-AA-000-0000,kri0002,6.83629436111989,0.064918833384265,0,3.98821045028424
AA-AA-000-0000,kri0002,6.88629436111989,0.0682517420485877,0,4.03640431173519
AA-AA-000-0000,kri0002,6.93629436111989,0.0717557609991806,0,4.0856073982546
AA-AA-000-0000,kri0002,6.98629436111989,0.0754396749742458,0,4.13584801507754
AA-AA-000-0000,kri0002,7.03629436111989,0.0793127197171646,0,4.18715542346216
AA-AA-000-0000,kri0002,7.08629436111989,0.083384605130934,0,4.23955987740308
AA-AA-000-0000,kri0002,7.13629436111989,0.087665539621346,0,4.2930926618925
AA-AA-000-0000,kri0002,7.18629436111989,0.0921662556899332,0,4.347786132799
AA-AA-000-0000,kri0002,7.23629436111989,0.0968980368408495,0,4.40367375843728
AA-AA-000-0000,kri0002,7.28629436111989,0.101872745869139,0,4.46079016290575
AA-AA-000-0000,kri0002,7.33629436111989,0.107102854601313,0,4.5191711712723
AA-AA-000-0000,kri0002,7.38629436111989,0.112601475162799,0,4.57885385669263
AA-AA-000-0000,kri0002,7.43629436111989,0.118382392850647,0,4.63987658954954
AA-AA-000-0000,kri0002,7.48629436111989,0.124460100693912,0,4.70227908870572
AA-AA-000-0000,kri0002,7.53629436111989,0.130849835788347,0,4.76610247496723
AA-AA-000-0000,kri0002,7.58629436111989,0.137567617496511,0,4.83138932685917
AA-AA-000-0000,kri0002,7.63629436111989,0.144630287609056,0,4.89818373882058
AA-AA-000-0000,kri0002,7.68629436111989,0.152055552567877,0,4.96653138192997
AA-AA-000-0000,kri0002,7.73629436111989,0.159862027856982,0,5.03647956727905
AA-AA-000-0000,kri0002,7.78629436111989,0.16806928467238,0,5.10807731211745
AA-AA-000-0000,kri0002,7.83629436111989,0.176697898987973,0,5.18137540889723
AA-AA-000-0000,kri0002,7.88629436111989,0.185769503140481,0,5.25642649735253
AA-AA-000-0000,kri0002,7.93629436111989,0.19530684006271,0,5.33328513975603
AA-AA-000-0000,kri0002,7.98629436111989,0.205333820301148,0,5.41200789950079
AA-AA-000-0000,kri0002,8.03629436111989,0.215875581960809,0,5.49265342316359
AA-AA-000-0000,kri0002,8.08629436111989,0.226958553727631,0,5.57528252621315
AA-AA-000-0000,kri0002,8.13629436111989,0.238610521126421,0,5.65995828253498
AA-AA-000-0000,kri0002,8.18629436111989,0.250860696180453,0,5.74674611795261
AA-AA-000-0000,kri0002,8.23629436111989,0.263739790647367,0,5.83571390793432
AA-AA-000-0000,kri0002,8.28629436111989,0.277280093014974,0,5.92693207968324
AA-AA-000-0000,kri0002,8.33629436111989,0.29151554944999,0,6.02047371881881
AA-AA-000-0000,kri0002,8.38629436111989,0.306481848902656,0,6.11641468086771
AA-AA-000-0000,kri0002,8.43629436111989,0.32221651258059,0,6.21483370779313
AA-AA-000-0000,kri0002,8.48629436111989,0.338758988016199,0,6.31581254980255
AA-AA-000-0000,kri0002,8.53629436111989,0.356150747963476,0,6.41943609268612
AA-AA-000-0000,kri0002,8.58629436111989,0.374435394372111,0,6.52579249095028
AA-AA-000-0000,kri0002,8.63629436111989,0.393658767699617,0,6.6349733070241
AA-AA-000-0000,kri0002,8.68629436111989,0.413869061835473,0,6.74707365682999
AA-AA-000-0000,kri0002,8.73629436111989,0.435116944925448,0,6.86219236202458
AA-AA-000-0000,kri0002,8.78629436111989,0.457455686398999,0,6.98043210923101
AA-AA-000-0000,kri0002,8.83629436111989,0.480941290518193,0,7.10189961659961
AA-AA-000-0000,kri0002,8.88629436111989,0.505632636783007,0,7.22670580805106
AA-AA-000-0000,kri0002,8.93629436111989,0.531591627544951,0,7.35496599557345
AA-AA-000-0000,kri0002,8.98629436111989,0.558883343199154,0,7.48680006996343
AA-AA-000-0000,kri0002,9.03629436111989,0.587576205343924,0,7.62233270042099
AA-AA-000-0000,kri0002,9.08629436111989,0.617742148316879,0,7.76169354342799
AA-AA-000-0000,kri0002,9.13629436111989,0.649456799537669,0,7.90501746136197
AA-AA-000-0000,kri0002,9.18629436111989,0.682799669109429,0,8.0524447513194
AA-AA-000-0000,kri0002,9.23629436111989,0.717854349154294,0,8.20412138464646
AA-AA-000-0000,kri0002,9.28629436111989,0.754708723382744,0,8.36019925770006
AA-AA-000-0000,kri0002,9.33629436111989,0.793455187422126,0,8.52083645438843
AA-AA-000-0000,kri0002,9.38629436111989,0.834190880456807,0,8.68619752106789
AA-AA-000-0000,kri0002,9.43629436111989,0.877017928760591,0,8.85645375440153
AA-AA-000-0000,kri0002,9.48629436111989,0.922043701732059,0,9.03178350281605
AA-AA-000-0000,kri0002,9.53629436111989,0.969381081074611,0,9.21237248222463
AA-AA-000-0000,kri0002,9.58629436111989,1.01914874379615,0,9.39841410671803
AA-AA-000-0000,kri0002,9.63629436111989,1.07147145973785,0,9.59010983496062
AA-AA-000-0000,kri0002,9.68629436111989,1.12648040437795,0,9.78766953306595
AA-AA-000-0000,kri0002,9.73629436111989,1.18431348769474,0,9.99131185476494
AA-AA-000-0000,kri0002,9.78629436111989,1.2451156999133,0,10.2012646397211
AA-AA-000-0000,kri0002,9.83629436111989,1.30903947500275,0,10.4177653308902
AA-AA-000-0000,kri0002,9.88629436111989,1.37624507283523,0,10.6410614118675
AA-AA-000-0000,kri0002,9.93629436111989,1.4469009809649,0,10.8714108652119
AA-AA-000-0000,kri0002,9.98629436111989,1.52118433703401,0,11.1090826527891
AA-AA-000-0000,kri0002,10.0362943611199,1.59928137286524,0,11.354357219225
AA-AA-000-0000,kri0002,10.0862943611199,1.68138788135349,0,11.6075270196188
AA-AA-000-0000,kri0002,10.1362943611199,1.76770970732777,0,11.8688970727224
AA-AA-000-0000,kri0002,10.1862943611199,1.85846326361376,0,12.1387855408521
AA-AA-000-0000,kri0002,10.2362943611199,1.9538760735908,0,12.4175243378667
AA-AA-000-0000,kri0002,10.2862943611199,2.05418734160354,0,12.705459766608
AA-AA-000-0000,kri0002,10.3362943611199,2.15964855265838,0,13.0029531872769
AA-AA-000-0000,kri0002,10.3862943611199,2.27052410290804,0,13.3103817182875
AA-AA-000-0000,kri0002,10.4362943611199,2.387091962505,0,13.6281389712222
AA-AA-000-0000,kri0002,10.4862943611199,2.50964437248556,0,13.9566358215943
AA-AA-000-0000,kri0002,10.5362943611199,2.63848857743169,0,14.2963012172084
AA-AA-000-0000,kri0002,10.5862943611199,2.77394759574746,0,14.6475830260007
AA-AA-000-0000,kri0002,10.6362943611199,2.91636102948123,0,15.0109489253401
AA-AA-000-0000,kri0002,10.6862943611199,3.06608591572366,0,15.3868873348643
AA-AA-000-0000,kri0002,10.7362943611199,3.22349762171636,0,15.7759083950394
AA-AA-000-0000,kri0002,10.7862943611199,3.38899078591493,0,16.1785449937343
AA-AA-000-0000,kri0002,10.8362943611199,3.56298030736592,0,16.5953538432248
AA-AA-000-0000,kri0002,10.8862943611199,3.74590238587803,0,17.0269166101581
AA-AA-000-0000,kri0002,10.9362943611199,3.9382156155952,0,17.4738411011446
AA-AA-000-0000,kri0002,10.9862943611199,4.14040213471354,0,17.9367625067713
AA-AA-000-0000,kri0002,11.0362943611199,4.35296883422406,0,18.4163447069812
AA-AA-000-0000,kri0002,11.0862943611199,4.57644862871198,0,18.9132816409058
AA-AA-000-0000,kri0002,11.1362943611199,4.81140179239835,0,19.4282987444008
AA-AA-000-0000,kri0002,11.1862943611199,5.05841736377349,0,19.9621544586958
AA-AA-000-0000,kri0002,11.2362943611199,5.31811462234386,0,20.5156418137444
AA-AA-000-0000,kri0002,11.2862943611199,5.59114464119455,0,21.0895900900458
AA-AA-000-0000,kri0002,11.3362943611199,5.87819191925969,0,21.6848665628947
AA-AA-000-0000,kri0002,11.3862943611199,6.17997609739313,0,22.3023783332264
AA-AA-000-0000,kri0002,11.4362943611199,6.49725376254138,0,22.9430742494276
AA-AA-000-0000,kri0002,11.4862943611199,6.8308203445423,0,23.6079469247125
AA-AA-000-0000,kri0002,11.5362943611199,7.18151211030459,0,24.2980348548941
AA-AA-000-0000,kri0002,11.5862943611199,7.55020826036777,0,25.0144246416298
AA-AA-000-0000,kri0002,11.6362943611199,7.93783313309875,0,25.7582533264752
AA-AA-000-0000,kri0002,11.6862943611199,8.34535852205103,0,26.530710841357
AA-AA-000-0000,kri0002,11.7362943611199,8.7738061122963,0,27.3330425813562
AA-AA-000-0000,kri0003,3.41573590279973,0.269398881152266,0,5.87411597957391
AA-AA-000-0000,kri0003,3.46573590279973,0.279254434782672,0,5.94004561798455
AA-AA-000-0000,kri0003,3.51573590279973,0.289470539046943,0,6.00717734460875
AA-AA-000-0000,kri0003,3.56573590279973,0.30006038414874,0,6.07553919618152
AA-AA-000-0000,kri0003,3.61573590279973,0.311037642835522,0,6.14515997059382
AA-AA-000-0000,kri0003,3.66573590279973,0.322416488051691,0,6.21606924978961
AA-AA-000-0000,kri0003,3.71573590279973,0.33421161123754,0,6.2882974234034
AA-AA-000-0000,kri0003,3.76573590279973,0.346438241297649,0,6.36187571316383
AA-AA-000-0000,kri0003,3.81573590279973,0.359112164263212,0,6.43683619808926
AA-AA-000-0000,kri0003,3.86573590279973,0.372249743673674,0,6.51321184050239
AA-AA-000-0000,kri0003,3.91573590279973,0.385867941704004,0,6.59103651289198
AA-AA-000-0000,kri0003,3.96573590279973,0.39998434106488,0,6.67034502565071
AA-AA-000-0000,kri0003,4.01573590279973,0.414617167704051,0,6.75117315571906
AA-AA-000-0000,kri0003,4.06573590279973,0.429785314338205,0,6.83355767616642
AA-AA-000-0000,kri0003,4.11573590279973,0.445508364845705,0,6.91753638674159
AA-AA-000-0000,kri0003,4.16573590279973,0.461806619551707,0,7.00314814542592
AA-AA-000-0000,kri0003,4.21573590279973,0.478701121438284,0,7.09043290102381
AA-AA-000-0000,kri0003,4.26573590279973,0.496213683313417,0,7.17943172682599
AA-AA-000-0000,kri0003,4.31573590279973,0.514366915973923,0,7.27018685538296
AA-AA-000-0000,kri0003,4.36573590279973,0.533184257398672,0,7.36274171442658
AA-AA-000-0000,kri0003,4.41573590279973,0.55269000300981,0,7.45714096397976
AA-AA-000-0000,kri0003,4.46573590279973,0.572909337041023,0,7.55343053469519
AA-AA-000-0000,kri0003,4.51573590279973,0.593868365053382,0,7.65165766746578
AA-AA-000-0000,kri0003,4.56573590279973,0.615594147640716,0,7.75187095435084
AA-AA-000-0000,kri0003,4.61573590279973,0.638114735368059,0,7.85412038086369
AA-AA-000-0000,kri0003,4.66573590279973,0.66145920498825,0,7.95845736966795
AA-AA-000-0000,kri0003,4.71573590279973,0.685657696983483,0,8.0649348257316
AA-AA-000-0000,kri0003,4.76573590279973,0.710741454480242,0,8.17360718298939
AA-AA-000-0000,kri0003,4.81573590279973,0.736742863587892,0,8.28453045256621
AA-AA-000-0000,kri0003,4.86573590279973,0.763695495212987,0,8.39776227261599
AA-AA-000-0000,kri0003,4.91573590279973,0.791634148403299,0,8.51336195983212
AA-AA-000-0000,kri0003,4.96573590279973,0.820594895277524,0,8.63139056268829
AA-AA-000-0000,kri0003,5.01573590279973,0.850615127598661,0,8.75191091646975
AA-AA-000-0000,kri0003,5.06573590279973,0.881733605051228,0,8.87498770015795
AA-AA-000-0000,kri0003,5.11573590279973,0.913990505284613,0,9.00068749523338
AA-AA-000-0000,kri0003,5.16573590279973,0.947427475787186,0,9.12907884646372
AA-AA-000-0000,kri0003,5.21573590279973,0.982087687658163,0,9.26023232474709
AA-AA-000-0000,kri0003,5.26573590279973,1.0180158913466,0,9.39422059208242
AA-AA-000-0000,kri0003,5.31573590279973,1.05525847442957,0,9.53111846874174
AA-AA-000-0000,kri0003,5.36573590279973,1.093863521504,0,9.67100300272172
AA-AA-000-0000,kri0003,5.41573590279973,1.13388087626961,0,9.81395354155474
AA-AA-000-0000,kri0003,5.46573590279973,1.17536220588305,0,9.96005180656249
AA-AA-000-0000,kri0003,5.51573590279973,1.21836106766631,0,10.1093819696381
AA-AA-000-0000,kri0003,5.56573590279973,1.26293297825564,0,10.2620307326463
AA-AA-000-0000,kri0003,5.61573590279973,1.30913548528006,0,10.4180874095332
AA-AA-000-0000,kri0003,5.66573590279973,1.3570282416622,0,10.5776440112424
AA-AA-000-0000,kri0003,5.71573590279973,1.40667308263731,0,10.7407953335362
AA-AA-000-0000,kri0003,5.76573590279973,1.45813410558991,0,10.9076390478233
AA-AA-000-0000,kri0003,5.81573590279973,1.51147775281109,0,11.078275795102
AA-AA-000-0000,kri0003,5.86573590279973,1.56677289728341,0,11.2528092831269
AA-AA-000-0000,kri0003,5.91573590279973,1.62409093160411,0,11.4313463869142
AA-AA-000-0000,kri0003,5.96573590279973,1.68350586016142,0,11.613997252704
AA-AA-000-0000,kri0003,6.01573590279973,1.74509439468301,0,11.8008754055018
AA-AA-000-0000,kri0003,6.06573590279973,1.80893605327995,0,11.9920978603269
AA-AA-000-0000,kri0003,6.11573590279973,1.87511326311402,0,12.1877852372982
AA-AA-000-0000,kri0003,6.16573590279973,1.94371146682096,0,12.388061880695
AA-AA-000-0000,kri0003,6.21573590279973,2.0148192328271,0,12.5930559821333
AA-AA-000-0000,kri0003,6.26573590279973,2.08852836970165,0,12.8028997080041
AA-AA-000-0000,kri0003,6.31573590279973,2.1649340446925,0,13.017729331326
AA-AA-000-0000,kri0003,6.36573590279973,2.24413490659846,0,13.2376853681674
AA-AA-000-0000,kri0003,6.41573590279973,2.32623321313652,0,13.4629127188042
AA-AA-000-0000,kri0003,6.46573590279973,2.41133496296874,0,13.6935608137785
AA-AA-000-0000,kri0003,6.51573590279973,2.4995500325591,0,13.9297837650356
AA-AA-000-0000,kri0003,6.56573590279973,2.59099231803706,0,14.1717405223184
AA-AA-000-0000,kri0003,6.61573590279973,2.68577988225101,0,14.419595035009
AA-AA-000-0000,kri0003,6.66573590279973,2.78403510720137,0,14.67351641961
AA-AA-000-0000,kri0003,6.71573590279973,2.88588485205035,0,14.9336791330682
AA-AA-000-0000,kri0003,6.76573590279973,2.99146061691214,0,15.2002631521496
AA-AA-000-0000,kri0003,6.81573590279973,3.10089871263519,0,15.4734541590807
AA-AA-000-0000,kri0003,6.86573590279973,3.21434043679574,0,15.7534437336822
AA-AA-000-0000,kri0003,6.91573590279973,3.33193225612968,0,16.0404295522259
AA-AA-000-0000,kri0003,6.96573590279973,3.4538259956386,0,16.3346155932563
AA-AA-000-0000,kri0003,7.01573590279973,3.5801790346138,0,16.6362123506262
AA-AA-000-0000,kri0003,7.06573590279973,3.71115450983172,0,16.9454370540044
AA-AA-000-0000,kri0003,7.11573590279973,3.84692152618283,0,17.2625138971236
AA-AA-000-0000,kri0003,7.16573590279973,3.98765537500617,0,17.5876742740471
AA-AA-000-0000,kri0003,7.21573590279973,4.13353776041126,0,17.9211570237391
AA-AA-000-0000,kri0003,7.26573590279973,4.28475703387965,0,18.26320868324
AA-AA-000-0000,kri0003,7.31573590279973,4.44150843744912,0,18.6140837497534
AA-AA-000-0000,kri0003,7.36573590279973,4.60399435579428,0,18.974044951965
AA-AA-000-0000,kri0003,7.41573590279973,4.7724245775292,0,19.3433635309258
AA-AA-000-0000,kri0003,7.46573590279973,4.94701656606952,0,19.7223195308432
AA-AA-000-0000,kri0003,7.51573590279973,5.1279957404034,0,20.1112021001345
AA-AA-000-0000,kri0003,7.56573590279973,5.3155957661343,0,20.5103098031149
AA-AA-000-0000,kri0003,7.61573590279973,5.510058857171,0,20.919950942699
AA-AA-000-0000,kri0003,7.66573590279973,5.71163608845449,0,21.3404438945145
AA-AA-000-0000,kri0003,7.71573590279973,5.92058772012557,0,21.7721174528385
AA-AA-000-0000,kri0003,7.76573590279973,6.13718353355156,0,22.2153111887798
AA-AA-000-0000,kri0003,7.81573590279973,6.36170317964607,0,22.6703758211521
AA-AA-000-0000,kri0003,7.86573590279973,6.5944365399316,0,23.1376736004911
AA-AA-000-0000,kri0003,7.91573590279973,6.83568410081094,0,23.6175787066918
AA-AA-000-0000,kri0003,7.96573590279973,7.08575734153083,0,24.1104776607561
AA-AA-000-0000,kri0003,8.01573590279973,7.34497913633864,0,24.616769751159
AA-AA-000-0000,kri0003,8.06573590279973,7.61368417135133,0,25.1368674753601
AA-AA-000-0000,kri0003,8.11573590279973,7.89221937667507,0,25.6711969970089
AA-AA-000-0000,kri0003,8.16573590279973,8.18094437433306,0,26.2201986194065
AA-AA-000-0000,kri0003,8.21573590279973,8.48023194258039,0,26.7843272758138
AA-AA-000-0000,kri0003,8.26573590279973,8.79046849720494,0,27.3640530372116
AA-AA-000-0000,kri0003,8.31573590279973,9.11205459043609,0,27.959861638144
AA-AA-000-0000,kri0003,8.36573590279973,9.44540542810523,0,28.5722550212984
AA-AA-000-0000,kri0003,8.41573590279973,9.7909514057257,0,29.2017519014967
AA-AA-000-0000,kri0003,8.46573590279973,10.1491386641846,0,29.848888349802
AA-AA-000-0000,kri0003,8.51573590279973,10.5204296657637,0,30.5142183984646
AA-AA-000-0000,kri0003,8.56573590279973,10.9053037912329,0,31.1983146674632
AA-AA-000-0000,kri0003,8.61573590279973,11.304257958788,0,31.9017690134192
AA-AA-000-0000,kri0003,8.66573590279973,11.7178072656309,0,32.6251932016955
AA-AA-000-0000,kri0003,8.71573590279973,12.1464856530215,0,33.3692196025165
AA-AA-000-0000,kri0003,8.76573590279973,12.5908465956591,0.0113380183328139,34.1345019119789
AA-AA-000-0000,kri0003,8.81573590279973,13.0514638162837,0.0927303816503738,34.9217158988534
AA-AA-000-0000,kri0003,8.86573590279973,13.5289320264207,0.196703026457334,35.7315601781109
AA-AA-000-0000,kri0003,8.91573590279973,14.0238676942238,0.31846806001659,36.5647570121402
AA-AA-000-0000,kri0003,8.96573590279973,14.5369098404087,0.456652683852145,37.4220531406593
AA-AA-000-0000,kri0003,9.01573590279973,15.0687208633043,0.610780100120769,38.3042206403589
AA-AA-000-0000,kri0003,9.06573590279973,15.6199873940884,0.780773394781421,39.2120578153562
AA-AA-000-0000,kri0003,9.11573590279973,16.1914211833093,0.966779330335428,40.1463901195725
AA-AA-000-0000,kri0003,9.16573590279973,16.7837600198408,1.16908876500152,41.1080711121926
AA-AA-000-0000,kri0003,9.21573590279973,17.3977686834548,1.38809534781414,42.097983447404
AA-AA-000-0000,kri0003,9.26573590279973,18.0342399322432,1.62427206028315,43.1170398996582
AA-AA-000-0000,kri0003,9.31573590279973,18.6939955261627,1.8781570625754,44.1661844257408
AA-AA-000-0000,kri0003,9.36573590279973,19.3778872880239,2.15034480816039,45.2463932649852
AA-AA-000-0000,kri0003,9.41573590279973,20.0867982032966,2.44148033977709,46.3586760790122
AA-AA-000-0000,kri0003,9.46573590279973,20.8216435601482,2.75225560948,47.5040771324292
AA-AA-000-0000,kri0003,9.51573590279973,21.5833721311895,3.08340714445315,48.6836765159733
AA-AA-000-0000,kri0003,9.56573590279973,22.3729673984532,3.43571464257817,49.8985914136385
AA-AA-000-0000,kri0003,9.61573590279973,23.1914488231855,3.81000023285406,51.1499774153826
AA-AA-000-0000,kri0003,9.66573590279973,24.0398731620918,4.20712822660313,52.4390298770657
AA-AA-000-0000,kri0003,9.71573590279973,24.9193358317354,4.62800524202182,53.7669853293361
AA-AA-000-0000,kri0003,9.76573590279973,25.8309723228498,5.07358062105719,55.1351229372387
AA-AA-000-0000,kri0003,9.81573590279973,26.7759596663922,5.54484708167324,56.5447660123867
AA-AA-000-0000,kri0003,9.86573590279973,27.7555179532308,6.04284156488755,57.9972835796053
AA-AA-000-0000,kri0003,9.91573590279973,28.770911909426,6.56864624725957,59.4940920000238
AA-AA-000-0000,kri0003,9.96573590279973,29.823452529143,7.12338969749373,61.0366566526663
AA-AA-000-0000,kri0003,10.0157359027997,30.9144987672998,7.70824816156374,62.6264936766658
AA-AA-000-0000,kri0003,10.0657359027997,32.0454592941405,8.32444696496614,64.2651717763017
AA-AA-000-0000,kri0003,10.1157359027997,33.217794313995,8.97326202383494,65.9543140911438
AA-AA-000-0000,kri0003,10.1657359027997,34.4330174505764,9.65602145900768,67.695600133668
AA-AA-000-0000,kri0003,10.2157359027997,35.6926977012493,10.3741073089405,69.4907677967939
AA-AA-000-0000,kri0003,10.2657359027997,36.9984614627912,11.1289573387734,71.3416154338853
AA-AA-000-0000,kri0003,10.3157359027997,38.351994631264,11.9220669439578,73.2500040138473
AA-AA-000-0000,kri0003,10.3657359027997,39.7550447787064,12.7549911477435,75.2178593540495
AA-AA-000-0000,kri0003,10.4157359027997,41.2094234094561,13.6293466925449,77.2471744339012
AA-AA-000-0000,kri0003,10.4657359027997,42.717008299018,14.5468142258054,79.3400117920155
AA-AA-000-0000,kri0003,10.5157359027997,44.2797459184944,15.5091405814728,81.4985060099954
AA-AA-000-0000,kri0003,10.5657359027997,45.8996539477108,16.5181411586337,83.7248662859962
AA-AA-000-0000,kri0003,10.6157359027997,47.5788238802804,17.5757023992194,86.021379101326
AA-AA-000-0000,kri0003,10.6657359027997,49.3194237239699,18.6837843670255,88.3904109834675
AA-AA-000-0000,kri0003,10.7157359027997,51.1237007998558,19.8444234305831,90.834411369031
AA-AA-000-0000,kri0003,10.7657359027997,52.9939846438821,21.0597350526832,93.3559155702688
AA-AA-000-0000,kri0003,10.8157359027997,54.9326900145681,22.3319166896093,95.9575478489229
AA-AA-000-0000,kri0003,10.8657359027997,56.9423200107487,23.6632508033646,98.6420246013081
AA-AA-000-0000,kri0003,10.9157359027997,59.0254693033714,25.0561079904016,101.412157658678
AA-AA-000-0000,kri0003,10.9657359027997,61.1848274855254,26.5129502305813,104.270857707069
AA-AA-000-0000,kri0003,11.0157359027997,63.4231825450253,28.0363342602946,107.221137830974
AA-AA-000-0000,kri0003,11.0657359027997,65.743424464034,29.6289150738877,110.266117185342
AA-AA-000-0000,kri0003,11.1157359027997,68.1485489503739,31.2934495577366,113.409024800589
AA-AA-000-0000,kri0003,11.1657359027997,70.6416613053401,33.032800261522,116.653203525448
AA-AA-000-0000,kri0003,11.2157359027997,73.2259804330142,34.8499393114615,120.00211411269
AA-AA-000-0000,kri0003,11.2657359027997,75.904842996251,36.7479524704634,123.4593394529
AA-AA-000-0000,kri0003,11.3157359027997,78.6817077247065,38.730043350378,127.028588961715
AA-AA-000-0000,kri0003,11.3657359027997,81.5601598804693,40.7995377817399,130.713703126109
AA-AA-000-0000,kri0003,11.4157359027997,84.5439158870585,42.9598883466081,134.518658215502
AA-AA-000-0000,kri0003,11.4657359027997,87.6368281277688,45.2146790803457,138.447571163723
AA-AA-000-0000,kri0003,11.5157359027997,90.8428899195538,47.5676303483995,142.504704628017
AA-AA-000-0000,kri0003,11.5657359027997,94.1662406688736,50.0226039043896,146.694472231579
AA-AA-000-0000,kri0003,11.6157359027997,97.6111712161587,52.5836081360532,151.021443996271
AA-AA-000-0000,kri0003,11.6657359027997,101.182129375795,55.2548035058431,155.490351972468
AA-AA-000-0000,kri0003,11.7157359027997,104.883725678782,58.0405081932424,160.106096073212
AA-AA-000-0000,kri0003,11.7657359027997,108.720739325471,60.9452039461178,164.873750120112
AA-AA-000-0000,kri0003,11.8157359027997,112.698124356086,63.9735421487199,169.798568108712
AA-AA-000-0000,kri0003,11.8657359027997,116.821016046976,67.1303501142149,174.885990701321
AA-AA-000-0000,kri0003,11.9157359027997,121.094737540863,70.420637609936,180.1416519556
AA-AA-000-0000,kri0003,11.9657359027997,125.524806719656,73.8496036238438,185.57138629749
AA-AA-000-0000,kri0003,12.0157359027997,130.116943328689,77.4226433809997,191.181235747392
AA-AA-000-0000,kri0004,3.41573590279973,0.0309911087370469,0,3.37792893212891
AA-AA-000-0000,kri0004,3.46573590279973,0.0321380645016965,0,3.4040319724768
AA-AA-000-0000,kri0004,3.51573590279973,0.0333274681676853,0,3.4304920663823
AA-AA-000-0000,kri0004,3.56573590279973,0.0345608906973674,0,3.45731586853662
AA-AA-000-0000,kri0004,3.61573590279973,0.0358399611931379,0,3.48451018514104
AA-AA-000-0000,kri0004,3.66573590279973,0.0371663690491482,0,3.51208197787446
AA-AA-000-0000,kri0004,3.71573590279973,0.0385418661826553,0,3.54003836797617
AA-AA-000-0000,kri0004,3.76573590279973,0.0399682693479511,0,3.56838664044725
AA-AA-000-0000,kri0004,3.81573590279973,0.0414474625359283,0,3.59713424837458
AA-AA-000-0000,kri0004,3.86573590279973,0.0429813994624524,0,3.6262888173811
AA-AA-000-0000,kri0004,3.91573590279973,0.0445721061488265,0,3.65585815020639
AA-AA-000-0000,kri0004,3.96573590279973,0.0462216835977565,0,3.68585023142175
AA-AA-000-0000,kri0004,4.01573590279973,0.0479323105683522,0,3.71627323228392
AA-AA-000-0000,kri0004,4.06573590279973,0.0497062464538285,0,3.74713551573193
AA-AA-000-0000,kri0004,4.11573590279973,0.0515458342657083,0,3.77844564153157
AA-AA-000-0000,kri0004,4.16573590279973,0.0534535037284679,0,3.81021237157226
AA-AA-000-0000,kri0004,4.21573590279973,0.0554317744887133,0,3.84244467532104
AA-AA-000-0000,kri0004,4.26573590279973,0.0574832594431249,0,3.87515173543886
AA-AA-000-0000,kri0004,4.31573590279973,0.0596106681895673,0,3.90834295356429
AA-AA-000-0000,kri0004,4.36573590279973,0.0618168106059213,0,3.94202795626995
AA-AA-000-0000,kri0004,4.41573590279973,0.0641046005613661,0,3.9762166011974
AA-AA-000-0000,kri0004,4.46573590279973,0.0664770597650128,0,4.01091898337601
AA-AA-000-0000,kri0004,4.51573590279973,0.0689373217569721,0,4.04614544173189
AA-AA-000-0000,kri0004,4.56573590279973,0.07148863604713,0,4.08190656579297
AA-AA-000-0000,kri0004,4.61573590279973,0.0741343724070937,0,4.11821320259662
AA-AA-000-0000,kri0004,4.66573590279973,0.0768780253209809,0,4.15507646380624
AA-AA-000-0000,kri0004,4.71573590279973,0.0797232186009287,0,4.19250773304381
AA-AA-000-0000,kri0004,4.76573590279973,0.082673710173418,0,4.23051867344523
AA-AA-000-0000,kri0004,4.81573590279973,0.0857333970427368,0,4.26912123544583
AA-AA-000-0000,kri0004,4.86573590279973,0.0889063204381367,0,4.30832766480353
AA-AA-000-0000,kri0004,4.91573590279973,0.092196671151482,0,4.34815051086737
AA-AA-000-0000,kri0004,4.96573590279973,0.0956087950724403,0,4.38860263509949
AA-AA-000-0000,kri0004,5.01573590279973,0.099147198928526,0,4.42969721985892
AA-AA-000-0000,kri0004,5.06573590279973,0.102816556237579,0,4.47144777745565
AA-AA-000-0000,kri0004,5.11573590279973,0.106621713480538,0,4.51386815948397
AA-AA-000-0000,kri0004,5.16573590279973,0.110567696502666,0,4.5569725664443
AA-AA-000-0000,kri0004,5.21573590279973,0.114659717151678,0,4.60077555766292
AA-AA-000-0000,kri0004,5.26573590279973,0.118903180161538,0,4.64529206151959
AA-AA-000-0000,kri0004,5.31573590279973,0.123303690291026,0,4.69053738599316
AA-AA-000-0000,kri0004,5.36573590279973,0.127867059726493,0,4.73652722953573
AA-AA-000-0000,kri0004,5.41573590279973,0.132599315758584,0,4.78327769228628
AA-AA-000-0000,kri0004,5.46573590279973,0.137506708743079,0,4.83080528763515
AA-AA-000-0000,kri0004,5.51573590279973,0.142595720356347,0,4.87912695415086
AA-AA-000-0000,kri0004,5.56573590279973,0.147873072156335,0,4.9282600678816
AA-AA-000-0000,kri0004,5.61573590279973,0.153345734460391,0,4.97822245504374
AA-AA-000-0000,kri0004,5.66573590279973,0.159020935551649,0,5.02903240511032
AA-AA-000-0000,kri0004,5.71573590279973,0.164906171226128,0,5.08070868431314
AA-AA-000-0000,kri0004,5.76573590279973,0.171009214693173,0,5.13327054957202
AA-AA-000-0000,kri0004,5.81573590279973,0.177338126842291,0,5.18673776286579
AA-AA-000-0000,kri0004,5.86573590279973,0.183901266889965,0,5.24113060605993
AA-AA-000-0000,kri0004,5.91573590279973,0.190707303420489,0,5.29646989620602
AA-AA-000-0000,kri0004,5.96573590279973,0.197765225835425,0,5.35277700132926
AA-AA-000-0000,kri0004,6.01573590279973,0.205084356226782,0,5.41007385672021
AA-AA-000-0000,kri0004,6.06573590279973,0.212674361689626,0,5.46838298174817
AA-AA-000-0000,kri0004,6.11573590279973,0.220545267090358,0,5.52772749721358
AA-AA-000-0000,kri0004,6.16573590279973,0.228707468307544,0,5.58813114325799
AA-AA-000-0000,kri0004,6.21573590279973,0.237171745962772,0,5.64961829785041
AA-AA-000-0000,kri0004,6.26573590279973,0.245949279659682,0,5.71221399586975
AA-AA-000-0000,kri0004,6.31573590279973,0.255051662749961,0,5.77594394880357
AA-AA-000-0000,kri0004,6.36573590279973,0.264490917645828,0,5.8408345650843
AA-AA-000-0000,kri0004,6.41573590279973,0.274279511699216,0,5.90691297108469
AA-AA-000-0000,kri0004,6.46573590279973,0.284430373668624,0,5.97420703279501
AA-AA-000-0000,kri0004,6.51573590279973,0.294956910795407,0,6.04274537820533
AA-AA-000-0000,kri0004,6.56573590279973,0.305873026512029,0,6.11255742041731
AA-AA-000-0000,kri0004,6.61573590279973,0.317193138805702,0,6.18367338151023
AA-AA-000-0000,kri0004,6.66573590279973,0.328932199261632,0,6.25612431718744
AA-AA-000-0000,kri0004,6.71573590279973,0.341105712811052,0,6.32994214223009
AA-AA-000-0000,kri0004,6.76573590279973,0.353729758210108,0,6.40515965678588
AA-AA-000-0000,kri0004,6.81573590279973,0.36682100927665,0,6.48181057352175
AA-AA-000-0000,kri0004,6.86573590279973,0.380396756912987,0,6.55992954567035
AA-AA-000-0000,kri0004,6.91573590279973,0.394474931943679,0,6.63955219600123
AA-AA-000-0000,kri0004,6.96573590279973,0.409074128798541,0,6.72071514674881
AA-AA-000-0000,kri0004,7.01573590279973,0.424213630072131,0,6.80345605053023
AA-AA-000-0000,kri0004,7.06573590279973,0.439913431992174,0,6.88781362228759
AA-AA-000-0000,kri0004,7.11573590279973,0.456194270830543,0,6.97382767229018
AA-AA-000-0000,kri0004,7.16573590279973,0.473077650291689,0,7.0615391402334
AA-AA-000-0000,kri0004,7.21573590279973,0.490585869914704,0,7.15099013047293
AA-AA-000-0000,kri0004,7.26573590279973,0.508742054526508,0,7.24222394843337
AA-AA-000-0000,kri0004,7.31573590279973,0.527570184785085,0,7.33528513823273
AA-AA-000-0000,kri0004,7.36573590279973,0.547095128853097,0,7.43021952156493
AA-AA-000-0000,kri0004,7.41573590279973,0.567342675243706,0,7.52707423788459
AA-AA-000-0000,kri0004,7.46573590279973,0.588339566882004,0,7.62589778593964
AA-AA-000-0000,kri0004,7.51573590279973,0.610113536427022,0,7.72674006669889
AA-AA-000-0000,kri0004,7.56573590279973,0.632693342900973,0,7.82965242772372
AA-AA-000-0000,kri0004,7.61573590279973,0.656108809674133,0,7.93468770903456
AA-AA-000-0000,kri0004,7.66573590279973,0.680390863855485,0,8.04190029052455
AA-AA-000-0000,kri0004,7.71573590279973,0.705571577141199,0,8.15134614097514
AA-AA-000-0000,kri0004,7.76573590279973,0.731684208174874,0,8.26308286872983
AA-AA-000-0000,kri0004,7.81573590279973,0.758763246475496,0,8.37716977408461
AA-AA-000-0000,kri0004,7.86573590279973,0.78684445799114,0,8.49366790345573
AA-AA-000-0000,kri0004,7.91573590279973,0.815964932338567,0,8.61264010538749
AA-AA-000-0000,kri0004,7.96573590279973,0.846163131791139,0,8.73415108846516
AA-AA-000-0000,kri0004,8.01573590279973,0.877478942079708,0,8.85826748120054
AA-AA-000-0000,kri0004,8.06573590279973,0.90995372507364,0,8.98505789395984
AA-AA-000-0000,kri0004,8.11573590279973,0.94363037341149,0,9.11459298300639
AA-AA-000-0000,kri0004,8.16573590279973,0.978553367153529,0,9.24694551673326
AA-AA-000-0000,kri0004,8.21573590279973,1.01476883253094,0,9.3821904441634
AA-AA-000-0000,kri0004,8.26573590279973,1.05232460286925,0,9.52040496579795
AA-AA-000-0000,kri0004,8.31573590279973,1.09127028176652,0,9.66166860689628
AA-AA-000-0000,kri0004,8.36573590279973,1.1316573086097,0,9.80606329327417
AA-AA-000-0000,kri0004,8.41573590279973,1.17353902651565,0,9.95367342970991
AA-AA-000-0000,kri0004,8.46573590279973,1.21697075278669,0,10.1045859810513
AA-AA-000-0000,kri0004,8.51573590279973,1.26200985197355,0,10.2588905561196
AA-AA-000-0000,kri0004,8.56573590279973,1.30871581164241,0,10.4166794945109
AA-AA-000-0000,kri0004,8.61573590279973,1.35715032094594,0,10.5780479563976
AA-AA-000-0000,kri0004,8.66573590279973,1.40737735210227,0,10.7430940154375
AA-AA-000-0000,kri0004,8.71573590279973,1.45946324488937,0,10.9119187549024
AA-AA-000-0000,kri0004,8.76573590279973,1.51347679426649,0,11.0846263671402
AA-AA-000-0000,kri0004,8.81573590279973,1.56948934123846,0,11.2613242564904
AA-AA-000-0000,kri0004,8.86573590279973,1.62757486708277,0,11.4421231457775
AA-AA-000-0000,kri0004,8.91573590279973,1.68781009106389,0,11.6271371865092
AA-AA-000-0000,kri0004,8.96573590279973,1.75027457176397,0,11.8164840729132
AA-AA-000-0000,kri0004,9.01573590279973,1.81505081216368,0,12.0102851599507
AA-AA-000-0000,kri0004,9.06573590279973,1.88222436861197,0,12.2086655854483
AA-AA-000-0000,kri0004,9.11573590279973,1.9518839638288,0,12.4117543964977
AA-AA-000-0000,kri0004,9.16573590279973,2.02412160408993,0,12.6196846802753
AA-AA-000-0000,kri0004,9.21573590279973,2.09903270074868,0,12.8325936994424
AA-AA-000-0000,kri0004,9.26573590279973,2.17671619625505,0,13.0506230322885
AA-AA-000-0000,kri0004,9.31573590279973,2.25727469483876,0,13.2739187177919
AA-AA-000-0000,kri0004,9.36573590279973,2.34081459802874,0,13.5026314057712
AA-AA-000-0000,kri0004,9.41573590279973,2.42744624518809,0,13.7369165123139
AA-AA-000-0000,kri0004,9.46573590279973,2.51728405925014,0,13.9769343806715
AA-AA-000-0000,kri0004,9.51573590279973,2.61044669784803,0,14.2228504478182
AA-AA-000-0000,kri0004,9.56573590279973,2.70705721003755,0,14.4748354168782
AA-AA-000-0000,kri0004,9.61573590279973,2.80724319882011,0,14.7330654356335
AA-AA-000-0000,kri0004,9.66573590279973,2.91113698968055,0,14.9977222813316
AA-AA-000-0000,kri0004,9.71573590279973,3.01887580536247,0,15.2689935520213
AA-AA-000-0000,kri0004,9.76573590279973,3.13060194711172,0,15.547072864653
AA-AA-000-0000,kri0004,9.81573590279973,3.24646298262771,0,15.8321600601876
AA-AA-000-0000,kri0004,9.86573590279973,3.36661194097057,0,16.124461415968
AA-AA-000-0000,kri0004,9.91573590279973,3.49120751468163,0,16.4241898656171
AA-AA-000-0000,kri0004,9.96573590279973,3.62041426938433,0,16.7315652267338
AA-AA-000-0000,kri0004,10.0157359027997,3.75440286114214,0,17.0468144366702
AA-AA-000-0000,kri0004,10.0657359027997,3.89335026186085,0,17.3701717966834
AA-AA-000-0000,kri0004,10.1157359027997,4.03743999303279,0,17.7018792247652
AA-AA-000-0000,kri0004,10.1657359027997,4.18686236813163,0,18.0421865174652
AA-AA-000-0000,kri0004,10.2157359027997,4.34181474397814,0,18.3913516210328
AA-AA-000-0000,kri0004,10.2657359027997,4.50250178140876,0,18.749640912218
AA-AA-000-0000,kri0004,10.3157359027997,4.66913571559127,0,19.1173294890805
AA-AA-000-0000,kri0004,10.3657359027997,4.84193663634461,0,19.4947014721717
AA-AA-000-0000,kri0004,10.4157359027997,5.02113277883321,0,19.8820503164665
AA-AA-000-0000,kri0004,10.4657359027997,5.20696082501955,0,20.2796791344358
AA-AA-000-0000,kri0004,10.5157359027997,5.39966621627332,0,20.6879010306645
AA-AA-000-0000,kri0004,10.5657359027997,5.59950347754997,0,21.1070394484365
AA-AA-000-0000,kri0004,10.6157359027997,5.80673655356684,0,21.5374285287205
AA-AA-000-0000,kri0004,10.6657359027997,6.02163915742088,0,21.9794134820094
AA-AA-000-0000,kri0004,10.7157359027997,6.24449513210847,0,22.4333509734814
AA-AA-000-0000,kri0004,10.7657359027997,6.47559882542476,0,22.8996095219673
AA-AA-000-0000,kri0004,10.8157359027997,6.71525547873773,0,23.3785699132281
AA-AA-000-0000,kri0004,10.8657359027997,6.9637816301505,0,23.8706256280635
AA-AA-000-0000,kri0004,10.9157359027997,7.2215055325843,0,24.3761832857935
AA-AA-000-0000,kri0004,10.9657359027997,7.48876758733439,0,24.8956631036724
AA-AA-000-0000,kri0004,11.0157359027997,7.7659207936715,0,25.429499372817
AA-AA-000-0000,kri0004,11.0657359027997,8.05333121508265,0,25.9781409512521
AA-AA-000-0000,kri0004,11.1157359027997,8.35137846276727,0,26.542051774697
AA-AA-000-0000,kri0004,11.1657359027997,8.66045619702693,0,27.1217113857413
AA-AA-000-0000,kri0004,11.2157359027997,8.98097264721129,0,27.7176154820823
AA-AA-000-0000,kri0004,11.2657359027997,9.31335115090664,0,28.3302764845185
AA-AA-000-0000,kri0004,11.3157359027997,9.65803071307953,0,28.960224125422
AA-AA-000-0000,kri0004,11.3657359027997,10.0154665859139,0,29.6080060584388
AA-AA-000-0000,kri0004,11.4157359027997,10.386130870107,0,30.2741884901913
AA-AA-000-0000,kri0004,11.4657359027997,10.7705131384198,0,30.9593568347887
AA-AA-000-0000,kri0004,11.5157359027997,11.1691210823033,0,31.6641163919782
AA-AA-000-0000,kri0004,11.5657359027997,11.5824811824569,0,32.3890930498028
AA-AA-000-0000,kri0004,11.6157359027997,12.0111394042031,0,33.134934012661
AA-AA-000-0000,kri0004,11.6657359027997,12.4556619185974,0,33.9023085556989
AA-AA-000-0000,kri0004,11.7157359027997,12.9166358502265,0.0664511777566538,34.6919088064975
AA-AA-000-0000,kri0004,11.7657359027997,13.3946700526811,0.16596046426332,35.5044505550538
AA-AA-000-0000,kri0004,11.8157359027997,13.8903959127287,0.28442218107649,36.340674093094
AA-AA-000-0000,kri0004,11.8657359027997,14.4044681842485,0.419929789485246,37.2013450837891
AA-AA-000-0000,kri0004,11.9157359027997,14.9375658530287,0.571821743822349,38.0872554629898
AA-AA-000-0000,kri0004,11.9657359027997,15.4903930335705,0.739938331862344,38.9992243731328
AA-AA-000-0000,kri0004,12.0157359027997,16.0636798990805,0.924385859315382,39.9380991310166
