StudyID,MetricID,param,value,SnapshotDate,SnapshotDate
AA-AA-000-0000,qtl0004,LowCI,0.000105665605959966,2003-12-01,2003-12-01
AA-AA-000-0000,qtl0004,UpCI,0.00149739932873481,2003-12-01,2003-12-01
AA-AA-000-0000,qtl0004,Score,0.000105665605959966,2003-12-01,2003-12-01
AA-AA-000-0000,qtl0006,LowCI,0,2003-12-01,2003-12-01
AA-AA-000-0000,qtl0006,UpCI,0.4592581264399,2003-12-01,2003-12-01
AA-AA-000-0000,qtl0006,Score,0,2003-12-01,2003-12-01
AA-AA-000-0000,qtl0004,LowCI,3.82155860705171e-05,2004-03-01,2004-03-01
AA-AA-000-0000,qtl0004,UpCI,0.00054155741983707,2004-03-01,2004-03-01
AA-AA-000-0000,qtl0004,Score,3.82155860705171e-05,2004-03-01,2004-03-01
AA-AA-000-0000,qtl0006,LowCI,0.00133162880417942,2004-03-01,2004-03-01
AA-AA-000-0000,qtl0006,UpCI,0.260280654195214,2004-03-01,2004-03-01
AA-AA-000-0000,qtl0006,Score,0.00133162880417942,2004-03-01,2004-03-01
AA-AA-000-0000,qtl0004,LowCI,0.000188198473570347,2004-06-01,2004-06-01
AA-AA-000-0000,qtl0004,UpCI,0.000636221356972621,2004-06-01,2004-06-01
AA-AA-000-0000,qtl0004,Score,0.000188198473570347,2004-06-01,2004-06-01
AA-AA-000-0000,qtl0006,LowCI,0.000632744932049419,2004-06-01,2004-06-01
AA-AA-000-0000,qtl0006,UpCI,0.131585858482766,2004-06-01,2004-06-01
AA-AA-000-0000,qtl0006,Score,0.000632744932049419,2004-06-01,2004-06-01
AA-AA-000-0000,qtl0004,LowCI,0.00014602195242605,2004-09-01,2004-09-01
AA-AA-000-0000,qtl0004,UpCI,0.000430309577894838,2004-09-01,2004-09-01
AA-AA-000-0000,qtl0004,Score,0.00014602195242605,2004-09-01,2004-09-01
AA-AA-000-0000,qtl0006,LowCI,0.00324593092896603,2004-09-01,2004-09-01
AA-AA-000-0000,qtl0006,UpCI,0.0930315322207255,2004-09-01,2004-09-01
AA-AA-000-0000,qtl0006,Score,0.00324593092896603,2004-09-01,2004-09-01
AA-AA-000-0000,qtl0004,LowCI,0.00021358413174231,2004-12-01,2004-12-01
AA-AA-000-0000,qtl0004,UpCI,0.000515991206889411,2004-12-01,2004-12-01
AA-AA-000-0000,qtl0004,Score,0.00021358413174231,2004-12-01,2004-12-01
AA-AA-000-0000,qtl0006,LowCI,0.00725245642830306,2004-12-01,2004-12-01
AA-AA-000-0000,qtl0006,UpCI,0.0985761639885322,2004-12-01,2004-12-01
AA-AA-000-0000,qtl0006,Score,0.00725245642830306,2004-12-01,2004-12-01
AA-AA-000-0000,qtl0004,LowCI,0.000213819888294843,2005-03-01,2005-03-01
AA-AA-000-0000,qtl0004,UpCI,0.000487741118053662,2005-03-01,2005-03-01
AA-AA-000-0000,qtl0004,Score,0.000213819888294843,2005-03-01,2005-03-01
AA-AA-000-0000,qtl0006,LowCI,0.0062299715383064,2005-03-01,2005-03-01
AA-AA-000-0000,qtl0006,UpCI,0.08517605297428,2005-03-01,2005-03-01
AA-AA-000-0000,qtl0006,Score,0.0062299715383064,2005-03-01,2005-03-01
AA-AA-000-0000,qtl0004,LowCI,0.000194355543811586,2005-06-01,2005-06-01
AA-AA-000-0000,qtl0004,UpCI,0.000416784291232641,2005-06-01,2005-06-01
AA-AA-000-0000,qtl0004,Score,0.000194355543811586,2005-06-01,2005-06-01
AA-AA-000-0000,qtl0006,LowCI,0.00478453632438639,2005-06-01,2005-06-01
AA-AA-000-0000,qtl0006,UpCI,0.0659589749998664,2005-06-01,2005-06-01
AA-AA-000-0000,qtl0006,Score,0.00478453632438639,2005-06-01,2005-06-01
AA-AA-000-0000,qtl0004,LowCI,0.000207564453566298,2005-09-01,2005-09-01
AA-AA-000-0000,qtl0004,UpCI,0.000406339145422124,2005-09-01,2005-09-01
AA-AA-000-0000,qtl0004,Score,0.000207564453566298,2005-09-01,2005-09-01
AA-AA-000-0000,qtl0006,LowCI,0.00979151854400054,2005-09-01,2005-09-01
AA-AA-000-0000,qtl0006,UpCI,0.0684843673677633,2005-09-01,2005-09-01
AA-AA-000-0000,qtl0006,Score,0.00979151854400054,2005-09-01,2005-09-01
AA-AA-000-0000,qtl0004,LowCI,0.000257736977653611,2005-12-01,2005-12-01
AA-AA-000-0000,qtl0004,UpCI,0.00046346409873669,2005-12-01,2005-12-01
AA-AA-000-0000,qtl0004,Score,0.000257736977653611,2005-12-01,2005-12-01
AA-AA-000-0000,qtl0006,LowCI,0.0190595989786866,2005-12-01,2005-12-01
AA-AA-000-0000,qtl0006,UpCI,0.0843179875655525,2005-12-01,2005-12-01
AA-AA-000-0000,qtl0006,Score,0.0190595989786866,2005-12-01,2005-12-01
AA-AA-000-0000,qtl0004,LowCI,0.000272408049883458,2006-03-01,2006-03-01
AA-AA-000-0000,qtl0004,UpCI,0.000473134788230507,2006-03-01,2006-03-01
AA-AA-000-0000,qtl0004,Score,0.000272408049883458,2006-03-01,2006-03-01
AA-AA-000-0000,qtl0006,LowCI,0.0246072740843579,2006-03-01,2006-03-01
AA-AA-000-0000,qtl0006,UpCI,0.0913688329910477,2006-03-01,2006-03-01
AA-AA-000-0000,qtl0006,Score,0.0246072740843579,2006-03-01,2006-03-01
AA-AA-000-0000,qtl0004,LowCI,0.000280573131309223,2006-06-01,2006-06-01
AA-AA-000-0000,qtl0004,UpCI,0.000467155244124018,2006-06-01,2006-06-01
AA-AA-000-0000,qtl0004,Score,0.000280573131309223,2006-06-01,2006-06-01
AA-AA-000-0000,qtl0006,LowCI,0.0277337707600657,2006-06-01,2006-06-01
AA-AA-000-0000,qtl0006,UpCI,0.0909128957804014,2006-06-01,2006-06-01
AA-AA-000-0000,qtl0006,Score,0.0277337707600657,2006-06-01,2006-06-01
AA-AA-000-0000,qtl0004,LowCI,0.000274755243577239,2006-09-01,2006-09-01
AA-AA-000-0000,qtl0004,UpCI,0.000448551434824388,2006-09-01,2006-09-01
AA-AA-000-0000,qtl0004,Score,0.000274755243577239,2006-09-01,2006-09-01
AA-AA-000-0000,qtl0006,LowCI,0.0335595678791628,2006-09-01,2006-09-01
AA-AA-000-0000,qtl0006,UpCI,0.0959028645962832,2006-09-01,2006-09-01
AA-AA-000-0000,qtl0006,Score,0.0335595678791628,2006-09-01,2006-09-01
AA-AA-000-0000,qtl0004,LowCI,0.000278473088835569,2006-12-01,2006-12-01
AA-AA-000-0000,qtl0004,UpCI,0.000445225096937571,2006-12-01,2006-12-01
AA-AA-000-0000,qtl0004,Score,0.000278473088835569,2006-12-01,2006-12-01
AA-AA-000-0000,qtl0006,LowCI,0.0334949338064855,2006-12-01,2006-12-01
AA-AA-000-0000,qtl0006,UpCI,0.0924359083539014,2006-12-01,2006-12-01
AA-AA-000-0000,qtl0006,Score,0.0334949338064855,2006-12-01,2006-12-01
AA-AA-000-0000,qtl0004,LowCI,0.000280735824302758,2007-03-01,2007-03-01
AA-AA-000-0000,qtl0004,UpCI,0.00044325035766394,2007-03-01,2007-03-01
AA-AA-000-0000,qtl0004,Score,0.000280735824302758,2007-03-01,2007-03-01
AA-AA-000-0000,qtl0006,LowCI,0.0401836274970258,2007-03-01,2007-03-01
AA-AA-000-0000,qtl0006,UpCI,0.10110875261791,2007-03-01,2007-03-01
AA-AA-000-0000,qtl0006,Score,0.0401836274970258,2007-03-01,2007-03-01
AA-AA-000-0000,qtl0004,LowCI,0.000302389715124811,2007-06-01,2007-06-01
AA-AA-000-0000,qtl0004,UpCI,0.000462230986591288,2007-06-01,2007-06-01
AA-AA-000-0000,qtl0004,Score,0.000302389715124811,2007-06-01,2007-06-01
AA-AA-000-0000,qtl0006,LowCI,0.0370588422776686,2007-06-01,2007-06-01
AA-AA-000-0000,qtl0006,UpCI,0.093467590275278,2007-06-01,2007-06-01
AA-AA-000-0000,qtl0006,Score,0.0370588422776686,2007-06-01,2007-06-01
AA-AA-000-0000,qtl0004,LowCI,0.000283224713455194,2007-09-01,2007-09-01
AA-AA-000-0000,qtl0004,UpCI,0.000427938158442151,2007-09-01,2007-09-01
AA-AA-000-0000,qtl0004,Score,0.000283224713455194,2007-09-01,2007-09-01
AA-AA-000-0000,qtl0006,LowCI,0.0370926397872731,2007-09-01,2007-09-01
AA-AA-000-0000,qtl0006,UpCI,0.0892529854381312,2007-09-01,2007-09-01
AA-AA-000-0000,qtl0006,Score,0.0370926397872731,2007-09-01,2007-09-01
AA-AA-000-0000,qtl0004,LowCI,0.00029401570390066,2007-12-01,2007-12-01
AA-AA-000-0000,qtl0004,UpCI,0.000437728161887811,2007-12-01,2007-12-01
AA-AA-000-0000,qtl0004,Score,0.00029401570390066,2007-12-01,2007-12-01
AA-AA-000-0000,qtl0006,LowCI,0.0398099435879483,2007-12-01,2007-12-01
AA-AA-000-0000,qtl0006,UpCI,0.0918162565083142,2007-12-01,2007-12-01
AA-AA-000-0000,qtl0006,Score,0.0398099435879483,2007-12-01,2007-12-01
AA-AA-000-0000,qtl0004,LowCI,0.000319069897942969,2008-03-01,2008-03-01
AA-AA-000-0000,qtl0004,UpCI,0.000466268448121591,2008-03-01,2008-03-01
AA-AA-000-0000,qtl0004,Score,0.000319069897942969,2008-03-01,2008-03-01
AA-AA-000-0000,qtl0006,LowCI,0.0411006158572428,2008-03-01,2008-03-01
AA-AA-000-0000,qtl0006,UpCI,0.093000658875175,2008-03-01,2008-03-01
AA-AA-000-0000,qtl0006,Score,0.0411006158572428,2008-03-01,2008-03-01
AA-AA-000-0000,qtl0004,LowCI,0.000330575093307096,2008-06-01,2008-06-01
AA-AA-000-0000,qtl0004,UpCI,0.000473872131623225,2008-06-01,2008-06-01
AA-AA-000-0000,qtl0004,Score,0.000330575093307096,2008-06-01,2008-06-01
AA-AA-000-0000,qtl0006,LowCI,0.0380492536653947,2008-06-01,2008-06-01
AA-AA-000-0000,qtl0006,UpCI,0.0862630266846576,2008-06-01,2008-06-01
AA-AA-000-0000,qtl0006,Score,0.0380492536653947,2008-06-01,2008-06-01
AA-AA-000-0000,qtl0004,LowCI,0.000336643700944488,2008-09-01,2008-09-01
AA-AA-000-0000,qtl0004,UpCI,0.000475240948777442,2008-09-01,2008-09-01
AA-AA-000-0000,qtl0004,Score,0.000336643700944488,2008-09-01,2008-09-01
AA-AA-000-0000,qtl0006,LowCI,0.0371035158294284,2008-09-01,2008-09-01
AA-AA-000-0000,qtl0006,UpCI,0.0827349326781089,2008-09-01,2008-09-01
AA-AA-000-0000,qtl0006,Score,0.0371035158294284,2008-09-01,2008-09-01
AA-AA-000-0000,qtl0004,LowCI,0.000350199311725525,2008-12-01,2008-12-01
AA-AA-000-0000,qtl0004,UpCI,0.000487738975667357,2008-12-01,2008-12-01
AA-AA-000-0000,qtl0004,Score,0.000350199311725525,2008-12-01,2008-12-01
AA-AA-000-0000,qtl0006,LowCI,0.0353212338168075,2008-12-01,2008-12-01
AA-AA-000-0000,qtl0006,UpCI,0.0788471067531206,2008-12-01,2008-12-01
AA-AA-000-0000,qtl0006,Score,0.0353212338168075,2008-12-01,2008-12-01
AA-AA-000-0000,qtl0004,LowCI,0.000364312719901026,2009-03-01,2009-03-01
AA-AA-000-0000,qtl0004,UpCI,0.000502367404048991,2009-03-01,2009-03-01
AA-AA-000-0000,qtl0004,Score,0.000364312719901026,2009-03-01,2009-03-01
AA-AA-000-0000,qtl0006,LowCI,0.0361405468551382,2009-03-01,2009-03-01
AA-AA-000-0000,qtl0006,UpCI,0.0793410867079537,2009-03-01,2009-03-01
AA-AA-000-0000,qtl0006,Score,0.0361405468551382,2009-03-01,2009-03-01
AA-AA-000-0000,qtl0004,LowCI,0.00036253083349173,2009-06-01,2009-06-01
AA-AA-000-0000,qtl0004,UpCI,0.000495856693829308,2009-06-01,2009-06-01
AA-AA-000-0000,qtl0004,Score,0.00036253083349173,2009-06-01,2009-06-01
AA-AA-000-0000,qtl0006,LowCI,0.0341767796647868,2009-06-01,2009-06-01
AA-AA-000-0000,qtl0006,UpCI,0.0751179911318423,2009-06-01,2009-06-01
AA-AA-000-0000,qtl0006,Score,0.0341767796647868,2009-06-01,2009-06-01
AA-AA-000-0000,qtl0004,LowCI,0.000371610666365533,2009-09-01,2009-09-01
AA-AA-000-0000,qtl0004,UpCI,0.000502646986517416,2009-09-01,2009-09-01
AA-AA-000-0000,qtl0004,Score,0.000371610666365533,2009-09-01,2009-09-01
AA-AA-000-0000,qtl0006,LowCI,0.032292166778335,2009-09-01,2009-09-01
AA-AA-000-0000,qtl0006,UpCI,0.0710556539274166,2009-09-01,2009-09-01
AA-AA-000-0000,qtl0006,Score,0.032292166778335,2009-09-01,2009-09-01
AA-AA-000-0000,qtl0004,LowCI,0.000378510429066346,2009-12-01,2009-12-01
AA-AA-000-0000,qtl0004,UpCI,0.000508510085668719,2009-12-01,2009-12-01
AA-AA-000-0000,qtl0004,Score,0.000378510429066346,2009-12-01,2009-12-01
AA-AA-000-0000,qtl0006,LowCI,0.0343434679854775,2009-12-01,2009-12-01
AA-AA-000-0000,qtl0006,UpCI,0.0732666401739512,2009-12-01,2009-12-01
AA-AA-000-0000,qtl0006,Score,0.0343434679854775,2009-12-01,2009-12-01
AA-AA-000-0000,qtl0004,LowCI,0.000382646587014944,2010-03-01,2010-03-01
AA-AA-000-0000,qtl0004,UpCI,0.000511201221307587,2010-03-01,2010-03-01
AA-AA-000-0000,qtl0004,Score,0.000382646587014944,2010-03-01,2010-03-01
AA-AA-000-0000,qtl0006,LowCI,0.0349524096264784,2010-03-01,2010-03-01
AA-AA-000-0000,qtl0006,UpCI,0.0735288517069084,2010-03-01,2010-03-01
AA-AA-000-0000,qtl0006,Score,0.0349524096264784,2010-03-01,2010-03-01
AA-AA-000-0000,qtl0004,LowCI,0.00037837548550621,2010-06-01,2010-06-01
AA-AA-000-0000,qtl0004,UpCI,0.000502462437998566,2010-06-01,2010-06-01
AA-AA-000-0000,qtl0004,Score,0.00037837548550621,2010-06-01,2010-06-01
AA-AA-000-0000,qtl0006,LowCI,0.0388102559465346,2010-06-01,2010-06-01
AA-AA-000-0000,qtl0006,UpCI,0.0776560094255497,2010-06-01,2010-06-01
AA-AA-000-0000,qtl0006,Score,0.0388102559465346,2010-06-01,2010-06-01
AA-AA-000-0000,qtl0004,LowCI,0.00038080880823558,2010-09-01,2010-09-01
AA-AA-000-0000,qtl0004,UpCI,0.000501147765825502,2010-09-01,2010-09-01
AA-AA-000-0000,qtl0004,Score,0.00038080880823558,2010-09-01,2010-09-01
AA-AA-000-0000,qtl0006,LowCI,0.036211549513671,2010-09-01,2010-09-01
AA-AA-000-0000,qtl0006,UpCI,0.0725510821253848,2010-09-01,2010-09-01
AA-AA-000-0000,qtl0006,Score,0.036211549513671,2010-09-01,2010-09-01
AA-AA-000-0000,qtl0004,LowCI,0.000390036236445662,2010-12-01,2010-12-01
AA-AA-000-0000,qtl0004,UpCI,0.000509707538312773,2010-12-01,2010-12-01
AA-AA-000-0000,qtl0004,Score,0.000390036236445662,2010-12-01,2010-12-01
AA-AA-000-0000,qtl0006,LowCI,0.0376720005420785,2010-12-01,2010-12-01
AA-AA-000-0000,qtl0006,UpCI,0.0738695476983879,2010-12-01,2010-12-01
AA-AA-000-0000,qtl0006,Score,0.0376720005420785,2010-12-01,2010-12-01
AA-AA-000-0000,qtl0004,LowCI,0.000401687516014092,2011-03-01,2011-03-01
AA-AA-000-0000,qtl0004,UpCI,0.000521831532835028,2011-03-01,2011-03-01
AA-AA-000-0000,qtl0004,Score,0.000401687516014092,2011-03-01,2011-03-01
AA-AA-000-0000,qtl0006,LowCI,0.0383162608247175,2011-03-01,2011-03-01
AA-AA-000-0000,qtl0006,UpCI,0.074382802492862,2011-03-01,2011-03-01
AA-AA-000-0000,qtl0006,Score,0.0383162608247175,2011-03-01,2011-03-01
AA-AA-000-0000,qtl0004,LowCI,0.000410220489681548,2011-06-01,2011-06-01
AA-AA-000-0000,qtl0004,UpCI,0.000529400075125475,2011-06-01,2011-06-01
AA-AA-000-0000,qtl0004,Score,0.000410220489681548,2011-06-01,2011-06-01
AA-AA-000-0000,qtl0006,LowCI,0.0395524539256524,2011-06-01,2011-06-01
AA-AA-000-0000,qtl0006,UpCI,0.0753509757184396,2011-06-01,2011-06-01
AA-AA-000-0000,qtl0006,Score,0.0395524539256524,2011-06-01,2011-06-01
AA-AA-000-0000,qtl0004,LowCI,0.000404382505620917,2011-09-01,2011-09-01
AA-AA-000-0000,qtl0004,UpCI,0.000519706920244303,2011-09-01,2011-09-01
AA-AA-000-0000,qtl0004,Score,0.000404382505620917,2011-09-01,2011-09-01
AA-AA-000-0000,qtl0006,LowCI,0.0409413929808086,2011-09-01,2011-09-01
AA-AA-000-0000,qtl0006,UpCI,0.0760435771815352,2011-09-01,2011-09-01
AA-AA-000-0000,qtl0006,Score,0.0409413929808086,2011-09-01,2011-09-01
AA-AA-000-0000,qtl0004,LowCI,0.000415229521796773,2011-12-01,2011-12-01
AA-AA-000-0000,qtl0004,UpCI,0.000529787124817123,2011-12-01,2011-12-01
AA-AA-000-0000,qtl0004,Score,0.000415229521796773,2011-12-01,2011-12-01
AA-AA-000-0000,qtl0006,LowCI,0.0428896063076881,2011-12-01,2011-12-01
AA-AA-000-0000,qtl0006,UpCI,0.077857374811114,2011-12-01,2011-12-01
AA-AA-000-0000,qtl0006,Score,0.0428896063076881,2011-12-01,2011-12-01
AA-AA-000-0000,qtl0004,LowCI,0.000420903755834251,2012-03-01,2012-03-01
AA-AA-000-0000,qtl0004,UpCI,0.000535083988393897,2012-03-01,2012-03-01
AA-AA-000-0000,qtl0004,Score,0.000420903755834251,2012-03-01,2012-03-01
AA-AA-000-0000,qtl0006,LowCI,0.0443559167927504,2012-03-01,2012-03-01
AA-AA-000-0000,qtl0006,UpCI,0.0793944536586082,2012-03-01,2012-03-01
AA-AA-000-0000,qtl0006,Score,0.0443559167927504,2012-03-01,2012-03-01
AA-AA-000-0000,qtl0004,LowCI,0.000417742865483605,2012-06-01,2012-06-01
AA-AA-000-0000,qtl0004,UpCI,0.000529452225812622,2012-06-01,2012-06-01
AA-AA-000-0000,qtl0004,Score,0.000417742865483605,2012-06-01,2012-06-01
AA-AA-000-0000,qtl0006,LowCI,0.0517636414993364,2012-06-01,2012-06-01
AA-AA-000-0000,qtl0006,UpCI,0.0882495242566568,2012-06-01,2012-06-01
AA-AA-000-0000,qtl0006,Score,0.0517636414993364,2012-06-01,2012-06-01
AA-AA-000-0000,qtl0004,LowCI,0.000412300216300765,2012-09-01,2012-09-01
AA-AA-000-0000,qtl0004,UpCI,0.000520811612457629,2012-09-01,2012-09-01
AA-AA-000-0000,qtl0004,Score,0.000412300216300765,2012-09-01,2012-09-01
AA-AA-000-0000,qtl0006,LowCI,0.0516157190860363,2012-09-01,2012-09-01
AA-AA-000-0000,qtl0006,UpCI,0.0871396150640034,2012-09-01,2012-09-01
AA-AA-000-0000,qtl0006,Score,0.0516157190860363,2012-09-01,2012-09-01
AA-AA-000-0000,qtl0004,LowCI,0.000411078878886327,2012-12-01,2012-12-01
AA-AA-000-0000,qtl0004,UpCI,0.000518016349609702,2012-12-01,2012-12-01
AA-AA-000-0000,qtl0004,Score,0.000411078878886327,2012-12-01,2012-12-01
AA-AA-000-0000,qtl0006,LowCI,0.052404588584379,2012-12-01,2012-12-01
AA-AA-000-0000,qtl0006,UpCI,0.0876261220692829,2012-12-01,2012-12-01
AA-AA-000-0000,qtl0006,Score,0.052404588584379,2012-12-01,2012-12-01
AA-AA-000-0000,qtl0004,LowCI,0.000413713943036826,2013-03-01,2013-03-01
AA-AA-000-0000,qtl0004,UpCI,0.00052011739724093,2013-03-01,2013-03-01
AA-AA-000-0000,qtl0004,Score,0.000413713943036826,2013-03-01,2013-03-01
AA-AA-000-0000,qtl0006,LowCI,0.0526935338537967,2013-03-01,2013-03-01
AA-AA-000-0000,qtl0006,UpCI,0.0877068171183424,2013-03-01,2013-03-01
AA-AA-000-0000,qtl0006,Score,0.0526935338537967,2013-03-01,2013-03-01
AA-AA-000-0000,qtl0004,LowCI,0.000412100852586757,2013-06-01,2013-06-01
AA-AA-000-0000,qtl0004,UpCI,0.000516529666856115,2013-06-01,2013-06-01
AA-AA-000-0000,qtl0004,Score,0.000412100852586757,2013-06-01,2013-06-01
AA-AA-000-0000,qtl0006,LowCI,0.0520127271339077,2013-06-01,2013-06-01
AA-AA-000-0000,qtl0006,UpCI,0.0862165316080094,2013-06-01,2013-06-01
AA-AA-000-0000,qtl0006,Score,0.0520127271339077,2013-06-01,2013-06-01
AA-AA-000-0000,qtl0004,LowCI,0.000415204975772509,2013-09-01,2013-09-01
AA-AA-000-0000,qtl0004,UpCI,0.000517644827030522,2013-09-01,2013-09-01
AA-AA-000-0000,qtl0004,Score,0.000415204975772509,2013-09-01,2013-09-01
AA-AA-000-0000,qtl0006,LowCI,0.0517155182712673,2013-09-01,2013-09-01
AA-AA-000-0000,qtl0006,UpCI,0.0850143881576748,2013-09-01,2013-09-01
AA-AA-000-0000,qtl0006,Score,0.0517155182712673,2013-09-01,2013-09-01
AA-AA-000-0000,qtl0004,LowCI,0.000424178312756205,2013-12-01,2013-12-01
AA-AA-000-0000,qtl0004,UpCI,0.0005268844063144,2013-12-01,2013-12-01
AA-AA-000-0000,qtl0004,Score,0.000424178312756205,2013-12-01,2013-12-01
AA-AA-000-0000,qtl0006,LowCI,0.0509395577539731,2013-12-01,2013-12-01
AA-AA-000-0000,qtl0006,UpCI,0.0837603484775963,2013-12-01,2013-12-01
AA-AA-000-0000,qtl0006,Score,0.0509395577539731,2013-12-01,2013-12-01
AA-AA-000-0000,qtl0004,LowCI,0.000429976261540008,2014-03-01,2014-03-01
AA-AA-000-0000,qtl0004,UpCI,0.000532380338872888,2014-03-01,2014-03-01
AA-AA-000-0000,qtl0004,Score,0.000429976261540008,2014-03-01,2014-03-01
AA-AA-000-0000,qtl0006,LowCI,0.0500807811973283,2014-03-01,2014-03-01
AA-AA-000-0000,qtl0006,UpCI,0.0823717025124565,2014-03-01,2014-03-01
AA-AA-000-0000,qtl0006,Score,0.0500807811973283,2014-03-01,2014-03-01
AA-AA-000-0000,qtl0004,LowCI,0.000432082881672199,2014-06-01,2014-06-01
AA-AA-000-0000,qtl0004,UpCI,0.000533513166053993,2014-06-01,2014-06-01
AA-AA-000-0000,qtl0004,Score,0.000432082881672199,2014-06-01,2014-06-01
AA-AA-000-0000,qtl0006,LowCI,0.0507577014472024,2014-06-01,2014-06-01
AA-AA-000-0000,qtl0006,UpCI,0.0828000502055756,2014-06-01,2014-06-01
AA-AA-000-0000,qtl0006,Score,0.0507577014472024,2014-06-01,2014-06-01
AA-AA-000-0000,qtl0004,LowCI,0.000436962074709031,2014-09-01,2014-09-01
AA-AA-000-0000,qtl0004,UpCI,0.000537182322316373,2014-09-01,2014-09-01
AA-AA-000-0000,qtl0004,Score,0.000436962074709031,2014-09-01,2014-09-01
AA-AA-000-0000,qtl0006,LowCI,0.0517247053531331,2014-09-01,2014-09-01
AA-AA-000-0000,qtl0006,UpCI,0.0834011749503382,2014-09-01,2014-09-01
AA-AA-000-0000,qtl0006,Score,0.0517247053531331,2014-09-01,2014-09-01
AA-AA-000-0000,qtl0004,LowCI,0.000443647156377725,2014-12-01,2014-12-01
AA-AA-000-0000,qtl0004,UpCI,0.000543597622769605,2014-12-01,2014-12-01
AA-AA-000-0000,qtl0004,Score,0.000443647156377725,2014-12-01,2014-12-01
AA-AA-000-0000,qtl0006,LowCI,0.0534109811933447,2014-12-01,2014-12-01
AA-AA-000-0000,qtl0006,UpCI,0.0851698062983183,2014-12-01,2014-12-01
AA-AA-000-0000,qtl0006,Score,0.0534109811933447,2014-12-01,2014-12-01
AA-AA-000-0000,qtl0004,LowCI,0.000440399860711629,2015-03-01,2015-03-01
AA-AA-000-0000,qtl0004,UpCI,0.000539473681704442,2015-03-01,2015-03-01
AA-AA-000-0000,qtl0004,Score,0.000440399860711629,2015-03-01,2015-03-01
AA-AA-000-0000,qtl0006,LowCI,0.0529445346618195,2015-03-01,2015-03-01
AA-AA-000-0000,qtl0006,UpCI,0.0844381049330321,2015-03-01,2015-03-01
AA-AA-000-0000,qtl0006,Score,0.0529445346618195,2015-03-01,2015-03-01
AA-AA-000-0000,qtl0004,LowCI,0.000435328983070514,2015-06-01,2015-06-01
AA-AA-000-0000,qtl0004,UpCI,0.000532275028822876,2015-06-01,2015-06-01
AA-AA-000-0000,qtl0004,Score,0.000435328983070514,2015-06-01,2015-06-01
AA-AA-000-0000,qtl0006,LowCI,0.0530689872266296,2015-06-01,2015-06-01
AA-AA-000-0000,qtl0006,UpCI,0.0840707561066592,2015-06-01,2015-06-01
AA-AA-000-0000,qtl0006,Score,0.0530689872266296,2015-06-01,2015-06-01
AA-AA-000-0000,qtl0004,LowCI,0.000435357211725109,2015-09-01,2015-09-01
AA-AA-000-0000,qtl0004,UpCI,0.000531081690346598,2015-09-01,2015-09-01
AA-AA-000-0000,qtl0004,Score,0.000435357211725109,2015-09-01,2015-09-01
AA-AA-000-0000,qtl0006,LowCI,0.0525200024692797,2015-09-01,2015-09-01
AA-AA-000-0000,qtl0006,UpCI,0.0829463676925252,2015-09-01,2015-09-01
AA-AA-000-0000,qtl0006,Score,0.0525200024692797,2015-09-01,2015-09-01
AA-AA-000-0000,qtl0004,LowCI,0.000437579811408524,2015-12-01,2015-12-01
AA-AA-000-0000,qtl0004,UpCI,0.000532863738480241,2015-12-01,2015-12-01
AA-AA-000-0000,qtl0004,Score,0.000437579811408524,2015-12-01,2015-12-01
AA-AA-000-0000,qtl0006,LowCI,0.0518536141773535,2015-12-01,2015-12-01
AA-AA-000-0000,qtl0006,UpCI,0.0819102470024796,2015-12-01,2015-12-01
AA-AA-000-0000,qtl0006,Score,0.0518536141773535,2015-12-01,2015-12-01
AA-AA-000-0000,qtl0004,LowCI,0.000438604377320014,2016-03-01,2016-03-01
AA-AA-000-0000,qtl0004,UpCI,0.000533205518048845,2016-03-01,2016-03-01
AA-AA-000-0000,qtl0004,Score,0.000438604377320014,2016-03-01,2016-03-01
AA-AA-000-0000,qtl0006,LowCI,0.0511581425998285,2016-03-01,2016-03-01
AA-AA-000-0000,qtl0006,UpCI,0.0808284582261238,2016-03-01,2016-03-01
AA-AA-000-0000,qtl0006,Score,0.0511581425998285,2016-03-01,2016-03-01
AA-AA-000-0000,qtl0004,LowCI,0.000435055461516799,2016-06-01,2016-06-01
AA-AA-000-0000,qtl0004,UpCI,0.000528388624491532,2016-06-01,2016-06-01
AA-AA-000-0000,qtl0004,Score,0.000435055461516799,2016-06-01,2016-06-01
AA-AA-000-0000,qtl0006,LowCI,0.0502593600517853,2016-06-01,2016-06-01
AA-AA-000-0000,qtl0006,UpCI,0.0794297458149663,2016-06-01,2016-06-01
AA-AA-000-0000,qtl0006,Score,0.0502593600517853,2016-06-01,2016-06-01
AA-AA-000-0000,qtl0004,LowCI,0.00042856343092076,2016-09-01,2016-09-01
AA-AA-000-0000,qtl0004,UpCI,0.000519775481221952,2016-09-01,2016-09-01
AA-AA-000-0000,qtl0004,Score,0.00042856343092076,2016-09-01,2016-09-01
AA-AA-000-0000,qtl0006,LowCI,0.0494752080254705,2016-09-01,2016-09-01
AA-AA-000-0000,qtl0006,UpCI,0.0779610563430577,2016-09-01,2016-09-01
AA-AA-000-0000,qtl0006,Score,0.0494752080254705,2016-09-01,2016-09-01
AA-AA-000-0000,qtl0004,LowCI,0.000427971062818489,2016-12-01,2016-12-01
AA-AA-000-0000,qtl0004,UpCI,0.0005182291640865,2016-12-01,2016-12-01
AA-AA-000-0000,qtl0004,Score,0.000427971062818489,2016-12-01,2016-12-01
AA-AA-000-0000,qtl0006,LowCI,0.0507971986794383,2016-12-01,2016-12-01
AA-AA-000-0000,qtl0006,UpCI,0.0792856537367811,2016-12-01,2016-12-01
AA-AA-000-0000,qtl0006,Score,0.0507971986794383,2016-12-01,2016-12-01
AA-AA-000-0000,qtl0004,LowCI,0.000427569228802512,2017-03-01,2017-03-01
AA-AA-000-0000,qtl0004,UpCI,0.000516936870839368,2017-03-01,2017-03-01
AA-AA-000-0000,qtl0004,Score,0.000427569228802512,2017-03-01,2017-03-01
AA-AA-000-0000,qtl0006,LowCI,0.0514284442015823,2017-03-01,2017-03-01
AA-AA-000-0000,qtl0006,UpCI,0.0797930167166761,2017-03-01,2017-03-01
AA-AA-000-0000,qtl0006,Score,0.0514284442015823,2017-03-01,2017-03-01
AA-AA-000-0000,qtl0004,LowCI,0.000428016995606904,2017-06-01,2017-06-01
AA-AA-000-0000,qtl0004,UpCI,0.000516471244688469,2017-06-01,2017-06-01
AA-AA-000-0000,qtl0004,Score,0.000428016995606904,2017-06-01,2017-06-01
AA-AA-000-0000,qtl0006,LowCI,0.0525101985871705,2017-06-01,2017-06-01
AA-AA-000-0000,qtl0006,UpCI,0.0807754642429215,2017-06-01,2017-06-01
AA-AA-000-0000,qtl0006,Score,0.0525101985871705,2017-06-01,2017-06-01
AA-AA-000-0000,qtl0004,LowCI,0.000418574656075098,2017-09-01,2017-09-01
AA-AA-000-0000,qtl0004,UpCI,0.000504756355080279,2017-09-01,2017-09-01
AA-AA-000-0000,qtl0004,Score,0.000418574656075098,2017-09-01,2017-09-01
AA-AA-000-0000,qtl0006,LowCI,0.0509511411015937,2017-09-01,2017-09-01
AA-AA-000-0000,qtl0006,UpCI,0.0784111928874461,2017-09-01,2017-09-01
AA-AA-000-0000,qtl0006,Score,0.0509511411015937,2017-09-01,2017-09-01
AA-AA-000-0000,qtl0004,LowCI,0.000423633054063774,2017-12-01,2017-12-01
AA-AA-000-0000,qtl0004,UpCI,0.000509901610810626,2017-12-01,2017-12-01
AA-AA-000-0000,qtl0004,Score,0.000423633054063774,2017-12-01,2017-12-01
AA-AA-000-0000,qtl0006,LowCI,0.0511309233326774,2017-12-01,2017-12-01
AA-AA-000-0000,qtl0006,UpCI,0.0784750417451231,2017-12-01,2017-12-01
AA-AA-000-0000,qtl0006,Score,0.0511309233326774,2017-12-01,2017-12-01
AA-AA-000-0000,qtl0004,LowCI,0.000431389505272157,2018-03-01,2018-03-01
AA-AA-000-0000,qtl0004,UpCI,0.000518398881039056,2018-03-01,2018-03-01
AA-AA-000-0000,qtl0004,Score,0.000431389505272157,2018-03-01,2018-03-01
AA-AA-000-0000,qtl0006,LowCI,0.0518235763351825,2018-03-01,2018-03-01
AA-AA-000-0000,qtl0006,UpCI,0.0793157249574649,2018-03-01,2018-03-01
AA-AA-000-0000,qtl0006,Score,0.0518235763351825,2018-03-01,2018-03-01
AA-AA-000-0000,qtl0004,LowCI,0.000433329116391469,2018-06-01,2018-06-01
AA-AA-000-0000,qtl0004,UpCI,0.000520522701858613,2018-06-01,2018-06-01
AA-AA-000-0000,qtl0004,Score,0.000433329116391469,2018-06-01,2018-06-01
AA-AA-000-0000,qtl0006,LowCI,0.0518235763351825,2018-06-01,2018-06-01
AA-AA-000-0000,qtl0006,UpCI,0.0793157249574649,2018-06-01,2018-06-01
AA-AA-000-0000,qtl0006,Score,0.0518235763351825,2018-06-01,2018-06-01
AA-AA-000-0000,qtl0004,LowCI,0.000437208927682327,2018-09-01,2018-09-01
AA-AA-000-0000,qtl0004,UpCI,0.000524769756294334,2018-09-01,2018-09-01
AA-AA-000-0000,qtl0004,Score,0.000437208927682327,2018-09-01,2018-09-01
AA-AA-000-0000,qtl0006,LowCI,0.0539047487716545,2018-09-01,2018-09-01
AA-AA-000-0000,qtl0006,UpCI,0.0818346114546967,2018-09-01,2018-09-01
AA-AA-000-0000,qtl0006,Score,0.0539047487716545,2018-09-01,2018-09-01
AA-AA-000-0000,qtl0004,LowCI,0.000440119296661955,2018-12-01,2018-12-01
AA-AA-000-0000,qtl0004,UpCI,0.000527954538201894,2018-12-01,2018-12-01
AA-AA-000-0000,qtl0004,Score,0.000440119296661955,2018-12-01,2018-12-01
AA-AA-000-0000,qtl0006,LowCI,0.0539047487716545,2018-12-01,2018-12-01
AA-AA-000-0000,qtl0006,UpCI,0.0818346114546967,2018-12-01,2018-12-01
AA-AA-000-0000,qtl0006,Score,0.0539047487716545,2018-12-01,2018-12-01
AA-AA-000-0000,qtl0004,LowCI,0.000440119296661955,2019-03-01,2019-03-01
AA-AA-000-0000,qtl0004,UpCI,0.000527954538201894,2019-03-01,2019-03-01
AA-AA-000-0000,qtl0004,Score,0.000440119296661955,2019-03-01,2019-03-01
AA-AA-000-0000,qtl0006,LowCI,0.0552947891796837,2019-03-01,2019-03-01
AA-AA-000-0000,qtl0006,UpCI,0.0835113165922339,2019-03-01,2019-03-01
AA-AA-000-0000,qtl0006,Score,0.0552947891796837,2019-03-01,2019-03-01
AA-AA-000-0000,qtl0004,LowCI,0.000441089516075215,2019-06-01,2019-06-01
AA-AA-000-0000,qtl0004,UpCI,0.000529016036050083,2019-06-01,2019-06-01
AA-AA-000-0000,qtl0004,Score,0.000441089516075215,2019-06-01,2019-06-01
AA-AA-000-0000,qtl0006,LowCI,0.0552947891796837,2019-06-01,2019-06-01
AA-AA-000-0000,qtl0006,UpCI,0.0835113165922339,2019-06-01,2019-06-01
AA-AA-000-0000,qtl0006,Score,0.0552947891796837,2019-06-01,2019-06-01
AA-AA-000-0000,qtl0004,LowCI,0.000443030098621157,2019-09-01,2019-09-01
AA-AA-000-0000,qtl0004,UpCI,0.000531138888470937,2019-09-01,2019-09-01
AA-AA-000-0000,qtl0004,Score,0.000443030098621157,2019-09-01,2019-09-01
AA-AA-000-0000,qtl0006,LowCI,0.0552947891796837,2019-09-01,2019-09-01
AA-AA-000-0000,qtl0006,UpCI,0.0835113165922339,2019-09-01,2019-09-01
AA-AA-000-0000,qtl0006,Score,0.0552947891796837,2019-09-01,2019-09-01
AA-AA-000-0000,qtl0004,LowCI,0.000443030098621157,2019-12-01,2019-12-01
AA-AA-000-0000,qtl0004,UpCI,0.000531138888470937,2019-12-01,2019-12-01
AA-AA-000-0000,qtl0004,Score,0.000443030098621157,2019-12-01,2019-12-01
AA-AA-000-0000,qtl0006,LowCI,0.0552947891796837,2019-12-01,2019-12-01
AA-AA-000-0000,qtl0006,UpCI,0.0835113165922339,2019-12-01,2019-12-01
AA-AA-000-0000,qtl0006,Score,0.0552947891796837,2019-12-01,2019-12-01
