studyid,workflowid,groupid,numerator,denominator,metric,score,flag,gsm_analysis_date
AA-AA-000-0000,cou0001,China,841,190411,0.00441676163667015,-1.18838086186719,0,2022-11-18
AA-AA-000-0000,cou0001,Japan,528,117262,0.00450273745970562,-0.77753879080675,0,2022-11-18
AA-AA-000-0000,cou0001,US,3240,626477,0.00517177805410254,0.991556531892447,0,2022-11-18
AA-AA-000-0000,cou0002,China,15,190411,7.87769614150443e-05,-1.2180502500466,0,2022-11-18
AA-AA-000-0000,cou0002,Japan,11,117262,9.38070304105337e-05,-0.733709283453061,0,2022-11-18
AA-AA-000-0000,cou0002,US,108,626477,0.000172392601803418,0.988951098758782,0,2022-11-18
AA-AA-000-0000,cou0003,US,2497,660250,0.00378190079515335,-0.949303060594118,0,2022-11-18
AA-AA-000-0000,cou0003,China,888,199937,0.00444139904069782,0.746689171475963,0,2022-11-18
AA-AA-000-0000,cou0003,Japan,605,124179,0.00487199929134556,1.24148257351732,0,2022-11-18
AA-AA-000-0000,cou0004,US,303,660250,0.000458917076864824,-0.773649747720863,0,2022-11-18
AA-AA-000-0000,cou0004,China,101,199937,0.000505159125124414,0.194242785592968,0,2022-11-18
AA-AA-000-0000,cou0004,Japan,79,124179,0.000636178419861651,1.53744457073955,0,2022-11-18
AA-AA-000-0000,cou0005,China,204,391,0.521739130434783,-1.52166651082492,0,2022-11-18
AA-AA-000-0000,cou0005,Japan,164,287,0.571428571428571,-0.0820599683908331,0,2022-11-18
AA-AA-000-0000,cou0005,US,862,1462,0.589603283173735,0.823284392796071,0,2022-11-18
AA-AA-000-0000,cou0006,China,18,257,0.0700389105058366,-1.03789977419183,0,2022-11-18
AA-AA-000-0000,cou0006,US,82,879,0.093287827076223,-0.0393188379547021,0,2022-11-18
AA-AA-000-0000,cou0006,Japan,22,165,0.133333333333333,1.38608011590761,0,2022-11-18
AA-AA-000-0000,cou0007,China,15,257,0.0583657587548638,-1.0810913286713,0,2022-11-18
AA-AA-000-0000,cou0007,US,77,879,0.0875995449374289,-0.00173284793215863,0,2022-11-18
AA-AA-000-0000,cou0007,Japan,22,165,0.133333333333333,1.35323262461033,0,2022-11-18
AA-AA-000-0000,kri0001,83,83,4471,0.0185640796242451,3.19826112426421,2,2022-11-18
AA-AA-000-0000,kri0001,145,2,4,0.5,3.4745862792843,2,2022-11-18
AA-AA-000-0000,kri0001,43,385,23066,0.0166912338506893,6.26621098575258,2,2022-11-18
AA-AA-000-0000,kri0001,120,40,2271,0.0176133861734919,2.12041190276234,1,2022-11-18
AA-AA-000-0000,kri0001,25,36,1915,0.018798955613577,2.12919779876046,1,2022-11-18
AA-AA-000-0000,kri0001,91,126,11534,0.0109242240332929,2.25761774796097,1,2022-11-18
AA-AA-000-0000,kri0001,150,35,1591,0.0219987429289755,2.38862169006998,1,2022-11-18
AA-AA-000-0000,kri0001,154,16,407,0.0393120393120393,2.43382597341169,1,2022-11-18
AA-AA-000-0000,kri0001,75,106,7621,0.0139089358351922,2.74949050736606,1,2022-11-18
AA-AA-000-0000,kri0001,143,23,20038,0.00114781914362711,-1.88073087616615,0,2022-11-18
AA-AA-000-0000,kri0001,10,7,13112,0.000533862111043319,-1.76807431945451,0,2022-11-18
AA-AA-000-0000,kri0001,173,28,19720,0.00141987829614604,-1.73167925008968,0,2022-11-18
AA-AA-000-0000,kri0001,140,131,48028,0.00272757558091114,-1.69678169495554,0,2022-11-18
AA-AA-000-0000,kri0001,85,3,10099,0.000297059114763838,-1.63520054616279,0,2022-11-18
AA-AA-000-0000,kri0001,172,40,21638,0.00184859968573805,-1.59263226741461,0,2022-11-18
AA-AA-000-0000,kri0001,54,16,12817,0.00124834204572053,-1.46421891094206,0,2022-11-18
AA-AA-000-0000,kri0001,77,23,12743,0.00180491250098093,-1.23950757179619,0,2022-11-18
AA-AA-000-0000,kri0001,141,13,9390,0.00138445154419595,-1.20698877651601,0,2022-11-18
AA-AA-000-0000,kri0001,92,17,10166,0.00167224080267559,-1.15404611714017,0,2022-11-18
AA-AA-000-0000,kri0001,156,6,6566,0.000913798355162961,-1.14313382635879,0,2022-11-18
AA-AA-000-0000,kri0001,167,21,10471,0.00200553910801261,-1.05154573246725,0,2022-11-18
AA-AA-000-0000,kri0001,127,0,3586,0,-1.03682424949728,0,2022-11-18
AA-AA-000-0000,kri0001,155,11,7322,0.00150232177000819,-1.03042957684786,0,2022-11-18
AA-AA-000-0000,kri0001,67,12,7214,0.00166343221513723,-0.974781944428473,0,2022-11-18
AA-AA-000-0000,kri0001,176,1,3344,0.000299043062200957,-0.940543988539126,0,2022-11-18
AA-AA-000-0000,kri0001,113,9,5894,0.00152697658635901,-0.917861140875942,0,2022-11-18
AA-AA-000-0000,kri0001,144,0,2793,0,-0.915030291328278,0,2022-11-18
AA-AA-000-0000,kri0001,152,8,5385,0.00148560817084494,-0.887986612551688,0,2022-11-18
AA-AA-000-0000,kri0001,114,6,4678,0.00128259940145361,-0.876369528426027,0,2022-11-18
AA-AA-000-0000,kri0001,187,4,3719,0.00107555794568432,-0.825702131469459,0,2022-11-18
AA-AA-000-0000,kri0001,63,17,7603,0.00223595948967513,-0.825532765661306,0,2022-11-18
AA-AA-000-0000,kri0001,51,17,7513,0.00226274457606815,-0.812484901459699,0,2022-11-18
AA-AA-000-0000,kri0001,81,0,2129,0,-0.798891562055184,0,2022-11-18
AA-AA-000-0000,kri0001,34,14,6550,0.00213740458015267,-0.794226236420907,0,2022-11-18
AA-AA-000-0000,kri0001,61,41,13556,0.00302449100029507,-0.780142620838999,0,2022-11-18
AA-AA-000-0000,kri0001,30,11,5558,0.00197912918315941,-0.77302326233339,0,2022-11-18
AA-AA-000-0000,kri0001,29,7,4346,0.00161067648412333,-0.768801020547286,0,2022-11-18
AA-AA-000-0000,kri0001,149,17,7178,0.00236834772917247,-0.762767220688459,0,2022-11-18
AA-AA-000-0000,kri0001,50,14,6044,0.00231634679020516,-0.714113401153228,0,2022-11-18
AA-AA-000-0000,kri0001,177,6,3614,0.00166021029330382,-0.690623129491074,0,2022-11-18
AA-AA-000-0000,kri0001,153,6,3516,0.00170648464163823,-0.671566186524124,0,2022-11-18
AA-AA-000-0000,kri0001,23,8,3948,0.00202634245187437,-0.641100883536265,0,2022-11-18
AA-AA-000-0000,kri0001,18,0,1350,0,-0.636160775301296,0,2022-11-18
AA-AA-000-0000,kri0001,73,4,2687,0.00148864905098623,-0.626706566755126,0,2022-11-18
AA-AA-000-0000,kri0001,32,2,2013,0.000993541977148534,-0.620393398492641,0,2022-11-18
AA-AA-000-0000,kri0001,26,11,4660,0.00236051502145923,-0.616463188526577,0,2022-11-18
AA-AA-000-0000,kri0001,161,3,2222,0.00135013501350135,-0.592817635059516,0,2022-11-18
AA-AA-000-0000,kri0001,168,1,1437,0.00069589422407794,-0.563766865374888,0,2022-11-18
AA-AA-000-0000,kri0001,96,6,2874,0.00208768267223382,-0.535452456177458,0,2022-11-18
AA-AA-000-0000,kri0001,3,2,1666,0.00120048019207683,-0.534753831466904,0,2022-11-18
AA-AA-000-0000,kri0001,106,6,2774,0.00216294160057678,-0.512144716901224,0,2022-11-18
AA-AA-000-0000,kri0001,184,9,3558,0.00252951096121417,-0.503288614213496,0,2022-11-18
AA-AA-000-0000,kri0001,13,13,4586,0.0028347143480157,-0.498858289502378,0,2022-11-18
AA-AA-000-0000,kri0001,58,54,14386,0.00375364938134297,-0.496767437378107,0,2022-11-18
AA-AA-000-0000,kri0001,131,15,4991,0.00300540973752755,-0.478101935004396,0,2022-11-18
AA-AA-000-0000,kri0001,28,3,1755,0.00170940170940171,-0.474034813461907,0,2022-11-18
AA-AA-000-0000,kri0001,16,2,1411,0.00141743444365698,-0.463531692715807,0,2022-11-18
AA-AA-000-0000,kri0001,158,0,708,0,-0.460698323947315,0,2022-11-18
AA-AA-000-0000,kri0001,103,8,3100,0.00258064516129032,-0.459789649258219,0,2022-11-18
AA-AA-000-0000,kri0001,175,0,679,0,-0.451164469682038,0,2022-11-18
AA-AA-000-0000,kri0001,99,0,662,0,-0.445480807422263,0,2022-11-18
AA-AA-000-0000,kri0001,9,3,1606,0.00186799501867995,-0.431162486481706,0,2022-11-18
AA-AA-000-0000,kri0001,69,32,8744,0.00365965233302836,-0.418136284063396,0,2022-11-18
AA-AA-000-0000,kri0001,104,23,6524,0.00352544451256898,-0.399217094485215,0,2022-11-18
AA-AA-000-0000,kri0001,109,10,3284,0.00304506699147381,-0.379843230144231,0,2022-11-18
AA-AA-000-0000,kri0001,41,3,1430,0.0020979020979021,-0.376342614127501,0,2022-11-18
AA-AA-000-0000,kri0001,101,6,2237,0.00268216361198033,-0.373731666286958,0,2022-11-18
AA-AA-000-0000,kri0001,35,12,3738,0.00321027287319422,-0.369804471572023,0,2022-11-18
AA-AA-000-0000,kri0001,147,12,3684,0.00325732899022801,-0.357100889508076,0,2022-11-18
AA-AA-000-0000,kri0001,11,24,6494,0.00369571912534647,-0.350145975389906,0,2022-11-18
AA-AA-000-0000,kri0001,180,1,757,0.00132100396301189,-0.348829312774897,0,2022-11-18
AA-AA-000-0000,kri0001,148,3,1328,0.00225903614457831,-0.342066202732173,0,2022-11-18
AA-AA-000-0000,kri0001,19,6,2116,0.00283553875236295,-0.338725121611379,0,2022-11-18
AA-AA-000-0000,kri0001,17,37,9328,0.00396655231560892,-0.327857775672006,0,2022-11-18
AA-AA-000-0000,kri0001,6,1,674,0.00148367952522255,-0.314330373073134,0,2022-11-18
AA-AA-000-0000,kri0001,123,1,673,0.00148588410104012,-0.31389640600618,0,2022-11-18
AA-AA-000-0000,kri0001,117,1,672,0.00148809523809524,-0.313461967022834,0,2022-11-18
AA-AA-000-0000,kri0001,33,1,670,0.00149253731343284,-0.312591667749161,0,2022-11-18
AA-AA-000-0000,kri0001,137,22,5789,0.00380031093453101,-0.302667810528774,0,2022-11-18
AA-AA-000-0000,kri0001,84,7,2126,0.0032925682031985,-0.265574985213723,0,2022-11-18
AA-AA-000-0000,kri0001,102,8,2355,0.00339702760084926,-0.261723288250057,0,2022-11-18
AA-AA-000-0000,kri0001,36,2,840,0.00238095238095238,-0.259651581174205,0,2022-11-18
AA-AA-000-0000,kri0001,53,7,2096,0.00333969465648855,-0.256123265342754,0,2022-11-18
AA-AA-000-0000,kri0001,45,2,775,0.00258064516129032,-0.229894824629109,0,2022-11-18
AA-AA-000-0000,kri0001,76,40,9390,0.00425985090521832,-0.229209380541708,0,2022-11-18
AA-AA-000-0000,kri0001,142,10,2693,0.00371333085777943,-0.222274403577394,0,2022-11-18
AA-AA-000-0000,kri0001,110,2,759,0.00263504611330698,-0.222249927061572,0,2022-11-18
AA-AA-000-0000,kri0001,38,2,757,0.00264200792602378,-0.221284742859144,0,2022-11-18
AA-AA-000-0000,kri0001,126,2,754,0.0026525198938992,-0.219832900126294,0,2022-11-18
AA-AA-000-0000,kri0001,115,6,1652,0.0036319612590799,-0.185696845523498,0,2022-11-18
AA-AA-000-0000,kri0001,72,2,667,0.00299850074962519,-0.175405317028572,0,2022-11-18
AA-AA-000-0000,kri0001,71,33,7509,0.00439472632840591,-0.163956004919538,0,2022-11-18
AA-AA-000-0000,kri0001,121,20,4456,0.00448833034111311,-0.104374717446273,0,2022-11-18
AA-AA-000-0000,kri0001,178,6,1429,0.00419874037788663,-0.0975227581848261,0,2022-11-18
AA-AA-000-0000,kri0001,97,16,3545,0.00451339915373766,-0.0878581266446201,0,2022-11-18
AA-AA-000-0000,kri0001,14,3,738,0.0040650406504065,-0.0828297091691896,0,2022-11-18
AA-AA-000-0000,kri0001,188,9,2032,0.00442913385826772,-0.0798471663322208,0,2022-11-18
AA-AA-000-0000,kri0001,57,6,1356,0.00442477876106195,-0.0657897931864626,0,2022-11-18
AA-AA-000-0000,kri0001,160,24,5134,0.00467471756914686,-0.0651686295391002,0,2022-11-18
AA-AA-000-0000,kri0001,100,6,1354,0.00443131462333826,-0.0648972972036423,0,2022-11-18
AA-AA-000-0000,kri0001,186,15,3203,0.00468310958476428,-0.0498074536935125,0,2022-11-18
AA-AA-000-0000,kri0001,44,16,3357,0.00476616026213881,-0.0341046896785811,0,2022-11-18
AA-AA-000-0000,kri0001,49,13,2717,0.00478468899521531,-0.0272927452548416,0,2022-11-18
AA-AA-000-0000,kri0001,89,17,3521,0.00482817381425731,-0.0220147462321785,0,2022-11-18
AA-AA-000-0000,kri0001,27,15,3034,0.00494396835860251,0.00194670587597422,0,2022-11-18
AA-AA-000-0000,kri0001,118,64,12776,0.0050093926111459,0.0299452778347966,0,2022-11-18
AA-AA-000-0000,kri0001,66,4,754,0.00530503978779841,0.0357632076909096,0,2022-11-18
AA-AA-000-0000,kri0001,48,3,531,0.00564971751412429,0.0578843602870419,0,2022-11-18
AA-AA-000-0000,kri0001,52,6,1094,0.00548446069469835,0.0639037059755024,0,2022-11-18
AA-AA-000-0000,kri0001,185,8,1470,0.0054421768707483,0.0683866585594323,0,2022-11-18
AA-AA-000-0000,kri0001,107,11,2025,0.0054320987654321,0.0786733384905774,0,2022-11-18
AA-AA-000-0000,kri0001,139,209,41429,0.00504477539887518,0.0791969747361635,0,2022-11-18
AA-AA-000-0000,kri0001,174,20,3734,0.00535618639528656,0.0905538910214193,0,2022-11-18
AA-AA-000-0000,kri0001,46,4,673,0.00594353640416048,0.0919144268287092,0,2022-11-18
AA-AA-000-0000,kri0001,7,38,7176,0.00529542920847269,0.107472653451638,0,2022-11-18
AA-AA-000-0000,kri0001,68,15,2679,0.00559910414333707,0.120823967453307,0,2022-11-18
AA-AA-000-0000,kri0001,98,8,1346,0.00594353640416048,0.12998662899891,0,2022-11-18
AA-AA-000-0000,kri0001,164,27,4932,0.00547445255474453,0.133217623187611,0,2022-11-18
AA-AA-000-0000,kri0001,70,12,2020,0.00594059405940594,0.158775812542446,0,2022-11-18
AA-AA-000-0000,kri0001,159,4,560,0.00714285714285714,0.183439045530933,0,2022-11-18
AA-AA-000-0000,kri0001,129,9,1423,0.00632466619817287,0.184105764939698,0,2022-11-18
AA-AA-000-0000,kri0001,136,11,1765,0.00623229461756374,0.191421156680629,0,2022-11-18
AA-AA-000-0000,kri0001,5,160,30252,0.00528890651857728,0.216683979534928,0,2022-11-18
AA-AA-000-0000,kri0001,189,119,22173,0.00536688765615839,0.226256226817383,0,2022-11-18
AA-AA-000-0000,kri0001,166,75,13419,0.00558909009613235,0.266341731684315,0,2022-11-18
AA-AA-000-0000,kri0001,12,5,624,0.00801282051282051,0.269898885210292,0,2022-11-18
AA-AA-000-0000,kri0001,124,17,2632,0.00645896656534954,0.274563292636633,0,2022-11-18
AA-AA-000-0000,kri0001,163,15,2282,0.00657318141980719,0.274803342856025,0,2022-11-18
AA-AA-000-0000,kri0001,181,14,2089,0.00670177118238392,0.283550525217213,0,2022-11-18
AA-AA-000-0000,kri0001,87,6,750,0.008,0.294664127137588,0,2022-11-18
AA-AA-000-0000,kri0001,122,39,6484,0.00601480567550895,0.305436101983495,0,2022-11-18
AA-AA-000-0000,kri0001,183,11,1513,0.00727032385988103,0.318919845021024,0,2022-11-18
AA-AA-000-0000,kri0001,179,21,3130,0.00670926517571885,0.348554329921165,0,2022-11-18
AA-AA-000-0000,kri0001,111,12,1597,0.00751408891671885,0.361838155314896,0,2022-11-18
AA-AA-000-0000,kri0001,151,17,2376,0.00715488215488216,0.379908283264966,0,2022-11-18
AA-AA-000-0000,kri0001,135,25,3676,0.00680087051142546,0.397224284805472,0,2022-11-18
AA-AA-000-0000,kri0001,138,31,4705,0.00658873538788523,0.398332077306192,0,2022-11-18
AA-AA-000-0000,kri0001,190,33,4955,0.00665993945509586,0.426366608496845,0,2022-11-18
AA-AA-000-0000,kri0001,40,12,1456,0.00824175824175824,0.442932826605823,0,2022-11-18
AA-AA-000-0000,kri0001,165,3,219,0.0136986301369863,0.455166889246978,0,2022-11-18
AA-AA-000-0000,kri0001,130,15,1876,0.00799573560767591,0.465380956117039,0,2022-11-18
AA-AA-000-0000,kri0001,60,18,2298,0.00783289817232376,0.487678149902538,0,2022-11-18
AA-AA-000-0000,kri0001,20,7,675,0.0103703703703704,0.495654501606508,0,2022-11-18
AA-AA-000-0000,kri0001,55,7,673,0.0104011887072808,0.497725259663598,0,2022-11-18
AA-AA-000-0000,kri0001,78,7,673,0.0104011887072808,0.497725259663598,0,2022-11-18
AA-AA-000-0000,kri0001,80,31,4370,0.00709382151029748,0.501059360050434,0,2022-11-18
AA-AA-000-0000,kri0001,82,12,1345,0.00892193308550186,0.513251374685049,0,2022-11-18
AA-AA-000-0000,kri0001,112,14,1596,0.0087719298245614,0.538065352336743,0,2022-11-18
AA-AA-000-0000,kri0001,182,10,1000,0.01,0.562191037711438,0,2022-11-18
AA-AA-000-0000,kri0001,94,149,24999,0.00596023840953638,0.56945974607734,0,2022-11-18
AA-AA-000-0000,kri0001,65,9,847,0.0106257378984652,0.581305404837926,0,2022-11-18
AA-AA-000-0000,kri0001,116,16,1739,0.00920069005175388,0.624397665753409,0,2022-11-18
AA-AA-000-0000,kri0001,42,8,672,0.0119047619047619,0.634134247046367,0,2022-11-18
AA-AA-000-0000,kri0001,39,25,2957,0.0084545147108556,0.671822321937255,0,2022-11-18
AA-AA-000-0000,kri0001,119,15,1514,0.00990752972258917,0.679120048702811,0,2022-11-18
AA-AA-000-0000,kri0001,4,46,6192,0.00742894056847545,0.688975056455296,0,2022-11-18
AA-AA-000-0000,kri0001,31,10,841,0.0118906064209275,0.707964965936998,0,2022-11-18
AA-AA-000-0000,kri0001,133,31,3699,0.00838064341713977,0.735633326748888,0,2022-11-18
AA-AA-000-0000,kri0001,171,9,671,0.0134128166915052,0.77074672657541,0,2022-11-18
AA-AA-000-0000,kri0001,47,24,2522,0.00951625693893735,0.807554129245893,0,2022-11-18
AA-AA-000-0000,kri0001,170,136,20714,0.00656560780148692,0.824109753970615,0,2022-11-18
AA-AA-000-0000,kri0001,15,32,3550,0.00901408450704225,0.853108361010512,0,2022-11-18
AA-AA-000-0000,kri0001,128,28,2961,0.00945626477541371,0.863564901961981,0,2022-11-18
AA-AA-000-0000,kri0001,162,16,1346,0.0118870728083209,0.895190873736272,0,2022-11-18
AA-AA-000-0000,kri0001,59,48,5719,0.00839307571253716,0.918000558862742,0,2022-11-18
AA-AA-000-0000,kri0001,62,157,23569,0.00666129237557809,0.93061963762614,0,2022-11-18
AA-AA-000-0000,kri0001,134,42,4554,0.00922266139657444,1.01563720758395,0,2022-11-18
AA-AA-000-0000,kri0001,64,29,2690,0.0107806691449814,1.06414844152811,0,2022-11-18
AA-AA-000-0000,kri0001,105,25,2180,0.0114678899082569,1.07057429276726,0,2022-11-18
AA-AA-000-0000,kri0001,8,133,17767,0.0074857882591321,1.19365578602972,0,2022-11-18
AA-AA-000-0000,kri0001,22,37,3366,0.0109922756981581,1.23345519096309,0,2022-11-18
AA-AA-000-0000,kri0001,146,57,5983,0.00952699314725054,1.24673726160683,0,2022-11-18
AA-AA-000-0000,kri0001,56,144,18146,0.00793563319739888,1.41896887992544,0,2022-11-18
AA-AA-000-0000,kri0001,157,57,5335,0.0106841611996251,1.47388946591509,0,2022-11-18
AA-AA-000-0000,kri0001,132,15,671,0.022354694485842,1.5835770625584,0,2022-11-18
AA-AA-000-0000,kri0001,86,130,15047,0.00863959593274407,1.5951627209815,0,2022-11-18
AA-AA-000-0000,kri0002,28,10,1755,0.0056980056980057,10.6475197087883,2,2022-11-18
AA-AA-000-0000,kri0002,179,3,3130,0.000958466453674122,2.08641631234023,1,2022-11-18
AA-AA-000-0000,kri0002,154,1,407,0.00245700245700246,2.13568682991291,1,2022-11-18
AA-AA-000-0000,kri0002,165,1,219,0.0045662100456621,2.99485694991137,1,2022-11-18
AA-AA-000-0000,kri0002,86,0,15047,0,-0.805143678449873,0,2022-11-18
AA-AA-000-0000,kri0002,61,0,13556,0,-0.764212623167579,0,2022-11-18
AA-AA-000-0000,kri0002,118,0,12776,0,-0.741900866844909,0,2022-11-18
AA-AA-000-0000,kri0002,77,0,12743,0,-0.740942094201547,0,2022-11-18
AA-AA-000-0000,kri0002,91,0,11534,0,-0.704917675566045,0,2022-11-18
AA-AA-000-0000,kri0002,189,1,22173,4.50998962702386e-05,-0.670084005215483,0,2022-11-18
AA-AA-000-0000,kri0002,141,0,9390,0,-0.636035304971288,0,2022-11-18
AA-AA-000-0000,kri0002,17,0,9328,0,-0.633932030295697,0,2022-11-18
AA-AA-000-0000,kri0002,170,1,20714,4.82765279521097e-05,-0.626743007883185,0,2022-11-18
AA-AA-000-0000,kri0002,71,0,7509,0,-0.568773664157436,0,2022-11-18
AA-AA-000-0000,kri0002,155,0,7322,0,-0.561646800520434,0,2022-11-18
AA-AA-000-0000,kri0002,67,0,7214,0,-0.557489248190404,0,2022-11-18
AA-AA-000-0000,kri0002,7,0,7176,0,-0.556019012343717,0,2022-11-18
AA-AA-000-0000,kri0002,156,0,6566,0,-0.531861882189607,0,2022-11-18
AA-AA-000-0000,kri0002,8,1,17767,5.62841222491135e-05,-0.531610370177658,0,2022-11-18
AA-AA-000-0000,kri0002,34,0,6550,0,-0.53121346758438,0,2022-11-18
AA-AA-000-0000,kri0002,104,0,6524,0,-0.530158102428172,0,2022-11-18
AA-AA-000-0000,kri0002,122,0,6484,0,-0.528530348808954,0,2022-11-18
AA-AA-000-0000,kri0002,113,0,5894,0,-0.503910598449533,0,2022-11-18
AA-AA-000-0000,kri0002,30,0,5558,0,-0.489336597835798,0,2022-11-18
AA-AA-000-0000,kri0002,152,0,5385,0,-0.481660775715255,0,2022-11-18
AA-AA-000-0000,kri0002,157,0,5335,0,-0.479419438399159,0,2022-11-18
AA-AA-000-0000,kri0002,160,0,5134,0,-0.470301494815172,0,2022-11-18
AA-AA-000-0000,kri0002,131,0,4991,0,-0.463705462416702,0,2022-11-18
AA-AA-000-0000,kri0002,13,0,4586,0,-0.444493538534666,0,2022-11-18
AA-AA-000-0000,kri0002,134,0,4554,0,-0.442940039545499,0,2022-11-18
AA-AA-000-0000,kri0002,83,0,4471,0,-0.438885024145798,0,2022-11-18
AA-AA-000-0000,kri0002,80,0,4370,0,-0.433899495765081,0,2022-11-18
AA-AA-000-0000,kri0002,23,0,3948,0,-0.412417417996584,0,2022-11-18
AA-AA-000-0000,kri0002,35,0,3738,0,-0.401298998113391,0,2022-11-18
AA-AA-000-0000,kri0002,174,0,3734,0,-0.401084227427356,0,2022-11-18
AA-AA-000-0000,kri0002,187,0,3719,0,-0.400277811034664,0,2022-11-18
AA-AA-000-0000,kri0002,133,0,3699,0,-0.399200055144835,0,2022-11-18
AA-AA-000-0000,kri0002,147,0,3684,0,-0.398389824849157,0,2022-11-18
AA-AA-000-0000,kri0002,135,0,3676,0,-0.397957027518948,0,2022-11-18
AA-AA-000-0000,kri0002,177,0,3614,0,-0.394586752966471,0,2022-11-18
AA-AA-000-0000,kri0002,127,0,3586,0,-0.393055221115221,0,2022-11-18
AA-AA-000-0000,kri0002,184,0,3558,0,-0.391517698291211,0,2022-11-18
AA-AA-000-0000,kri0002,15,0,3550,0,-0.391077295791538,0,2022-11-18
AA-AA-000-0000,kri0002,97,0,3545,0,-0.390801792202718,0,2022-11-18
AA-AA-000-0000,kri0002,153,0,3516,0,-0.389200025589948,0,2022-11-18
AA-AA-000-0000,kri0002,44,0,3357,0,-0.380298049147859,0,2022-11-18
AA-AA-000-0000,kri0002,176,0,3344,0,-0.379560981792487,0,2022-11-18
AA-AA-000-0000,kri0002,109,0,3284,0,-0.376140416549577,0,2022-11-18
AA-AA-000-0000,kri0002,186,0,3203,0,-0.371472694752771,0,2022-11-18
AA-AA-000-0000,kri0002,166,1,13419,7.45212012817647e-05,-0.365338367648216,0,2022-11-18
AA-AA-000-0000,kri0002,27,0,3034,0,-0.361539884692969,0,2022-11-18
AA-AA-000-0000,kri0002,39,0,2957,0,-0.356922633920034,0,2022-11-18
AA-AA-000-0000,kri0002,10,1,13112,7.62660158633313e-05,-0.351993022085046,0,2022-11-18
AA-AA-000-0000,kri0002,96,0,2874,0,-0.351877752055035,0,2022-11-18
AA-AA-000-0000,kri0002,144,0,2793,0,-0.346883701514067,0,2022-11-18
AA-AA-000-0000,kri0002,106,0,2774,0,-0.345701811531255,0,2022-11-18
AA-AA-000-0000,kri0002,172,2,21638,9.24299842869027e-05,-0.343379690979024,0,2022-11-18
AA-AA-000-0000,kri0002,49,0,2717,0,-0.342131645504567,0,2022-11-18
AA-AA-000-0000,kri0002,142,0,2693,0,-0.340617222818793,0,2022-11-18
AA-AA-000-0000,kri0002,73,0,2687,0,-0.34023756389774,0,2022-11-18
AA-AA-000-0000,kri0002,68,0,2679,0,-0.339730692012723,0,2022-11-18
AA-AA-000-0000,kri0002,124,0,2632,0,-0.336737411709252,0,2022-11-18
AA-AA-000-0000,kri0002,47,0,2522,0,-0.32962562636998,0,2022-11-18
AA-AA-000-0000,kri0002,151,0,2376,0,-0.319942287159175,0,2022-11-18
AA-AA-000-0000,kri0002,102,0,2355,0,-0.318525262788728,0,2022-11-18
AA-AA-000-0000,kri0002,60,0,2298,0,-0.314646886833955,0,2022-11-18
AA-AA-000-0000,kri0002,163,0,2282,0,-0.313549597051327,0,2022-11-18
AA-AA-000-0000,kri0002,120,0,2271,0,-0.312792977418876,0,2022-11-18
AA-AA-000-0000,kri0002,101,0,2237,0,-0.310442676444716,0,2022-11-18
AA-AA-000-0000,kri0002,161,0,2222,0,-0.309400103222125,0,2022-11-18
AA-AA-000-0000,kri0002,105,0,2180,0,-0.306462029814184,0,2022-11-18
AA-AA-000-0000,kri0002,81,0,2129,0,-0.302856052723435,0,2022-11-18
AA-AA-000-0000,kri0002,19,0,2116,0,-0.301929994178832,0,2022-11-18
AA-AA-000-0000,kri0002,53,0,2096,0,-0.300499716149228,0,2022-11-18
AA-AA-000-0000,kri0002,181,0,2089,0,-0.299997507844807,0,2022-11-18
AA-AA-000-0000,kri0002,188,0,2032,0,-0.29587636788491,0,2022-11-18
AA-AA-000-0000,kri0002,107,0,2025,0,-0.295366298653205,0,2022-11-18
AA-AA-000-0000,kri0002,70,0,2020,0,-0.295001423531021,0,2022-11-18
AA-AA-000-0000,kri0002,32,0,2013,0,-0.294489838861474,0,2022-11-18
AA-AA-000-0000,kri0002,25,0,1915,0,-0.287231995946221,0,2022-11-18
AA-AA-000-0000,kri0002,130,0,1876,0,-0.284292134319748,0,2022-11-18
AA-AA-000-0000,kri0002,143,2,20038,9.98103603154007e-05,-0.282636286195105,0,2022-11-18
AA-AA-000-0000,kri0002,136,0,1765,0,-0.275753340237756,0,2022-11-18
AA-AA-000-0000,kri0002,116,0,1739,0,-0.273714760434103,0,2022-11-18
AA-AA-000-0000,kri0002,3,0,1666,0,-0.267908150036388,0,2022-11-18
AA-AA-000-0000,kri0002,115,0,1652,0,-0.266780110710255,0,2022-11-18
AA-AA-000-0000,kri0002,111,0,1597,0,-0.262301566957107,0,2022-11-18
AA-AA-000-0000,kri0002,112,0,1596,0,-0.262219430876509,0,2022-11-18
AA-AA-000-0000,kri0002,150,0,1591,0,-0.261808363950495,0,2022-11-18
AA-AA-000-0000,kri0002,119,0,1514,0,-0.255394396600715,0,2022-11-18
AA-AA-000-0000,kri0002,183,0,1513,0,-0.255310038416217,0,2022-11-18
AA-AA-000-0000,kri0002,185,0,1470,0,-0.251655886998706,0,2022-11-18
AA-AA-000-0000,kri0002,40,0,1456,0,-0.250454658722416,0,2022-11-18
AA-AA-000-0000,kri0002,168,0,1437,0,-0.248815144626794,0,2022-11-18
AA-AA-000-0000,kri0002,41,0,1430,0,-0.248208383224621,0,2022-11-18
AA-AA-000-0000,kri0002,178,0,1429,0,-0.248121581898929,0,2022-11-18
AA-AA-000-0000,kri0002,129,0,1423,0,-0.247600134915772,0,2022-11-18
AA-AA-000-0000,kri0002,16,0,1411,0,-0.246553932483079,0,2022-11-18
AA-AA-000-0000,kri0002,57,0,1356,0,-0.241700902316165,0,2022-11-18
AA-AA-000-0000,kri0002,100,0,1354,0,-0.241522591039725,0,2022-11-18
AA-AA-000-0000,kri0002,18,0,1350,0,-0.24116557297162,0,2022-11-18
AA-AA-000-0000,kri0002,162,0,1346,0,-0.240808025594906,0,2022-11-18
AA-AA-000-0000,kri0002,98,0,1346,0,-0.240808025594906,0,2022-11-18
AA-AA-000-0000,kri0002,82,0,1345,0,-0.240718555769936,0,2022-11-18
AA-AA-000-0000,kri0002,148,0,1328,0,-0.239192448479798,0,2022-11-18
AA-AA-000-0000,kri0002,52,0,1094,0,-0.217098632549188,0,2022-11-18
AA-AA-000-0000,kri0002,92,1,10166,9.83671060397403e-05,-0.207973364106906,0,2022-11-18
AA-AA-000-0000,kri0002,182,0,1000,0,-0.207562277288367,0,2022-11-18
AA-AA-000-0000,kri0002,85,1,10099,9.90197049212793e-05,-0.204286036797361,0,2022-11-18
AA-AA-000-0000,kri0002,65,0,847,0,-0.191024966465914,0,2022-11-18
AA-AA-000-0000,kri0002,31,0,841,0,-0.190347170243177,0,2022-11-18
AA-AA-000-0000,kri0002,36,0,840,0,-0.190233969418271,0,2022-11-18
AA-AA-000-0000,kri0002,45,0,775,0,-0.182725550180258,0,2022-11-18
AA-AA-000-0000,kri0002,110,0,759,0,-0.180829513922446,0,2022-11-18
AA-AA-000-0000,kri0002,180,0,757,0,-0.180591109713412,0,2022-11-18
AA-AA-000-0000,kri0002,38,0,757,0,-0.180591109713412,0,2022-11-18
AA-AA-000-0000,kri0002,126,0,754,0,-0.180232912118354,0,2022-11-18
AA-AA-000-0000,kri0002,66,0,754,0,-0.180232912118354,0,2022-11-18
AA-AA-000-0000,kri0002,87,0,750,0,-0.179754204999076,0,2022-11-18
AA-AA-000-0000,kri0002,14,0,738,0,-0.178310372742059,0,2022-11-18
AA-AA-000-0000,kri0002,158,0,708,0,-0.174648578748349,0,2022-11-18
AA-AA-000-0000,kri0002,175,0,679,0,-0.171034339210515,0,2022-11-18
AA-AA-000-0000,kri0002,20,0,675,0,-0.170529812036971,0,2022-11-18
AA-AA-000-0000,kri0002,6,0,674,0,-0.170403446838412,0,2022-11-18
AA-AA-000-0000,kri0002,123,0,673,0,-0.170276987862302,0,2022-11-18
AA-AA-000-0000,kri0002,46,0,673,0,-0.170276987862302,0,2022-11-18
AA-AA-000-0000,kri0002,55,0,673,0,-0.170276987862302,0,2022-11-18
AA-AA-000-0000,kri0002,78,0,673,0,-0.170276987862302,0,2022-11-18
AA-AA-000-0000,kri0002,117,0,672,0,-0.170150434899548,0,2022-11-18
AA-AA-000-0000,kri0002,42,0,672,0,-0.170150434899548,0,2022-11-18
AA-AA-000-0000,kri0002,33,0,670,0,-0.169897046173849,0,2022-11-18
AA-AA-000-0000,kri0002,72,0,667,0,-0.169516252913223,0,2022-11-18
AA-AA-000-0000,kri0002,99,0,662,0,-0.168879689444806,0,2022-11-18
AA-AA-000-0000,kri0002,159,0,560,0,-0.155325385606328,0,2022-11-18
AA-AA-000-0000,kri0002,48,0,531,0,-0.151250105930917,0,2022-11-18
AA-AA-000-0000,kri0002,69,1,8744,0.000114364135407136,-0.124433201737799,0,2022-11-18
AA-AA-000-0000,kri0002,63,1,7603,0.000131527028804419,-0.0475541426928597,0,2022-11-18
AA-AA-000-0000,kri0002,149,1,7178,0.000139314572304263,-0.0160159618822364,0,2022-11-18
AA-AA-000-0000,kri0002,145,0,4,0,-0.0131273910512536,0,2022-11-18
AA-AA-000-0000,kri0002,4,1,6192,0.000161498708010336,0.065001018517557,0,2022-11-18
AA-AA-000-0000,kri0002,54,2,12817,0.000156042755715066,0.065255201033579,0,2022-11-18
AA-AA-000-0000,kri0002,146,1,5983,0.000167140230653518,0.0838617551041508,0,2022-11-18
AA-AA-000-0000,kri0002,137,1,5789,0.000172741406115046,0.101991229746057,0,2022-11-18
AA-AA-000-0000,kri0002,62,4,23569,0.000169714455428741,0.1845299202164,0,2022-11-18
AA-AA-000-0000,kri0002,190,1,4955,0.000201816347124117,0.188007422954338,0,2022-11-18
AA-AA-000-0000,kri0002,164,1,4932,0.000202757502027575,0.190594927105334,0,2022-11-18
AA-AA-000-0000,kri0002,43,4,23066,0.000173415416630538,0.208269624885463,0,2022-11-18
AA-AA-000-0000,kri0002,138,1,4705,0.000212539851222104,0.21686027564191,0,2022-11-18
AA-AA-000-0000,kri0002,114,1,4678,0.000213766566908935,0.22007628867248,0,2022-11-18
AA-AA-000-0000,kri0002,26,1,4660,0.000214592274678112,0.222231643687504,0,2022-11-18
AA-AA-000-0000,kri0002,121,1,4456,0.000224416517055655,0.24732055640888,0,2022-11-18
AA-AA-000-0000,kri0002,29,1,4346,0.000230096640589047,0.261382988711004,0,2022-11-18
AA-AA-000-0000,kri0002,76,2,9390,0.000212992545260916,0.308367886958724,0,2022-11-18
AA-AA-000-0000,kri0002,89,1,3521,0.000284010224368077,0.381652689627938,0,2022-11-18
AA-AA-000-0000,kri0002,22,1,3366,0.00029708853238265,0.407876800639092,0,2022-11-18
AA-AA-000-0000,kri0002,103,1,3100,0.00032258064516129,0.456373996899418,0,2022-11-18
AA-AA-000-0000,kri0002,56,4,18146,0.000220434255483302,0.474543104759141,0,2022-11-18
AA-AA-000-0000,kri0002,75,2,7621,0.000262432751607401,0.475297086212791,0,2022-11-18
AA-AA-000-0000,kri0002,128,1,2961,0.000337723741979061,0.483729631171687,0,2022-11-18
AA-AA-000-0000,kri0002,51,2,7513,0.000266205244243312,0.486879460290578,0,2022-11-18
AA-AA-000-0000,kri0002,64,1,2690,0.000371747211895911,0.541807195414399,0,2022-11-18
AA-AA-000-0000,kri0002,11,2,6494,0.000307976593778873,0.606685035146417,0,2022-11-18
AA-AA-000-0000,kri0002,84,1,2126,0.000470366886171214,0.689738803517983,0,2022-11-18
AA-AA-000-0000,kri0002,94,6,24999,0.000240009600384015,0.698610975945357,0,2022-11-18
AA-AA-000-0000,kri0002,59,2,5719,0.000349711488022382,0.713751519802097,0,2022-11-18
AA-AA-000-0000,kri0002,9,1,1606,0.00062266500622665,0.878753625643393,0,2022-11-18
AA-AA-000-0000,kri0002,5,8,30252,0.000264445325928864,0.96298728828818,0,2022-11-18
AA-AA-000-0000,kri0002,167,4,10471,0.000382007449145258,1.11700405167703,0,2022-11-18
AA-AA-000-0000,kri0002,139,11,41429,0.000265514494677641,1.13688456188008,0,2022-11-18
AA-AA-000-0000,kri0002,140,14,48028,0.000291496626967602,1.48462921551317,0,2022-11-18
AA-AA-000-0000,kri0002,58,6,14386,0.000417072153482552,1.50171672460709,0,2022-11-18
AA-AA-000-0000,kri0002,132,1,671,0.0014903129657228,1.59641660327317,0,2022-11-18
AA-AA-000-0000,kri0002,171,1,671,0.0014903129657228,1.59641660327317,0,2022-11-18
AA-AA-000-0000,kri0002,12,1,624,0.0016025641025641,1.66779632646501,0,2022-11-18
AA-AA-000-0000,kri0002,173,8,19720,0.000405679513184584,1.68500827789609,0,2022-11-18
AA-AA-000-0000,kri0002,50,4,6044,0.000661813368630046,1.84399696481858,0,2022-11-18
AA-AA-000-0000,kri0003,75,98,7957,0.0123161995727033,3.1937799041598,2,2022-11-18
AA-AA-000-0000,kri0003,114,74,4976,0.014871382636656,3.30665728167083,2,2022-11-18
AA-AA-000-0000,kri0003,68,55,2852,0.0192847124824684,3.52463754617263,2,2022-11-18
AA-AA-000-0000,kri0003,173,223,20748,0.0107480239059186,4.17847448599511,2,2022-11-18
AA-AA-000-0000,kri0003,134,54,4824,0.0111940298507463,2.14903506476361,1,2022-11-18
AA-AA-000-0000,kri0003,186,44,3396,0.0129564193168433,2.24814402824476,1,2022-11-18
AA-AA-000-0000,kri0003,92,111,10653,0.0104196001126443,2.84721196166305,1,2022-11-18
AA-AA-000-0000,kri0003,94,10,26286,0.000380430647492962,-2.58034386843208,-1,2022-11-18
AA-AA-000-0000,kri0003,5,51,31992,0.00159414853713428,-1.90598700687899,0,2022-11-18
AA-AA-000-0000,kri0003,56,18,19049,0.000944931492466796,-1.85900242583613,0,2022-11-18
AA-AA-000-0000,kri0003,118,15,13401,0.00111931945377211,-1.47176267065818,0,2022-11-18
AA-AA-000-0000,kri0003,4,1,6566,0.000152299725860493,-1.36973258369586,0,2022-11-18
AA-AA-000-0000,kri0003,139,113,43704,0.00258557569101226,-1.32961969592141,0,2022-11-18
AA-AA-000-0000,kri0003,69,8,9175,0.000871934604904632,-1.3204675374296,0,2022-11-18
AA-AA-000-0000,kri0003,91,17,12408,0.00137008381689233,-1.29514824283548,0,2022-11-18
AA-AA-000-0000,kri0003,156,5,6832,0.000731850117096019,-1.18963125832033,0,2022-11-18
AA-AA-000-0000,kri0003,58,29,15101,0.00192040262234289,-1.13576551281492,0,2022-11-18
AA-AA-000-0000,kri0003,61,27,13980,0.001931330472103,-1.08719805253996,0,2022-11-18
AA-AA-000-0000,kri0003,177,1,3792,0.000263713080168776,-1.01119667859978,0,2022-11-18
AA-AA-000-0000,kri0003,121,3,4670,0.000642398286937902,-1.01003898888123,0,2022-11-18
AA-AA-000-0000,kri0003,59,7,6053,0.00115645134643978,-0.976614631203129,0,2022-11-18
AA-AA-000-0000,kri0003,142,0,2831,0,-0.934518183081719,0,2022-11-18
AA-AA-000-0000,kri0003,97,2,3717,0.000538068334678504,-0.928667953789574,0,2022-11-18
AA-AA-000-0000,kri0003,128,1,3213,0.000311235605353252,-0.919128683233805,0,2022-11-18
AA-AA-000-0000,kri0003,164,6,5193,0.00115540150202195,-0.904907964593793,0,2022-11-18
AA-AA-000-0000,kri0003,147,3,3883,0.000772598506309555,-0.885852184229638,0,2022-11-18
AA-AA-000-0000,kri0003,80,5,4575,0.00109289617486339,-0.867677553956349,0,2022-11-18
AA-AA-000-0000,kri0003,152,8,5572,0.00143575017946877,-0.84666911903145,0,2022-11-18
AA-AA-000-0000,kri0003,124,1,2751,0.000363504180298073,-0.838604995770881,0,2022-11-18
AA-AA-000-0000,kri0003,86,41,15968,0.00256763527054108,-0.813519902591252,0,2022-11-18
AA-AA-000-0000,kri0003,188,0,2117,0,-0.808124456732505,0,2022-11-18
AA-AA-000-0000,kri0003,141,21,9602,0.00218704436575713,-0.792446394411907,0,2022-11-18
AA-AA-000-0000,kri0003,151,1,2480,0.000403225806451613,-0.78765754670491,0,2022-11-18
AA-AA-000-0000,kri0003,176,4,3536,0.00113122171945701,-0.752939301382435,0,2022-11-18
AA-AA-000-0000,kri0003,103,4,3256,0.00122850122850123,-0.698460847219089,0,2022-11-18
AA-AA-000-0000,kri0003,163,2,2387,0.000837871805613741,-0.680731837655341,0,2022-11-18
AA-AA-000-0000,kri0003,82,0,1422,0,-0.662319618538724,0,2022-11-18
AA-AA-000-0000,kri0003,77,37,13320,0.00277777777777778,-0.637919149019188,0,2022-11-18
AA-AA-000-0000,kri0003,115,1,1757,0.000569151963574274,-0.632838342849398,0,2022-11-18
AA-AA-000-0000,kri0003,133,7,3881,0.00180365885081165,-0.607295674894603,0,2022-11-18
AA-AA-000-0000,kri0003,166,42,14349,0.00292703324273469,-0.584629541783693,0,2022-11-18
AA-AA-000-0000,kri0003,85,29,10519,0.00275691605665938,-0.576163818711982,0,2022-11-18
AA-AA-000-0000,kri0003,18,1,1430,0.000699300699300699,-0.549593555445519,0,2022-11-18
AA-AA-000-0000,kri0003,106,5,2881,0.00173550850399167,-0.539089302785515,0,2022-11-18
AA-AA-000-0000,kri0003,137,15,5984,0.00250668449197861,-0.518441130989291,0,2022-11-18
AA-AA-000-0000,kri0003,167,32,10875,0.00294252873563218,-0.501959087084111,0,2022-11-18
AA-AA-000-0000,kri0003,66,0,796,0,-0.495535023600818,0,2022-11-18
AA-AA-000-0000,kri0003,138,12,4913,0.00244249949114594,-0.489255423924351,0,2022-11-18
AA-AA-000-0000,kri0003,46,0,738,0,-0.477140193302998,0,2022-11-18
AA-AA-000-0000,kri0003,12,0,723,0,-0.472266314818956,0,2022-11-18
AA-AA-000-0000,kri0003,33,0,713,0,-0.468988923974735,0,2022-11-18
AA-AA-000-0000,kri0003,42,0,702,0,-0.465357135304825,0,2022-11-18
AA-AA-000-0000,kri0003,159,0,629,0,-0.440497191678593,0,2022-11-18
AA-AA-000-0000,kri0003,51,23,7886,0.00291656099416688,-0.437439072599507,0,2022-11-18
AA-AA-000-0000,kri0003,131,14,5246,0.00266869996187572,-0.434572351009512,0,2022-11-18
AA-AA-000-0000,kri0003,57,2,1413,0.00141542816702052,-0.429672828673519,0,2022-11-18
AA-AA-000-0000,kri0003,48,0,595,0,-0.42842647846621,0,2022-11-18
AA-AA-000-0000,kri0003,155,23,7803,0.00294758426246316,-0.423256339950614,0,2022-11-18
AA-AA-000-0000,kri0003,120,5,2406,0.00207813798836243,-0.419824271999553,0,2022-11-18
AA-AA-000-0000,kri0003,170,75,21878,0.00342810128896608,-0.400748872241511,0,2022-11-18
AA-AA-000-0000,kri0003,22,9,3570,0.00252100840336135,-0.396731796655776,0,2022-11-18
AA-AA-000-0000,kri0003,29,13,4702,0.00276478094427903,-0.382875355931824,0,2022-11-18
AA-AA-000-0000,kri0003,27,8,3167,0.00252604988948532,-0.372439507702849,0,2022-11-18
AA-AA-000-0000,kri0003,64,7,2833,0.00247087892693258,-0.364977585826462,0,2022-11-18
AA-AA-000-0000,kri0003,70,5,2146,0.00232991612301957,-0.345952245158746,0,2022-11-18
AA-AA-000-0000,kri0003,126,1,792,0.00126262626262626,-0.340317389399949,0,2022-11-18
AA-AA-000-0000,kri0003,146,19,6195,0.00306698950766747,-0.336408401375558,0,2022-11-18
AA-AA-000-0000,kri0003,113,19,6174,0.00307742144476838,-0.332285922986673,0,2022-11-18
AA-AA-000-0000,kri0003,72,1,744,0.00134408602150538,-0.320215676781228,0,2022-11-18
AA-AA-000-0000,kri0003,44,10,3534,0.00282965478211658,-0.315221116650188,0,2022-11-18
AA-AA-000-0000,kri0003,123,1,705,0.00141843971631206,-0.303155381780236,0,2022-11-18
AA-AA-000-0000,kri0003,17,34,9809,0.00346620450606586,-0.251985014106095,0,2022-11-18
AA-AA-000-0000,kri0003,32,6,2110,0.0028436018957346,-0.240793649521045,0,2022-11-18
AA-AA-000-0000,kri0003,41,4,1507,0.0026542800265428,-0.235344429191081,0,2022-11-18
AA-AA-000-0000,kri0003,105,7,2285,0.00306345733041576,-0.205041460910515,0,2022-11-18
AA-AA-000-0000,kri0003,100,4,1425,0.00280701754385965,-0.203868427563291,0,2022-11-18
AA-AA-000-0000,kri0003,83,16,4736,0.00337837837837838,-0.201282497279902,0,2022-11-18
AA-AA-000-0000,kri0003,190,18,5226,0.0034443168771527,-0.190783884628932,0,2022-11-18
AA-AA-000-0000,kri0003,30,20,5749,0.00347886588971995,-0.188751808613265,0,2022-11-18
AA-AA-000-0000,kri0003,140,197,50949,0.00386661170974896,-0.182662822934208,0,2022-11-18
AA-AA-000-0000,kri0003,180,2,780,0.00256410256410256,-0.180227741149358,0,2022-11-18
AA-AA-000-0000,kri0003,43,92,24166,0.00380700157245717,-0.165954739448449,0,2022-11-18
AA-AA-000-0000,kri0003,127,13,3779,0.00344006350886478,-0.163368309691668,0,2022-11-18
AA-AA-000-0000,kri0003,187,14,3910,0.00358056265984655,-0.128107477540863,0,2022-11-18
AA-AA-000-0000,kri0003,62,95,24569,0.0038666612397737,-0.126812153918899,0,2022-11-18
AA-AA-000-0000,kri0003,178,5,1511,0.00330906684315023,-0.125367178745066,0,2022-11-18
AA-AA-000-0000,kri0003,23,15,4161,0.00360490266762797,-0.125352090712057,0,2022-11-18
AA-AA-000-0000,kri0003,143,81,20902,0.00387522725098077,-0.111600093719133,0,2022-11-18
AA-AA-000-0000,kri0003,98,5,1420,0.00352112676056338,-0.0869072838000982,0,2022-11-18
AA-AA-000-0000,kri0003,8,73,18655,0.00391316001072099,-0.082981127131555,0,2022-11-18
AA-AA-000-0000,kri0003,181,8,2183,0.00366468163078333,-0.0786919635916806,0,2022-11-18
AA-AA-000-0000,kri0003,144,11,2949,0.00373007799253984,-0.0760736776765174,0,2022-11-18
AA-AA-000-0000,kri0003,47,10,2658,0.00376222723852521,-0.065040759110334,0,2022-11-18
AA-AA-000-0000,kri0003,13,20,5129,0.00389939559368298,-0.0477823522745746,0,2022-11-18
AA-AA-000-0000,kri0003,157,22,5594,0.0039327851269217,-0.0390802205814697,0,2022-11-18
AA-AA-000-0000,kri0003,38,3,798,0.0037593984962406,-0.0359839463126834,0,2022-11-18
AA-AA-000-0000,kri0003,129,6,1493,0.00401875418620228,-0.00579576686129513,0,2022-11-18
AA-AA-000-0000,kri0003,71,32,7865,0.00406865861411316,0.00587499981207833,0,2022-11-18
AA-AA-000-0000,kri0003,10,56,13774,0.00406563089879483,0.00623505037326334,0,2022-11-18
AA-AA-000-0000,kri0003,117,3,706,0.00424929178470255,0.0225572284833754,0,2022-11-18
AA-AA-000-0000,kri0003,189,96,23364,0.00410888546481767,0.0367693571716325,0,2022-11-18
AA-AA-000-0000,kri0003,172,94,22818,0.00411955473748795,0.0433207125985383,0,2022-11-18
AA-AA-000-0000,kri0003,76,41,9840,0.00416666666666667,0.0486984015834716,0,2022-11-18
AA-AA-000-0000,kri0003,28,10,2286,0.00437445319335083,0.066520680873081,0,2022-11-18
AA-AA-000-0000,kri0003,160,24,5547,0.00432666306111412,0.0881979710106271,0,2022-11-18
AA-AA-000-0000,kri0003,149,32,7453,0.00429357305782906,0.0898555512053062,0,2022-11-18
AA-AA-000-0000,kri0003,19,10,2209,0.00452693526482571,0.0964448114241556,0,2022-11-18
AA-AA-000-0000,kri0003,49,13,2884,0.00450762829403606,0.105706489080321,0,2022-11-18
AA-AA-000-0000,kri0003,87,4,788,0.0050761421319797,0.124406582035197,0,2022-11-18
AA-AA-000-0000,kri0003,162,7,1430,0.0048951048951049,0.137925535302584,0,2022-11-18
AA-AA-000-0000,kri0003,52,6,1205,0.0049792531120332,0.139267901699315,0,2022-11-18
AA-AA-000-0000,kri0003,122,31,6948,0.00446171560161197,0.147488751598141,0,2022-11-18
AA-AA-000-0000,kri0003,132,4,713,0.00561009817671809,0.180118769715752,0,2022-11-18
AA-AA-000-0000,kri0003,60,12,2431,0.00493624023035788,0.188621280826159,0,2022-11-18
AA-AA-000-0000,kri0003,168,8,1528,0.00523560209424084,0.200246903076927,0,2022-11-18
AA-AA-000-0000,kri0003,174,19,3944,0.00481744421906694,0.207924327966628,0,2022-11-18
AA-AA-000-0000,kri0003,154,3,475,0.00631578947368421,0.213659097729654,0,2022-11-18
AA-AA-000-0000,kri0003,81,12,2292,0.00523560209424084,0.245251367555515,0,2022-11-18
AA-AA-000-0000,kri0003,150,9,1647,0.00546448087431694,0.248147182025643,0,2022-11-18
AA-AA-000-0000,kri0003,111,9,1633,0.00551132884262094,0.255293507379981,0,2022-11-18
AA-AA-000-0000,kri0003,39,16,3119,0.0051298493106765,0.260504210182175,0,2022-11-18
AA-AA-000-0000,kri0003,130,11,2040,0.0053921568627451,0.262016070223169,0,2022-11-18
AA-AA-000-0000,kri0003,161,13,2413,0.00538748445917945,0.283970453186873,0,2022-11-18
AA-AA-000-0000,kri0003,16,9,1536,0.005859375,0.306701565018786,0,2022-11-18
AA-AA-000-0000,kri0003,54,63,13479,0.00467393723569998,0.312189961671724,0,2022-11-18
AA-AA-000-0000,kri0003,112,10,1691,0.00591366055588409,0.33147747633988,0,2022-11-18
AA-AA-000-0000,kri0003,20,5,720,0.00694444444444444,0.33614526209998,0,2022-11-18
AA-AA-000-0000,kri0003,171,5,715,0.00699300699300699,0.340602786942838,0,2022-11-18
AA-AA-000-0000,kri0003,78,5,715,0.00699300699300699,0.340602786942838,0,2022-11-18
AA-AA-000-0000,kri0003,6,5,709,0.00705218617771509,0.345998675357009,0,2022-11-18
AA-AA-000-0000,kri0003,65,6,885,0.00677966101694915,0.351435246219482,0,2022-11-18
AA-AA-000-0000,kri0003,148,9,1411,0.00637845499645641,0.378445893909894,0,2022-11-18
AA-AA-000-0000,kri0003,7,39,7678,0.00507944777285752,0.38958811351926,0,2022-11-18
AA-AA-000-0000,kri0003,107,13,2115,0.00614657210401891,0.417126515279702,0,2022-11-18
AA-AA-000-0000,kri0003,102,15,2455,0.00610997963340122,0.441549158458973,0,2022-11-18
AA-AA-000-0000,kri0003,50,35,6531,0.00535905680600214,0.457225303814671,0,2022-11-18
AA-AA-000-0000,kri0003,109,21,3422,0.00613676212741087,0.528095503662227,0,2022-11-18
AA-AA-000-0000,kri0003,9,12,1691,0.00709639266706091,0.542223661618936,0,2022-11-18
AA-AA-000-0000,kri0003,84,15,2214,0.00677506775067751,0.554919735135933,0,2022-11-18
AA-AA-000-0000,kri0003,136,14,1843,0.00759631036353771,0.659064610187656,0,2022-11-18
AA-AA-000-0000,kri0003,26,31,4966,0.00624244865082561,0.668445764085109,0,2022-11-18
AA-AA-000-0000,kri0003,3,12,1441,0.00832755031228314,0.703050174497999,0,2022-11-18
AA-AA-000-0000,kri0003,182,10,1070,0.00934579439252336,0.750149889031186,0,2022-11-18
AA-AA-000-0000,kri0003,153,26,3637,0.00714874896893044,0.808885319168579,0,2022-11-18
AA-AA-000-0000,kri0003,175,8,723,0.0110650069156293,0.816939835419922,0,2022-11-18
AA-AA-000-0000,kri0003,104,44,6910,0.00636758321273517,0.833573403147036,0,2022-11-18
AA-AA-000-0000,kri0003,96,23,3019,0.00761841669426963,0.848786105326001,0,2022-11-18
AA-AA-000-0000,kri0003,165,6,441,0.0136054421768707,0.869197368055251,0,2022-11-18
AA-AA-000-0000,kri0003,35,29,3921,0.00739607243050242,0.906979806089164,0,2022-11-18
AA-AA-000-0000,kri0003,119,15,1570,0.00955414012738853,0.944440977551924,0,2022-11-18
AA-AA-000-0000,kri0003,116,17,1821,0.00933552992861065,0.97671535916983,0,2022-11-18
AA-AA-000-0000,kri0003,55,9,697,0.0129124820659971,1.01346346135022,0,2022-11-18
AA-AA-000-0000,kri0003,63,53,7931,0.00668263775059892,1.01461260858846,0,2022-11-18
AA-AA-000-0000,kri0003,110,10,804,0.0124378109452736,1.03015753748452,0,2022-11-18
AA-AA-000-0000,kri0003,145,2,53,0.0377358490566038,1.06253564546468,0,2022-11-18
AA-AA-000-0000,kri0003,184,30,3704,0.00809935205183585,1.06699142472508,0,2022-11-18
AA-AA-000-0000,kri0003,31,11,858,0.0128205128205128,1.11276443374518,0,2022-11-18
AA-AA-000-0000,kri0003,15,31,3720,0.00833333333333333,1.13113127065339,0,2022-11-18
AA-AA-000-0000,kri0003,99,10,703,0.0142247510668563,1.1685817548677,0,2022-11-18
AA-AA-000-0000,kri0003,14,11,770,0.0142857142857143,1.23033115227944,0,2022-11-18
AA-AA-000-0000,kri0003,40,18,1604,0.0112219451371571,1.24404626059971,0,2022-11-18
AA-AA-000-0000,kri0003,135,34,3890,0.00874035989717224,1.26668991254624,0,2022-11-18
AA-AA-000-0000,kri0003,34,52,6842,0.00760011692487577,1.27122732084264,0,2022-11-18
AA-AA-000-0000,kri0003,183,19,1666,0.0114045618247299,1.30015988191703,0,2022-11-18
AA-AA-000-0000,kri0003,45,12,797,0.0150564617314931,1.34600108250408,0,2022-11-18
AA-AA-000-0000,kri0003,179,32,3387,0.0094478889873044,1.36038496380554,0,2022-11-18
AA-AA-000-0000,kri0003,11,55,6784,0.00810731132075472,1.44684452774261,0,2022-11-18
AA-AA-000-0000,kri0003,89,36,3674,0.00979858464888405,1.50895863892113,0,2022-11-18
AA-AA-000-0000,kri0003,36,14,883,0.0158550396375991,1.5195861303986,0,2022-11-18
AA-AA-000-0000,kri0003,158,13,744,0.0174731182795699,1.586106537017,0,2022-11-18
AA-AA-000-0000,kri0003,67,63,7627,0.00826012849088764,1.59193724256656,0,2022-11-18
AA-AA-000-0000,kri0003,73,32,2873,0.0111381830838844,1.6454993540633,0,2022-11-18
AA-AA-000-0000,kri0003,101,28,2358,0.0118744698897371,1.64566427585412,0,2022-11-18
AA-AA-000-0000,kri0003,25,26,2034,0.0127826941986234,1.70591586500146,0,2022-11-18
AA-AA-000-0000,kri0003,53,28,2217,0.0126296797474064,1.74978550627124,0,2022-11-18
AA-AA-000-0000,kri0003,185,24,1695,0.0141592920353982,1.80286126616798,0,2022-11-18
AA-AA-000-0000,kri0004,145,1,53,0.0188679245283019,3.03829258153646,2,2022-11-18
AA-AA-000-0000,kri0004,20,4,720,0.00555555555555556,3.08636184402543,2,2022-11-18
AA-AA-000-0000,kri0004,186,11,3396,0.00323910482921084,3.63730866598394,2,2022-11-18
AA-AA-000-0000,kri0004,173,48,20748,0.00231347599768652,5.96265043366507,2,2022-11-18
AA-AA-000-0000,kri0004,26,9,4966,0.0018123238018526,2.11510408312665,1,2022-11-18
AA-AA-000-0000,kri0004,158,3,744,0.00403225806451613,2.19379189184214,1,2022-11-18
AA-AA-000-0000,kri0004,114,10,4976,0.0020096463022508,2.4333350395363,1,2022-11-18
AA-AA-000-0000,kri0004,75,14,7957,0.00175945708181475,2.57024242516185,1,2022-11-18
AA-AA-000-0000,kri0004,7,14,7678,0.00182339150820526,2.65200378848262,1,2022-11-18
AA-AA-000-0000,kri0004,139,7,43704,0.000160168405637928,-1.56908591058814,0,2022-11-18
AA-AA-000-0000,kri0004,94,3,26286,0.000114129194247889,-1.38639404492826,0,2022-11-18
AA-AA-000-0000,kri0004,118,0,13401,0,-1.28994200414277,0,2022-11-18
AA-AA-000-0000,kri0004,170,3,21878,0.000137124051558643,-1.18757800377983,0,2022-11-18
AA-AA-000-0000,kri0004,8,3,18655,0.000160814794961136,-1.02313641294156,0,2022-11-18
AA-AA-000-0000,kri0004,58,2,15101,0.000132441560161579,-0.99971306593564,0,2022-11-18
AA-AA-000-0000,kri0004,149,0,7453,0,-0.961982434118531,0,2022-11-18
AA-AA-000-0000,kri0004,166,2,14349,0.000139382535368318,-0.95562158532511,0,2022-11-18
AA-AA-000-0000,kri0004,167,1,10875,9.19540229885057e-05,-0.944257803131333,0,2022-11-18
AA-AA-000-0000,kri0004,85,1,10519,9.50660709192889e-05,-0.921425325336227,0,2022-11-18
AA-AA-000-0000,kri0004,4,0,6566,0,-0.902925712270564,0,2022-11-18
AA-AA-000-0000,kri0004,62,6,24569,0.000244210183564655,-0.877309732922588,0,2022-11-18
AA-AA-000-0000,kri0004,113,0,6174,0,-0.875557946106932,0,2022-11-18
AA-AA-000-0000,kri0004,59,0,6053,0,-0.866935761556627,0,2022-11-18
AA-AA-000-0000,kri0004,131,0,5246,0,-0.80707840002443,0,2022-11-18
AA-AA-000-0000,kri0004,140,17,50949,0.000333667000333667,-0.804803814740687,0,2022-11-18
AA-AA-000-0000,kri0004,164,0,5193,0,-0.802991119898145,0,2022-11-18
AA-AA-000-0000,kri0004,83,0,4736,0,-0.766844713731023,0,2022-11-18
AA-AA-000-0000,kri0004,29,0,4702,0,-0.76408714580862,0,2022-11-18
AA-AA-000-0000,kri0004,121,0,4670,0,-0.761482665641542,0,2022-11-18
AA-AA-000-0000,kri0004,51,1,7886,0.000126806999746386,-0.733801700343889,0,2022-11-18
AA-AA-000-0000,kri0004,10,3,13774,0.00021780165529258,-0.727270690744078,0,2022-11-18
AA-AA-000-0000,kri0004,155,1,7803,0.000128155837498398,-0.727224024539458,0,2022-11-18
AA-AA-000-0000,kri0004,23,0,4161,0,-0.718787372870927,0,2022-11-18
AA-AA-000-0000,kri0004,92,2,10653,0.000187740542570168,-0.710052038308648,0,2022-11-18
AA-AA-000-0000,kri0004,77,3,13320,0.000225225225225225,-0.695727603305288,0,2022-11-18
AA-AA-000-0000,kri0004,147,0,3883,0,-0.694360930562167,0,2022-11-18
AA-AA-000-0000,kri0004,86,4,15968,0.000250501002004008,-0.689215995289336,0,2022-11-18
AA-AA-000-0000,kri0004,22,0,3570,0,-0.665787579984379,0,2022-11-18
AA-AA-000-0000,kri0004,109,0,3422,0,-0.651840865314087,0,2022-11-18
AA-AA-000-0000,kri0004,91,3,12408,0.000241779497098646,-0.629610967243662,0,2022-11-18
AA-AA-000-0000,kri0004,27,0,3167,0,-0.627083845501563,0,2022-11-18
AA-AA-000-0000,kri0004,96,0,3019,0,-0.612256123955482,0,2022-11-18
AA-AA-000-0000,kri0004,144,0,2949,0,-0.605116461416022,0,2022-11-18
AA-AA-000-0000,kri0004,106,0,2881,0,-0.598099184669353,0,2022-11-18
AA-AA-000-0000,kri0004,69,2,9175,0.000217983651226158,-0.593170199952639,0,2022-11-18
AA-AA-000-0000,kri0004,64,0,2833,0,-0.593095827186487,0,2022-11-18
AA-AA-000-0000,kri0004,146,1,6195,0.000161420500403551,-0.588516108766226,0,2022-11-18
AA-AA-000-0000,kri0004,47,0,2658,0,-0.574485497306214,0,2022-11-18
AA-AA-000-0000,kri0004,137,1,5984,0.000167112299465241,-0.568407939262139,0,2022-11-18
AA-AA-000-0000,kri0004,151,0,2480,0,-0.554916223045925,0,2022-11-18
AA-AA-000-0000,kri0004,60,0,2431,0,-0.54940683831612,0,2022-11-18
AA-AA-000-0000,kri0004,120,0,2406,0,-0.546574533449498,0,2022-11-18
AA-AA-000-0000,kri0004,152,1,5572,0.000179468772433597,-0.527545009888514,0,2022-11-18
AA-AA-000-0000,kri0004,53,0,2217,0,-0.524667819782967,0,2022-11-18
AA-AA-000-0000,kri0004,107,0,2115,0,-0.512456217987504,0,2022-11-18
AA-AA-000-0000,kri0004,32,0,2110,0,-0.511850119350831,0,2022-11-18
AA-AA-000-0000,kri0004,13,1,5129,0.000194969779684149,-0.480928756595656,0,2022-11-18
AA-AA-000-0000,kri0004,136,0,1843,0,-0.47837034466618,0,2022-11-18
AA-AA-000-0000,kri0004,71,2,7865,0.000254291163382073,-0.476070342827186,0,2022-11-18
AA-AA-000-0000,kri0004,112,0,1691,0,-0.458219307917427,0,2022-11-18
AA-AA-000-0000,kri0004,138,1,4913,0.000203541624262162,-0.457048507585257,0,2022-11-18
AA-AA-000-0000,kri0004,150,0,1647,0,-0.45221855801358,0,2022-11-18
AA-AA-000-0000,kri0004,40,0,1604,0,-0.446276237783682,0,2022-11-18
AA-AA-000-0000,kri0004,119,0,1570,0,-0.441521043465773,0,2022-11-18
AA-AA-000-0000,kri0004,168,0,1528,0,-0.435575313988867,0,2022-11-18
AA-AA-000-0000,kri0004,178,0,1511,0,-0.433145506571261,0,2022-11-18
AA-AA-000-0000,kri0004,41,0,1507,0,-0.43257180366177,0,2022-11-18
AA-AA-000-0000,kri0004,18,0,1430,0,-0.421375809621792,0,2022-11-18
AA-AA-000-0000,kri0004,82,0,1422,0,-0.420195482906548,0,2022-11-18
AA-AA-000-0000,kri0004,98,0,1420,0,-0.41989988281164,0,2022-11-18
AA-AA-000-0000,kri0004,148,0,1411,0,-0.418567099006786,0,2022-11-18
AA-AA-000-0000,kri0004,76,3,9840,0.000304878048780488,-0.418541180548631,0,2022-11-18
AA-AA-000-0000,kri0004,141,3,9602,0.000312434909393876,-0.396632161096853,0,2022-11-18
AA-AA-000-0000,kri0004,52,0,1205,0,-0.386807694568769,0,2022-11-18
AA-AA-000-0000,kri0004,11,2,6784,0.000294811320754717,-0.366352662897631,0,2022-11-18
AA-AA-000-0000,kri0004,182,0,1070,0,-0.364496590331813,0,2022-11-18
AA-AA-000-0000,kri0004,187,1,3910,0.000255754475703325,-0.333590199485993,0,2022-11-18
AA-AA-000-0000,kri0004,65,0,885,0,-0.331492125703568,0,2022-11-18
AA-AA-000-0000,kri0004,36,0,883,0,-0.33111734647045,0,2022-11-18
AA-AA-000-0000,kri0004,133,1,3881,0.00025766555011595,-0.329647085595373,0,2022-11-18
AA-AA-000-0000,kri0004,177,1,3792,0.000263713080168776,-0.317388256973084,0,2022-11-18
AA-AA-000-0000,kri0004,110,0,804,0,-0.315958181528849,0,2022-11-18
AA-AA-000-0000,kri0004,38,0,798,0,-0.314777025313954,0,2022-11-18
AA-AA-000-0000,kri0004,66,0,796,0,-0.314382320424771,0,2022-11-18
AA-AA-000-0000,kri0004,87,0,788,0,-0.312798520323083,0,2022-11-18
AA-AA-000-0000,kri0004,180,0,780,0,-0.311206660013819,0,2022-11-18
AA-AA-000-0000,kri0004,97,1,3717,0.000269034167339252,-0.306866563890428,0,2022-11-18
AA-AA-000-0000,kri0004,46,0,738,0,-0.302712086924773,0,2022-11-18
AA-AA-000-0000,kri0004,171,0,715,0,-0.297957692411541,0,2022-11-18
AA-AA-000-0000,kri0004,78,0,715,0,-0.297957692411541,0,2022-11-18
AA-AA-000-0000,kri0004,132,0,713,0,-0.297540676542506,0,2022-11-18
AA-AA-000-0000,kri0004,33,0,713,0,-0.297540676542506,0,2022-11-18
AA-AA-000-0000,kri0004,6,0,709,0,-0.296704886474246,0,2022-11-18
AA-AA-000-0000,kri0004,117,0,706,0,-0.296076495610404,0,2022-11-18
AA-AA-000-0000,kri0004,123,0,705,0,-0.295866735402983,0,2022-11-18
AA-AA-000-0000,kri0004,99,0,703,0,-0.295446768214141,0,2022-11-18
AA-AA-000-0000,kri0004,42,0,702,0,-0.295236560597195,0,2022-11-18
AA-AA-000-0000,kri0004,55,0,697,0,-0.29418326947443,0,2022-11-18
AA-AA-000-0000,kri0004,43,10,24166,0.000413804518745345,-0.271363420491026,0,2022-11-18
AA-AA-000-0000,kri0004,154,0,475,0,-0.242855747485227,0,2022-11-18
AA-AA-000-0000,kri0004,128,1,3213,0.000311235605353252,-0.230980279248745,0,2022-11-18
AA-AA-000-0000,kri0004,189,10,23364,0.000428008902585174,-0.217515715653414,0,2022-11-18
AA-AA-000-0000,kri0004,190,2,5226,0.000382701875239189,-0.17725396283457,0,2022-11-18
AA-AA-000-0000,kri0004,134,2,4824,0.000414593698175788,-0.119997080118067,0,2022-11-18
AA-AA-000-0000,kri0004,102,1,2455,0.000407331975560081,-0.0937747709625545,0,2022-11-18
AA-AA-000-0000,kri0004,163,1,2387,0.000418935902806871,-0.0795920848616061,0,2022-11-18
AA-AA-000-0000,kri0004,81,1,2292,0.00043630017452007,-0.0591133414601912,0,2022-11-18
AA-AA-000-0000,kri0004,19,1,2209,0.000452693526482571,-0.0405356116104828,0,2022-11-18
AA-AA-000-0000,kri0004,143,10,20902,0.000478423117405033,-0.0402134570385313,0,2022-11-18
AA-AA-000-0000,kri0004,181,1,2183,0.000458085203847916,-0.0345754862081337,0,2022-11-18
AA-AA-000-0000,kri0004,172,11,22818,0.000482075554386888,-0.0294866856779752,0,2022-11-18
AA-AA-000-0000,kri0004,61,7,13980,0.00050071530758226,0.0269698193510867,0,2022-11-18
AA-AA-000-0000,kri0004,35,2,3921,0.000510073960724305,0.0275914205495131,0,2022-11-18
AA-AA-000-0000,kri0004,30,3,5749,0.000521829883457993,0.0536521298043378,0,2022-11-18
AA-AA-000-0000,kri0004,127,2,3779,0.000529240539825351,0.0538446102806965,0,2022-11-18
AA-AA-000-0000,kri0004,15,2,3720,0.000537634408602151,0.0650490146890946,0,2022-11-18
AA-AA-000-0000,kri0004,115,1,1757,0.000569151963574274,0.0747068486511592,0,2022-11-18
AA-AA-000-0000,kri0004,160,3,5547,0.000540832882639265,0.0848423409560794,0,2022-11-18
AA-AA-000-0000,kri0004,185,1,1695,0.000589970501474926,0.0928415337408694,0,2022-11-18
AA-AA-000-0000,kri0004,16,1,1536,0.000651041666666667,0.142735231543278,0,2022-11-18
AA-AA-000-0000,kri0004,129,1,1493,0.000669792364367046,0.15717663156901,0,2022-11-18
AA-AA-000-0000,kri0004,100,1,1425,0.000701754385964912,0.180955682241916,0,2022-11-18
AA-AA-000-0000,kri0004,57,1,1413,0.000707714083510262,0.185279675404238,0,2022-11-18
AA-AA-000-0000,kri0004,39,2,3119,0.000641231163834562,0.190953833078381,0,2022-11-18
AA-AA-000-0000,kri0004,124,2,2751,0.000727008360596147,0.281506515236981,0,2022-11-18
AA-AA-000-0000,kri0004,5,18,31992,0.000562640660165041,0.292334640591613,0,2022-11-18
AA-AA-000-0000,kri0004,67,5,7627,0.000655565753245051,0.327035097015287,0,2022-11-18
AA-AA-000-0000,kri0004,161,2,2413,0.000828843762950684,0.37724904216024,0,2022-11-18
AA-AA-000-0000,kri0004,174,3,3944,0.000760649087221095,0.385041711096336,0,2022-11-18
AA-AA-000-0000,kri0004,101,2,2358,0.000848176420695505,0.394244280215706,0,2022-11-18
AA-AA-000-0000,kri0004,56,12,19049,0.000629954328311197,0.436561874782209,0,2022-11-18
AA-AA-000-0000,kri0004,84,2,2214,0.000903342366757001,0.440964917536636,0,2022-11-18
AA-AA-000-0000,kri0004,184,3,3704,0.000809935205183585,0.441262037561265,0,2022-11-18
AA-AA-000-0000,kri0004,153,3,3637,0.000824855650261204,0.457687451267789,0,2022-11-18
AA-AA-000-0000,kri0004,70,2,2146,0.000931966449207829,0.464253527788721,0,2022-11-18
AA-AA-000-0000,kri0004,54,9,13479,0.000667705319385711,0.466763602096274,0,2022-11-18
AA-AA-000-0000,kri0004,188,2,2117,0.000944733112895607,0.474445797169023,0,2022-11-18
AA-AA-000-0000,kri0004,45,1,797,0.00125470514429109,0.48983847741571,0,2022-11-18
AA-AA-000-0000,kri0004,126,1,792,0.00126262626262626,0.493361995865928,0,2022-11-18
AA-AA-000-0000,kri0004,17,7,9809,0.000713630339484147,0.501474430676347,0,2022-11-18
AA-AA-000-0000,kri0004,130,2,2040,0.000980392156862745,0.502313523065695,0,2022-11-18
AA-AA-000-0000,kri0004,50,5,6531,0.000765579543714592,0.504532204854564,0,2022-11-18
AA-AA-000-0000,kri0004,25,2,2034,0.000983284169124877,0.504536293698127,0,2022-11-18
AA-AA-000-0000,kri0004,14,1,770,0.0012987012987013,0.509194825348689,0,2022-11-18
AA-AA-000-0000,kri0004,179,3,3387,0.000885739592559787,0.522144840332115,0,2022-11-18
AA-AA-000-0000,kri0004,63,6,7931,0.000756525028369689,0.537672749450785,0,2022-11-18
AA-AA-000-0000,kri0004,12,1,723,0.00138312586445367,0.544962213909596,0,2022-11-18
AA-AA-000-0000,kri0004,175,1,723,0.00138312586445367,0.544962213909596,0,2022-11-18
AA-AA-000-0000,kri0004,103,3,3256,0.000921375921375921,0.558126872733904,0,2022-11-18
AA-AA-000-0000,kri0004,116,2,1821,0.00109829763866008,0.588847349048944,0,2022-11-18
AA-AA-000-0000,kri0004,9,2,1691,0.00118273211117682,0.646289661764829,0,2022-11-18
AA-AA-000-0000,kri0004,183,2,1666,0.00120048019207683,0.657945740211272,0,2022-11-18
AA-AA-000-0000,kri0004,48,1,595,0.00168067226890756,0.659199556999423,0,2022-11-18
AA-AA-000-0000,kri0004,142,3,2831,0.00105969622041681,0.687562827664247,0,2022-11-18
AA-AA-000-0000,kri0004,122,6,6948,0.000863557858376511,0.705858843109432,0,2022-11-18
AA-AA-000-0000,kri0004,135,4,3890,0.00102827763496144,0.761465712315667,0,2022-11-18
AA-AA-000-0000,kri0004,165,1,441,0.00226757369614512,0.847410730358679,0,2022-11-18
AA-AA-000-0000,kri0004,44,4,3534,0.00113186191284663,0.865628572502304,0,2022-11-18
AA-AA-000-0000,kri0004,28,3,2286,0.00131233595800525,0.892162271089003,0,2022-11-18
AA-AA-000-0000,kri0004,105,3,2285,0.0013129102844639,0.892590579936361,0,2022-11-18
AA-AA-000-0000,kri0004,104,7,6910,0.00101302460202605,0.986085438734059,0,2022-11-18
AA-AA-000-0000,kri0004,156,7,6832,0.00102459016393443,1.00221377824535,0,2022-11-18
AA-AA-000-0000,kri0004,49,4,2884,0.0013869625520111,1.09309501123552,0,2022-11-18
AA-AA-000-0000,kri0004,31,2,858,0.00233100233100233,1.22419523012507,0,2022-11-18
AA-AA-000-0000,kri0004,111,3,1633,0.00183710961420698,1.23563629480165,0,2022-11-18
AA-AA-000-0000,kri0004,176,5,3536,0.00141402714932127,1.24691358734438,0,2022-11-18
AA-AA-000-0000,kri0004,72,2,744,0.00268817204301075,1.36121455026548,0,2022-11-18
AA-AA-000-0000,kri0004,3,3,1441,0.00208188757807078,1.37174156636995,0,2022-11-18
AA-AA-000-0000,kri0004,162,3,1430,0.0020979020979021,1.38024874067211,0,2022-11-18
AA-AA-000-0000,kri0004,73,5,2873,0.00174034110685694,1.5211575467872,0,2022-11-18
AA-AA-000-0000,kri0004,68,5,2852,0.0017531556802244,1.53112934505164,0,2022-11-18
AA-AA-000-0000,kri0004,159,2,629,0.00317965023847377,1.53152398404071,0,2022-11-18
AA-AA-000-0000,kri0004,89,6,3674,0.00163309744148068,1.57256577467541,0,2022-11-18
AA-AA-000-0000,kri0004,157,8,5594,0.00143010368251698,1.5956508969596,0,2022-11-18
AA-AA-000-0000,kri0004,80,7,4575,0.00153005464480874,1.59654961472326,0,2022-11-18
AA-AA-000-0000,kri0004,34,10,6842,0.00146156094709149,1.82378032454604,0,2022-11-18
AA-AA-000-0000,kri0005,52,14,1566,0.00893997445721584,3.21590033438464,2,2022-11-18
AA-AA-000-0000,kri0005,32,20,2399,0.00833680700291788,3.67152274727619,2,2022-11-18
AA-AA-000-0000,kri0005,83,47,5472,0.00858918128654971,5.74019184876028,2,2022-11-18
AA-AA-000-0000,kri0005,28,35,2399,0.0145894122551063,6.87296738788283,2,2022-11-18
AA-AA-000-0000,kri0005,10,42,15426,0.00272267600155582,2.02098666771622,1,2022-11-18
AA-AA-000-0000,kri0005,70,13,2403,0.00540990428630878,2.17470746014551,1,2022-11-18
AA-AA-000-0000,kri0005,40,11,1803,0.00610094287298946,2.19048346516001,1,2022-11-18
AA-AA-000-0000,kri0005,132,8,904,0.00884955752212389,2.41496077448897,1,2022-11-18
AA-AA-000-0000,kri0005,58,4,16350,0.000244648318042814,-1.23170601365489,0,2022-11-18
AA-AA-000-0000,kri0005,143,11,22763,0.000483240346175812,-1.07702015275554,0,2022-11-18
AA-AA-000-0000,kri0005,152,0,5354,0,-0.891968233301039,0,2022-11-18
AA-AA-000-0000,kri0005,75,2,8217,0.00024339783375928,-0.874367068099438,0,2022-11-18
AA-AA-000-0000,kri0005,80,0,4471,0,-0.815103089260182,0,2022-11-18
AA-AA-000-0000,kri0005,51,3,8648,0.000346901017576318,-0.796385931042626,0,2022-11-18
AA-AA-000-0000,kri0005,164,1,5842,0.000171174255391989,-0.794962488530097,0,2022-11-18
AA-AA-000-0000,kri0005,160,1,5737,0.000174307129161583,-0.785305456755173,0,2022-11-18
AA-AA-000-0000,kri0005,35,0,4124,0,-0.782833734757829,0,2022-11-18
AA-AA-000-0000,kri0005,135,0,4088,0,-0.779409415249129,0,2022-11-18
AA-AA-000-0000,kri0005,71,3,8340,0.000359712230215827,-0.769845180075436,0,2022-11-18
AA-AA-000-0000,kri0005,17,5,10367,0.000482299604514324,-0.72783596725499,0,2022-11-18
AA-AA-000-0000,kri0005,109,0,3485,0,-0.719633869875957,0,2022-11-18
AA-AA-000-0000,kri0005,140,50,56418,0.000886241979510085,-0.694920959389156,0,2022-11-18
AA-AA-000-0000,kri0005,96,0,3237,0,-0.693556033057007,0,2022-11-18
AA-AA-000-0000,kri0005,73,0,3224,0,-0.692161949168952,0,2022-11-18
AA-AA-000-0000,kri0005,142,0,3208,0,-0.690442289495385,0,2022-11-18
AA-AA-000-0000,kri0005,64,0,3198,0,-0.689365323796132,0,2022-11-18
AA-AA-000-0000,kri0005,4,3,7281,0.000412031314379893,-0.672640968414851,0,2022-11-18
AA-AA-000-0000,kri0005,68,0,2918,0,-0.658495555385307,0,2022-11-18
AA-AA-000-0000,kri0005,54,9,14140,0.000636492220650637,-0.658353175334238,0,2022-11-18
AA-AA-000-0000,kri0005,23,1,4301,0.000232504068821204,-0.64005782724369,0,2022-11-18
AA-AA-000-0000,kri0005,47,0,2627,0,-0.62479887744271,0,2022-11-18
AA-AA-000-0000,kri0005,97,1,4097,0.000244081034903588,-0.616947841111419,0,2022-11-18
AA-AA-000-0000,kri0005,102,0,2558,0,-0.616538887259509,0,2022-11-18
AA-AA-000-0000,kri0005,60,0,2525,0,-0.61254908493003,0,2022-11-18
AA-AA-000-0000,kri0005,22,1,4017,0.000248941996514812,-0.607674089944217,0,2022-11-18
AA-AA-000-0000,kri0005,29,2,5359,0.000373203955961933,-0.606784780014659,0,2022-11-18
AA-AA-000-0000,kri0005,76,6,9977,0.000601383181317029,-0.58967125833876,0,2022-11-18
AA-AA-000-0000,kri0005,62,22,26698,0.000824031762678852,-0.584302140857952,0,2022-11-18
AA-AA-000-0000,kri0005,53,0,2288,0,-0.583093518900644,0,2022-11-18
AA-AA-000-0000,kri0005,130,0,2281,0,-0.582200865641899,0,2022-11-18
AA-AA-000-0000,kri0005,26,2,5059,0.000395335046451868,-0.573100833649245,0,2022-11-18
AA-AA-000-0000,kri0005,121,2,5035,0.000397219463753724,-0.570342011191937,0,2022-11-18
AA-AA-000-0000,kri0005,128,1,3677,0.00027196083763938,-0.566797236186839,0,2022-11-18
AA-AA-000-0000,kri0005,146,3,6228,0.000481695568400771,-0.564631007513219,0,2022-11-18
AA-AA-000-0000,kri0005,116,0,2068,0,-0.554351811957078,0,2022-11-18
AA-AA-000-0000,kri0005,149,4,7205,0.000555170020818876,-0.542109441254002,0,2022-11-18
AA-AA-000-0000,kri0005,27,1,3420,0.000292397660818713,-0.534136777823423,0,2022-11-18
AA-AA-000-0000,kri0005,77,10,13687,0.000730620296631841,-0.532603591042176,0,2022-11-18
AA-AA-000-0000,kri0005,91,10,13525,0.000739371534195933,-0.518803072223941,0,2022-11-18
AA-AA-000-0000,kri0005,43,22,25652,0.000857632933104631,-0.516483523623884,0,2022-11-18
AA-AA-000-0000,kri0005,183,0,1744,0,-0.509076962901471,0,2022-11-18
AA-AA-000-0000,kri0005,150,0,1734,0,-0.507615355053314,0,2022-11-18
AA-AA-000-0000,kri0005,124,1,3204,0.00031210986267166,-0.505330113773901,0,2022-11-18
AA-AA-000-0000,kri0005,16,0,1690,0,-0.501133639474675,0,2022-11-18
AA-AA-000-0000,kri0005,168,0,1687,0,-0.500688648734729,0,2022-11-18
AA-AA-000-0000,kri0005,41,0,1632,0,-0.492459229663582,0,2022-11-18
AA-AA-000-0000,kri0005,129,0,1631,0,-0.492308330554888,0,2022-11-18
AA-AA-000-0000,kri0005,69,7,10033,0.000697697597926841,-0.490473674383279,0,2022-11-18
AA-AA-000-0000,kri0005,98,0,1610,0,-0.489128695584777,0,2022-11-18
AA-AA-000-0000,kri0005,82,0,1582,0,-0.484856747426939,0,2022-11-18
AA-AA-000-0000,kri0005,3,0,1518,0,-0.474948029273199,0,2022-11-18
AA-AA-000-0000,kri0005,167,9,11713,0.00076837701698967,-0.449984913874174,0,2022-11-18
AA-AA-000-0000,kri0005,127,2,4056,0.000493096646942801,-0.448068013555389,0,2022-11-18
AA-AA-000-0000,kri0005,151,1,2591,0.000385951370127364,-0.415133437027855,0,2022-11-18
AA-AA-000-0000,kri0005,182,0,1146,0,-0.412669634194454,0,2022-11-18
AA-AA-000-0000,kri0005,30,4,6062,0.000659848234905972,-0.412054681276288,0,2022-11-18
AA-AA-000-0000,kri0005,120,1,2545,0.000392927308447937,-0.407752957340204,0,2022-11-18
AA-AA-000-0000,kri0005,155,6,8040,0.000746268656716418,-0.393536822769838,0,2022-11-18
AA-AA-000-0000,kri0005,181,1,2434,0.000410846343467543,-0.389520219362853,0,2022-11-18
AA-AA-000-0000,kri0005,188,1,2404,0.000415973377703827,-0.384484415727533,0,2022-11-18
AA-AA-000-0000,kri0005,44,2,3557,0.000562271577171774,-0.376473253986746,0,2022-11-18
AA-AA-000-0000,kri0005,65,0,877,0,-0.361002326604739,0,2022-11-18
AA-AA-000-0000,kri0005,38,0,850,0,-0.355401836013981,0,2022-11-18
AA-AA-000-0000,kri0005,110,0,846,0,-0.354564610266839,0,2022-11-18
AA-AA-000-0000,kri0005,180,0,845,0,-0.354354994753238,0,2022-11-18
AA-AA-000-0000,kri0005,126,0,842,0,-0.353725402911979,0,2022-11-18
AA-AA-000-0000,kri0005,87,0,834,0,-0.352040986659757,0,2022-11-18
AA-AA-000-0000,kri0005,45,0,827,0,-0.350560483310108,0,2022-11-18
AA-AA-000-0000,kri0005,42,0,822,0,-0.349499141233673,0,2022-11-18
AA-AA-000-0000,kri0005,36,0,812,0,-0.347366728763696,0,2022-11-18
AA-AA-000-0000,kri0005,66,0,812,0,-0.347366728763696,0,2022-11-18
AA-AA-000-0000,kri0005,123,0,807,0,-0.346295598465313,0,2022-11-18
AA-AA-000-0000,kri0005,39,2,3362,0.000594883997620464,-0.3462408974665,0,2022-11-18
AA-AA-000-0000,kri0005,14,0,803,0,-0.345436302851938,0,2022-11-18
AA-AA-000-0000,kri0005,117,0,802,0,-0.345221144747693,0,2022-11-18
AA-AA-000-0000,kri0005,20,0,789,0,-0.342411786696222,0,2022-11-18
AA-AA-000-0000,kri0005,158,0,762,0,-0.336502031043756,0,2022-11-18
AA-AA-000-0000,kri0005,156,6,7511,0.000798828385035282,-0.332751901045878,0,2022-11-18
AA-AA-000-0000,kri0005,6,0,745,0,-0.332727227012955,0,2022-11-18
AA-AA-000-0000,kri0005,99,0,712,0,-0.32527463710095,0,2022-11-18
AA-AA-000-0000,kri0005,175,0,682,0,-0.318348194792909,0,2022-11-18
AA-AA-000-0000,kri0005,48,0,678,0,-0.317413249470576,0,2022-11-18
AA-AA-000-0000,kri0005,113,5,6353,0.00078702974972454,-0.315858799174974,0,2022-11-18
AA-AA-000-0000,kri0005,173,21,21801,0.00096325856612082,-0.313105634383912,0,2022-11-18
AA-AA-000-0000,kri0005,187,3,4206,0.000713266761768902,-0.307011400387547,0,2022-11-18
AA-AA-000-0000,kri0005,141,9,10268,0.000876509544215037,-0.306771738160558,0,2022-11-18
AA-AA-000-0000,kri0005,154,0,618,0,-0.30304312913011,0,2022-11-18
AA-AA-000-0000,kri0005,157,5,5894,0.000848320325755005,-0.255045537749825,0,2022-11-18
AA-AA-000-0000,kri0005,161,2,2799,0.000714540907466953,-0.249745484928653,0,2022-11-18
AA-AA-000-0000,kri0005,106,2,2774,0.000720980533525595,-0.245082098719756,0,2022-11-18
AA-AA-000-0000,kri0005,165,0,379,0,-0.237317524329894,0,2022-11-18
AA-AA-000-0000,kri0005,190,5,5727,0.000873057447180024,-0.231836727275102,0,2022-11-18
AA-AA-000-0000,kri0005,162,1,1606,0.00062266500622665,-0.227666950588048,0,2022-11-18
AA-AA-000-0000,kri0005,100,1,1583,0.000631711939355654,-0.222268023937662,0,2022-11-18
AA-AA-000-0000,kri0005,105,2,2555,0.000782778864970646,-0.202554507840101,0,2022-11-18
AA-AA-000-0000,kri0005,89,4,4545,0.00088008800880088,-0.201576354623258,0,2022-11-18
AA-AA-000-0000,kri0005,19,2,2452,0.000815660685154976,-0.181408673902113,0,2022-11-18
AA-AA-000-0000,kri0005,174,4,4411,0.000906823849467241,-0.180020271554387,0,2022-11-18
AA-AA-000-0000,kri0005,61,14,13620,0.00102790014684288,-0.168618167856393,0,2022-11-18
AA-AA-000-0000,kri0005,104,7,7122,0.000982869980342601,-0.161657706997244,0,2022-11-18
AA-AA-000-0000,kri0005,7,8,8037,0.000995396292148812,-0.159989272547993,0,2022-11-18
AA-AA-000-0000,kri0005,166,15,14420,0.00104022191400832,-0.158031894801467,0,2022-11-18
AA-AA-000-0000,kri0005,134,5,4969,0.00100623867981485,-0.117809666175499,0,2022-11-18
AA-AA-000-0000,kri0005,184,4,3912,0.00102249488752556,-0.0939022743343628,0,2022-11-18
AA-AA-000-0000,kri0005,85,12,10999,0.00109100827347941,-0.0823396781558125,0,2022-11-18
AA-AA-000-0000,kri0005,63,9,8298,0.00108459869848156,-0.0776222417019197,0,2022-11-18
AA-AA-000-0000,kri0005,5,40,35350,0.00113154172560113,-0.0679469613502828,0,2022-11-18
AA-AA-000-0000,kri0005,145,0,23,0,-0.0584620610609338,0,2022-11-18
AA-AA-000-0000,kri0005,11,8,7157,0.0011177867821713,-0.0427376935351652,0,2022-11-18
AA-AA-000-0000,kri0005,133,5,4323,0.00115660421003932,-0.00653509139293618,0,2022-11-18
AA-AA-000-0000,kri0005,31,1,873,0.0011454753722795,-0.00637411859035761,0,2022-11-18
AA-AA-000-0000,kri0005,9,2,1735,0.00115273775216138,-0.00582365712876513,0,2022-11-18
AA-AA-000-0000,kri0005,103,4,3453,0.00115841297422531,-0.00472950608480379,0,2022-11-18
AA-AA-000-0000,kri0005,185,2,1702,0.00117508813160987,0.00387104904906656,0,2022-11-18
AA-AA-000-0000,kri0005,78,1,840,0.00119047619047619,0.00738172294955899,0,2022-11-18
AA-AA-000-0000,kri0005,119,2,1682,0.00118906064209275,0.00983865811175846,0,2022-11-18
AA-AA-000-0000,kri0005,33,1,826,0.00121065375302663,0.0133821267714588,0,2022-11-18
AA-AA-000-0000,kri0005,177,5,4194,0.00119217930376729,0.0176472355688124,0,2022-11-18
AA-AA-000-0000,kri0005,101,3,2467,0.00121605188488042,0.025929858322503,0,2022-11-18
AA-AA-000-0000,kri0005,55,1,772,0.00129533678756477,0.0375338947215829,0,2022-11-18
AA-AA-000-0000,kri0005,144,4,3190,0.00125391849529781,0.0518430812605766,0,2022-11-18
AA-AA-000-0000,kri0005,84,3,2323,0.0012914334911752,0.0631421391766123,0,2022-11-18
AA-AA-000-0000,kri0005,59,8,6405,0.00124902419984387,0.0693660180752807,0,2022-11-18
AA-AA-000-0000,kri0005,159,1,702,0.00142450142450142,0.0715669976961109,0,2022-11-18
AA-AA-000-0000,kri0005,81,3,2272,0.00132042253521127,0.0768898494325608,0,2022-11-18
AA-AA-000-0000,kri0005,94,37,29599,0.00125004223115646,0.150947425945464,0,2022-11-18
AA-AA-000-0000,kri0005,179,5,3391,0.00147449130050133,0.187723515648562,0,2022-11-18
AA-AA-000-0000,kri0005,8,26,19970,0.00130195292939409,0.200672964090042,0,2022-11-18
AA-AA-000-0000,kri0005,56,27,20780,0.00129932627526468,0.20074406472792,0,2022-11-18
AA-AA-000-0000,kri0005,163,4,2588,0.00154559505409583,0.201810679071924,0,2022-11-18
AA-AA-000-0000,kri0005,136,3,1852,0.00161987041036717,0.204133761822493,0,2022-11-18
AA-AA-000-0000,kri0005,112,3,1786,0.00167973124300112,0.226908987109725,0,2022-11-18
AA-AA-000-0000,kri0005,172,31,23653,0.00131061598951507,0.232322986824822,0,2022-11-18
AA-AA-000-0000,kri0005,114,8,5332,0.00150037509377344,0.255154414684885,0,2022-11-18
AA-AA-000-0000,kri0005,15,6,3772,0.00159066808059385,0.272577844910589,0,2022-11-18
AA-AA-000-0000,kri0005,34,10,6655,0.00150262960180316,0.286979850518128,0,2022-11-18
AA-AA-000-0000,kri0005,122,11,7393,0.00148789395374002,0.28922885265895,0,2022-11-18
AA-AA-000-0000,kri0005,139,62,47818,0.00129658287674098,0.298248622032489,0,2022-11-18
AA-AA-000-0000,kri0005,176,7,4165,0.00168067226890756,0.347147015892237,0,2022-11-18
AA-AA-000-0000,kri0005,46,2,801,0.00249687890137328,0.393720512146185,0,2022-11-18
AA-AA-000-0000,kri0005,12,2,792,0.00252525252525253,0.399849674546979,0,2022-11-18
AA-AA-000-0000,kri0005,138,9,5258,0.00171167744389502,0.413548870591273,0,2022-11-18
AA-AA-000-0000,kri0005,72,2,759,0.00263504611330698,0.423051270579776,0,2022-11-18
AA-AA-000-0000,kri0005,13,9,5183,0.00173644607370249,0.429229561037062,0,2022-11-18
AA-AA-000-0000,kri0005,107,5,2417,0.00206868018204386,0.463861261485548,0,2022-11-18
AA-AA-000-0000,kri0005,178,4,1731,0.00231080300404391,0.497859255401272,0,2022-11-18
AA-AA-000-0000,kri0005,86,27,17679,0.00152723570337689,0.501943057529153,0,2022-11-18
AA-AA-000-0000,kri0005,118,23,14593,0.00157609812924005,0.51773925394962,0,2022-11-18
AA-AA-000-0000,kri0005,18,4,1638,0.00244200244200244,0.539809001751613,0,2022-11-18
AA-AA-000-0000,kri0005,57,4,1590,0.00251572327044025,0.56257062590629,0,2022-11-18
AA-AA-000-0000,kri0005,115,5,2146,0.00232991612301957,0.563591627918405,0,2022-11-18
AA-AA-000-0000,kri0005,153,8,3681,0.002173322466721,0.638811770353036,0,2022-11-18
AA-AA-000-0000,kri0005,92,21,12148,0.00172867961804412,0.648181782377033,0,2022-11-18
AA-AA-000-0000,kri0005,49,8,3314,0.0024140012070006,0.750969102004514,0,2022-11-18
AA-AA-000-0000,kri0005,131,12,5623,0.00213409212164325,0.758787639116718,0,2022-11-18
AA-AA-000-0000,kri0005,147,10,4353,0.00229726625315874,0.780164073051576,0,2022-11-18
AA-AA-000-0000,kri0005,111,6,1857,0.00323101777059774,0.930199296923219,0,2022-11-18
AA-AA-000-0000,kri0005,171,4,842,0.00475059382422803,1.08730720068888,0,2022-11-18
AA-AA-000-0000,kri0005,189,44,23893,0.00184154354831959,1.09140618250132,0,2022-11-18
AA-AA-000-0000,kri0005,137,16,6026,0.00265516096913375,1.20835166248127,0,2022-11-18
AA-AA-000-0000,kri0005,170,45,23046,0.0019526165061182,1.2481556274409,0,2022-11-18
AA-AA-000-0000,kri0005,148,7,1611,0.00434512725015518,1.33385989261846,0,2022-11-18
AA-AA-000-0000,kri0005,25,9,2244,0.00401069518716578,1.40863960363618,0,2022-11-18
AA-AA-000-0000,kri0005,50,19,6706,0.00283328362660304,1.42719032048531,0,2022-11-18
AA-AA-000-0000,kri0005,67,22,7750,0.00283870967741936,1.53926057996295,0,2022-11-18
AA-AA-000-0000,kri0005,186,16,4016,0.00398406374501992,1.86681049125892,0,2022-11-18
AA-AA-000-0000,kri0006,161,3,5,0.6,3.08638400046365,2,2022-11-18
AA-AA-000-0000,kri0006,28,3,5,0.6,3.08638400046365,2,2022-11-18
AA-AA-000-0000,kri0006,60,3,4,0.75,3.57852407036756,2,2022-11-18
AA-AA-000-0000,kri0006,13,3,8,0.375,2.16880726497875,1,2022-11-18
AA-AA-000-0000,kri0006,26,3,7,0.428571428571429,2.41519185152439,1,2022-11-18
AA-AA-000-0000,kri0006,145,1,1,1,2.47091061725526,1,2022-11-18
AA-AA-000-0000,kri0006,154,1,1,1,2.47091061725526,1,2022-11-18
AA-AA-000-0000,kri0006,159,1,1,1,2.47091061725526,1,2022-11-18
AA-AA-000-0000,kri0006,165,1,1,1,2.47091061725526,1,2022-11-18
AA-AA-000-0000,kri0006,175,1,1,1,2.47091061725526,1,2022-11-18
AA-AA-000-0000,kri0006,48,1,1,1,2.47091061725526,1,2022-11-18
AA-AA-000-0000,kri0006,115,2,3,0.666666666666667,2.70554276064071,1,2022-11-18
AA-AA-000-0000,kri0006,52,2,3,0.666666666666667,2.70554276064071,1,2022-11-18
AA-AA-000-0000,kri0006,189,0,28,0,-1.35295102735443,0,2022-11-18
AA-AA-000-0000,kri0006,5,1,43,0.0232558139534884,-1.26082847980832,0,2022-11-18
AA-AA-000-0000,kri0006,139,2,58,0.0344827586206897,-1.23119037986919,0,2022-11-18
AA-AA-000-0000,kri0006,8,0,23,0,-1.22621600135839,0,2022-11-18
AA-AA-000-0000,kri0006,118,0,17,0,-1.05421094732929,0,2022-11-18
AA-AA-000-0000,kri0006,85,0,13,0,-0.921880730421943,0,2022-11-18
AA-AA-000-0000,kri0006,141,0,12,0,-0.885714356345705,0,2022-11-18
AA-AA-000-0000,kri0006,17,0,12,0,-0.885714356345705,0,2022-11-18
AA-AA-000-0000,kri0006,143,1,28,0.0357142857142857,-0.837673133154162,0,2022-11-18
AA-AA-000-0000,kri0006,172,1,28,0.0357142857142857,-0.837673133154162,0,2022-11-18
AA-AA-000-0000,kri0006,155,0,10,0,-0.808542887461186,0,2022-11-18
AA-AA-000-0000,kri0006,63,0,10,0,-0.808542887461186,0,2022-11-18
AA-AA-000-0000,kri0006,75,0,10,0,-0.808542887461186,0,2022-11-18
AA-AA-000-0000,kri0006,11,0,9,0,-0.767051133091964,0,2022-11-18
AA-AA-000-0000,kri0006,122,0,9,0,-0.767051133091964,0,2022-11-18
AA-AA-000-0000,kri0006,156,0,9,0,-0.767051133091964,0,2022-11-18
AA-AA-000-0000,kri0006,7,0,9,0,-0.767051133091964,0,2022-11-18
AA-AA-000-0000,kri0006,56,1,25,0.04,-0.73309968949609,0,2022-11-18
AA-AA-000-0000,kri0006,113,0,8,0,-0.72318274363487,0,2022-11-18
AA-AA-000-0000,kri0006,149,0,8,0,-0.72318274363487,0,2022-11-18
AA-AA-000-0000,kri0006,137,0,7,0,-0.676475513677214,0,2022-11-18
AA-AA-000-0000,kri0006,146,0,7,0,-0.676475513677214,0,2022-11-18
AA-AA-000-0000,kri0006,160,0,7,0,-0.676475513677214,0,2022-11-18
AA-AA-000-0000,kri0006,164,0,7,0,-0.676475513677214,0,2022-11-18
AA-AA-000-0000,kri0006,30,0,7,0,-0.676475513677214,0,2022-11-18
AA-AA-000-0000,kri0006,121,0,6,0,-0.626294627566327,0,2022-11-18
AA-AA-000-0000,kri0006,138,0,6,0,-0.626294627566327,0,2022-11-18
AA-AA-000-0000,kri0006,152,0,6,0,-0.626294627566327,0,2022-11-18
AA-AA-000-0000,kri0006,94,2,36,0.0555555555555556,-0.625237490088623,0,2022-11-18
AA-AA-000-0000,kri0006,133,0,5,0,-0.571726158603957,0,2022-11-18
AA-AA-000-0000,kri0006,147,0,5,0,-0.571726158603957,0,2022-11-18
AA-AA-000-0000,kri0006,176,0,5,0,-0.571726158603957,0,2022-11-18
AA-AA-000-0000,kri0006,177,0,5,0,-0.571726158603957,0,2022-11-18
AA-AA-000-0000,kri0006,187,0,5,0,-0.571726158603957,0,2022-11-18
AA-AA-000-0000,kri0006,22,0,5,0,-0.571726158603957,0,2022-11-18
AA-AA-000-0000,kri0006,23,0,5,0,-0.571726158603957,0,2022-11-18
AA-AA-000-0000,kri0006,35,0,5,0,-0.571726158603957,0,2022-11-18
AA-AA-000-0000,kri0006,80,0,5,0,-0.571726158603957,0,2022-11-18
AA-AA-000-0000,kri0006,97,0,5,0,-0.571726158603957,0,2022-11-18
AA-AA-000-0000,kri0006,103,0,4,0,-0.511367422061309,0,2022-11-18
AA-AA-000-0000,kri0006,109,0,4,0,-0.511367422061309,0,2022-11-18
AA-AA-000-0000,kri0006,142,0,4,0,-0.511367422061309,0,2022-11-18
AA-AA-000-0000,kri0006,153,0,4,0,-0.511367422061309,0,2022-11-18
AA-AA-000-0000,kri0006,27,0,4,0,-0.511367422061309,0,2022-11-18
AA-AA-000-0000,kri0006,44,0,4,0,-0.511367422061309,0,2022-11-18
AA-AA-000-0000,kri0006,49,0,4,0,-0.511367422061309,0,2022-11-18
AA-AA-000-0000,kri0006,68,0,4,0,-0.511367422061309,0,2022-11-18
AA-AA-000-0000,kri0006,73,0,4,0,-0.511367422061309,0,2022-11-18
AA-AA-000-0000,kri0006,96,0,4,0,-0.511367422061309,0,2022-11-18
AA-AA-000-0000,kri0006,140,5,69,0.072463768115942,-0.482651494259086,0,2022-11-18
AA-AA-000-0000,kri0006,101,0,3,0,-0.442857178172853,0,2022-11-18
AA-AA-000-0000,kri0006,102,0,3,0,-0.442857178172853,0,2022-11-18
AA-AA-000-0000,kri0006,105,0,3,0,-0.442857178172853,0,2022-11-18
AA-AA-000-0000,kri0006,106,0,3,0,-0.442857178172853,0,2022-11-18
AA-AA-000-0000,kri0006,107,0,3,0,-0.442857178172853,0,2022-11-18
AA-AA-000-0000,kri0006,120,0,3,0,-0.442857178172853,0,2022-11-18
AA-AA-000-0000,kri0006,151,0,3,0,-0.442857178172853,0,2022-11-18
AA-AA-000-0000,kri0006,163,0,3,0,-0.442857178172853,0,2022-11-18
AA-AA-000-0000,kri0006,181,0,3,0,-0.442857178172853,0,2022-11-18
AA-AA-000-0000,kri0006,188,0,3,0,-0.442857178172853,0,2022-11-18
AA-AA-000-0000,kri0006,19,0,3,0,-0.442857178172853,0,2022-11-18
AA-AA-000-0000,kri0006,32,0,3,0,-0.442857178172853,0,2022-11-18
AA-AA-000-0000,kri0006,47,0,3,0,-0.442857178172853,0,2022-11-18
AA-AA-000-0000,kri0006,70,0,3,0,-0.442857178172853,0,2022-11-18
AA-AA-000-0000,kri0006,84,0,3,0,-0.442857178172853,0,2022-11-18
AA-AA-000-0000,kri0006,54,1,17,0.0588235294117647,-0.392914687697947,0,2022-11-18
AA-AA-000-0000,kri0006,100,0,2,0,-0.361591371817435,0,2022-11-18
AA-AA-000-0000,kri0006,111,0,2,0,-0.361591371817435,0,2022-11-18
AA-AA-000-0000,kri0006,112,0,2,0,-0.361591371817435,0,2022-11-18
AA-AA-000-0000,kri0006,119,0,2,0,-0.361591371817435,0,2022-11-18
AA-AA-000-0000,kri0006,129,0,2,0,-0.361591371817435,0,2022-11-18
AA-AA-000-0000,kri0006,136,0,2,0,-0.361591371817435,0,2022-11-18
AA-AA-000-0000,kri0006,148,0,2,0,-0.361591371817435,0,2022-11-18
AA-AA-000-0000,kri0006,150,0,2,0,-0.361591371817435,0,2022-11-18
AA-AA-000-0000,kri0006,162,0,2,0,-0.361591371817435,0,2022-11-18
AA-AA-000-0000,kri0006,178,0,2,0,-0.361591371817435,0,2022-11-18
AA-AA-000-0000,kri0006,18,0,2,0,-0.361591371817435,0,2022-11-18
AA-AA-000-0000,kri0006,183,0,2,0,-0.361591371817435,0,2022-11-18
AA-AA-000-0000,kri0006,41,0,2,0,-0.361591371817435,0,2022-11-18
AA-AA-000-0000,kri0006,57,0,2,0,-0.361591371817435,0,2022-11-18
AA-AA-000-0000,kri0006,82,0,2,0,-0.361591371817435,0,2022-11-18
AA-AA-000-0000,kri0006,9,0,2,0,-0.361591371817435,0,2022-11-18
AA-AA-000-0000,kri0006,98,0,2,0,-0.361591371817435,0,2022-11-18
AA-AA-000-0000,kri0006,167,1,15,0.0666666666666667,-0.286255126363905,0,2022-11-18
AA-AA-000-0000,kri0006,61,1,15,0.0666666666666667,-0.286255126363905,0,2022-11-18
AA-AA-000-0000,kri0006,92,1,15,0.0666666666666667,-0.286255126363905,0,2022-11-18
AA-AA-000-0000,kri0006,173,2,27,0.0740740740740741,-0.279104888247372,0,2022-11-18
AA-AA-000-0000,kri0006,110,0,1,0,-0.255683711030655,0,2022-11-18
AA-AA-000-0000,kri0006,117,0,1,0,-0.255683711030655,0,2022-11-18
AA-AA-000-0000,kri0006,12,0,1,0,-0.255683711030655,0,2022-11-18
AA-AA-000-0000,kri0006,123,0,1,0,-0.255683711030655,0,2022-11-18
AA-AA-000-0000,kri0006,126,0,1,0,-0.255683711030655,0,2022-11-18
AA-AA-000-0000,kri0006,132,0,1,0,-0.255683711030655,0,2022-11-18
AA-AA-000-0000,kri0006,14,0,1,0,-0.255683711030655,0,2022-11-18
AA-AA-000-0000,kri0006,158,0,1,0,-0.255683711030655,0,2022-11-18
AA-AA-000-0000,kri0006,171,0,1,0,-0.255683711030655,0,2022-11-18
AA-AA-000-0000,kri0006,180,0,1,0,-0.255683711030655,0,2022-11-18
AA-AA-000-0000,kri0006,20,0,1,0,-0.255683711030655,0,2022-11-18
AA-AA-000-0000,kri0006,31,0,1,0,-0.255683711030655,0,2022-11-18
AA-AA-000-0000,kri0006,33,0,1,0,-0.255683711030655,0,2022-11-18
AA-AA-000-0000,kri0006,36,0,1,0,-0.255683711030655,0,2022-11-18
AA-AA-000-0000,kri0006,38,0,1,0,-0.255683711030655,0,2022-11-18
AA-AA-000-0000,kri0006,42,0,1,0,-0.255683711030655,0,2022-11-18
AA-AA-000-0000,kri0006,45,0,1,0,-0.255683711030655,0,2022-11-18
AA-AA-000-0000,kri0006,55,0,1,0,-0.255683711030655,0,2022-11-18
AA-AA-000-0000,kri0006,6,0,1,0,-0.255683711030655,0,2022-11-18
AA-AA-000-0000,kri0006,65,0,1,0,-0.255683711030655,0,2022-11-18
AA-AA-000-0000,kri0006,66,0,1,0,-0.255683711030655,0,2022-11-18
AA-AA-000-0000,kri0006,72,0,1,0,-0.255683711030655,0,2022-11-18
AA-AA-000-0000,kri0006,78,0,1,0,-0.255683711030655,0,2022-11-18
AA-AA-000-0000,kri0006,87,0,1,0,-0.255683711030655,0,2022-11-18
AA-AA-000-0000,kri0006,99,0,1,0,-0.255683711030655,0,2022-11-18
AA-AA-000-0000,kri0006,69,1,12,0.0833333333333333,-0.0986143716423156,0,2022-11-18
AA-AA-000-0000,kri0006,76,1,12,0.0833333333333333,-0.0986143716423156,0,2022-11-18
AA-AA-000-0000,kri0006,62,3,34,0.0882352941176471,-0.0880582106394026,0,2022-11-18
AA-AA-000-0000,kri0006,86,2,22,0.0909090909090909,-0.0366391797449189,0,2022-11-18
AA-AA-000-0000,kri0006,51,1,11,0.0909090909090909,-0.025907812454745,0,2022-11-18
AA-AA-000-0000,kri0006,10,2,20,0.1,0.0759177358146237,0,2022-11-18
AA-AA-000-0000,kri0006,58,2,20,0.1,0.0759177358146237,0,2022-11-18
AA-AA-000-0000,kri0006,4,1,9,0.111111111111111,0.141813643003341,0,2022-11-18
AA-AA-000-0000,kri0006,50,1,8,0.125,0.240813925903005,0,2022-11-18
AA-AA-000-0000,kri0006,59,1,8,0.125,0.240813925903005,0,2022-11-18
AA-AA-000-0000,kri0006,170,3,27,0.111111111111111,0.245628434888221,0,2022-11-18
AA-AA-000-0000,kri0006,91,2,16,0.125,0.340562320020339,0,2022-11-18
AA-AA-000-0000,kri0006,131,1,7,0.142857142857143,0.354080274723319,0,2022-11-18
AA-AA-000-0000,kri0006,157,1,7,0.142857142857143,0.354080274723319,0,2022-11-18
AA-AA-000-0000,kri0006,29,1,7,0.142857142857143,0.354080274723319,0,2022-11-18
AA-AA-000-0000,kri0006,83,1,7,0.142857142857143,0.354080274723319,0,2022-11-18
AA-AA-000-0000,kri0006,134,1,6,0.166666666666667,0.486832845744863,0,2022-11-18
AA-AA-000-0000,kri0006,127,1,5,0.2,0.64764389441858,0,2022-11-18
AA-AA-000-0000,kri0006,128,1,5,0.2,0.64764389441858,0,2022-11-18
AA-AA-000-0000,kri0006,135,1,5,0.2,0.64764389441858,0,2022-11-18
AA-AA-000-0000,kri0006,184,1,5,0.2,0.64764389441858,0,2022-11-18
AA-AA-000-0000,kri0006,186,1,5,0.2,0.64764389441858,0,2022-11-18
AA-AA-000-0000,kri0006,67,2,11,0.181818181818182,0.796191309584845,0,2022-11-18
AA-AA-000-0000,kri0006,124,1,4,0.25,0.851929742081648,0,2022-11-18
AA-AA-000-0000,kri0006,144,1,4,0.25,0.851929742081648,0,2022-11-18
AA-AA-000-0000,kri0006,179,1,4,0.25,0.851929742081648,0,2022-11-18
AA-AA-000-0000,kri0006,39,1,4,0.25,0.851929742081648,0,2022-11-18
AA-AA-000-0000,kri0006,64,1,4,0.25,0.851929742081648,0,2022-11-18
AA-AA-000-0000,kri0006,81,1,4,0.25,0.851929742081648,0,2022-11-18
AA-AA-000-0000,kri0006,43,5,33,0.151515151515152,0.904404651335641,0,2022-11-18
AA-AA-000-0000,kri0006,71,2,10,0.2,0.915906779074885,0,2022-11-18
AA-AA-000-0000,kri0006,104,2,9,0.222222222222222,1.05067841909865,0,2022-11-18
AA-AA-000-0000,kri0006,116,1,3,0.333333333333333,1.13134279123393,0,2022-11-18
AA-AA-000-0000,kri0006,130,1,3,0.333333333333333,1.13134279123393,0,2022-11-18
AA-AA-000-0000,kri0006,16,1,3,0.333333333333333,1.13134279123393,0,2022-11-18
AA-AA-000-0000,kri0006,168,1,3,0.333333333333333,1.13134279123393,0,2022-11-18
AA-AA-000-0000,kri0006,25,1,3,0.333333333333333,1.13134279123393,0,2022-11-18
AA-AA-000-0000,kri0006,40,1,3,0.333333333333333,1.13134279123393,0,2022-11-18
AA-AA-000-0000,kri0006,53,1,3,0.333333333333333,1.13134279123393,0,2022-11-18
AA-AA-000-0000,kri0006,34,2,8,0.25,1.20481059544088,0,2022-11-18
AA-AA-000-0000,kri0006,166,4,20,0.2,1.29528778883716,0,2022-11-18
AA-AA-000-0000,kri0006,114,2,7,0.285714285714286,1.38463606312385,0,2022-11-18
AA-AA-000-0000,kri0006,190,2,7,0.285714285714286,1.38463606312385,0,2022-11-18
AA-AA-000-0000,kri0006,182,1,2,0.5,1.56640196725831,0,2022-11-18
AA-AA-000-0000,kri0006,185,1,2,0.5,1.56640196725831,0,2022-11-18
AA-AA-000-0000,kri0006,3,1,2,0.5,1.56640196725831,0,2022-11-18
AA-AA-000-0000,kri0006,46,1,2,0.5,1.56640196725831,0,2022-11-18
AA-AA-000-0000,kri0006,77,4,17,0.235294117647059,1.59097409119609,0,2022-11-18
AA-AA-000-0000,kri0006,174,2,6,0.333333333333333,1.59996031905605,0,2022-11-18
AA-AA-000-0000,kri0006,89,2,6,0.333333333333333,1.59996031905605,0,2022-11-18
AA-AA-000-0000,kri0006,15,2,5,0.4,1.86701394744112,0,2022-11-18
AA-AA-000-0000,kri0007,161,3,5,0.6,3.15022445280364,2,2022-11-18
AA-AA-000-0000,kri0007,28,4,5,0.8,4.37988002228985,2,2022-11-18
AA-AA-000-0000,kri0007,13,3,8,0.375,2.2349232129573,1,2022-11-18
AA-AA-000-0000,kri0007,60,2,4,0.5,2.26772771988393,1,2022-11-18
AA-AA-000-0000,kri0007,26,3,7,0.428571428571429,2.48029747580927,1,2022-11-18
AA-AA-000-0000,kri0007,145,1,1,1,2.50866058108316,1,2022-11-18
AA-AA-000-0000,kri0007,154,1,1,1,2.50866058108316,1,2022-11-18
AA-AA-000-0000,kri0007,159,1,1,1,2.50866058108316,1,2022-11-18
AA-AA-000-0000,kri0007,165,1,1,1,2.50866058108316,1,2022-11-18
AA-AA-000-0000,kri0007,175,1,1,1,2.50866058108316,1,2022-11-18
AA-AA-000-0000,kri0007,48,1,1,1,2.50866058108316,1,2022-11-18
AA-AA-000-0000,kri0007,115,2,3,0.666666666666667,2.75764907131753,1,2022-11-18
AA-AA-000-0000,kri0007,52,2,3,0.666666666666667,2.75764907131753,1,2022-11-18
AA-AA-000-0000,kri0007,172,0,28,0,-1.27489686679278,0,2022-11-18
AA-AA-000-0000,kri0007,189,0,28,0,-1.27489686679278,0,2022-11-18
AA-AA-000-0000,kri0007,5,1,43,0.0232558139534884,-1.16059335685413,0,2022-11-18
AA-AA-000-0000,kri0007,8,0,23,0,-1.15547341074117,0,2022-11-18
AA-AA-000-0000,kri0007,139,2,58,0.0344827586206897,-1.11281139119873,0,2022-11-18
AA-AA-000-0000,kri0007,118,0,17,0,-0.993391635406682,0,2022-11-18
AA-AA-000-0000,kri0007,85,0,13,0,-0.868695784998053,0,2022-11-18
AA-AA-000-0000,kri0007,141,0,12,0,-0.834615913619995,0,2022-11-18
AA-AA-000-0000,kri0007,17,0,12,0,-0.834615913619995,0,2022-11-18
AA-AA-000-0000,kri0007,63,0,10,0,-0.761896604570757,0,2022-11-18
AA-AA-000-0000,kri0007,71,0,10,0,-0.761896604570757,0,2022-11-18
AA-AA-000-0000,kri0007,75,0,10,0,-0.761896604570757,0,2022-11-18
AA-AA-000-0000,kri0007,143,1,28,0.0357142857142857,-0.75527254859184,0,2022-11-18
AA-AA-000-0000,kri0007,11,0,9,0,-0.722798583597674,0,2022-11-18
AA-AA-000-0000,kri0007,156,0,9,0,-0.722798583597674,0,2022-11-18
AA-AA-000-0000,kri0007,7,0,9,0,-0.722798583597674,0,2022-11-18
AA-AA-000-0000,kri0007,113,0,8,0,-0.681461039858596,0,2022-11-18
AA-AA-000-0000,kri0007,149,0,8,0,-0.681461039858596,0,2022-11-18
AA-AA-000-0000,kri0007,56,1,25,0.04,-0.654745617539647,0,2022-11-18
AA-AA-000-0000,kri0007,137,0,7,0,-0.637448433396392,0,2022-11-18
AA-AA-000-0000,kri0007,146,0,7,0,-0.637448433396392,0,2022-11-18
AA-AA-000-0000,kri0007,157,0,7,0,-0.637448433396392,0,2022-11-18
AA-AA-000-0000,kri0007,160,0,7,0,-0.637448433396392,0,2022-11-18
AA-AA-000-0000,kri0007,164,0,7,0,-0.637448433396392,0,2022-11-18
AA-AA-000-0000,kri0007,30,0,7,0,-0.637448433396392,0,2022-11-18
AA-AA-000-0000,kri0007,121,0,6,0,-0.590162572206904,0,2022-11-18
AA-AA-000-0000,kri0007,138,0,6,0,-0.590162572206904,0,2022-11-18
AA-AA-000-0000,kri0007,152,0,6,0,-0.590162572206904,0,2022-11-18
AA-AA-000-0000,kri0007,133,0,5,0,-0.538742255654988,0,2022-11-18
AA-AA-000-0000,kri0007,147,0,5,0,-0.538742255654988,0,2022-11-18
AA-AA-000-0000,kri0007,176,0,5,0,-0.538742255654988,0,2022-11-18
AA-AA-000-0000,kri0007,177,0,5,0,-0.538742255654988,0,2022-11-18
AA-AA-000-0000,kri0007,187,0,5,0,-0.538742255654988,0,2022-11-18
AA-AA-000-0000,kri0007,22,0,5,0,-0.538742255654988,0,2022-11-18
AA-AA-000-0000,kri0007,23,0,5,0,-0.538742255654988,0,2022-11-18
AA-AA-000-0000,kri0007,35,0,5,0,-0.538742255654988,0,2022-11-18
AA-AA-000-0000,kri0007,80,0,5,0,-0.538742255654988,0,2022-11-18
AA-AA-000-0000,kri0007,97,0,5,0,-0.538742255654988,0,2022-11-18
AA-AA-000-0000,kri0007,94,2,36,0.0555555555555556,-0.529066019767888,0,2022-11-18
AA-AA-000-0000,kri0007,103,0,4,0,-0.481865722398449,0,2022-11-18
AA-AA-000-0000,kri0007,109,0,4,0,-0.481865722398449,0,2022-11-18
AA-AA-000-0000,kri0007,142,0,4,0,-0.481865722398449,0,2022-11-18
AA-AA-000-0000,kri0007,153,0,4,0,-0.481865722398449,0,2022-11-18
AA-AA-000-0000,kri0007,179,0,4,0,-0.481865722398449,0,2022-11-18
AA-AA-000-0000,kri0007,27,0,4,0,-0.481865722398449,0,2022-11-18
AA-AA-000-0000,kri0007,44,0,4,0,-0.481865722398449,0,2022-11-18
AA-AA-000-0000,kri0007,49,0,4,0,-0.481865722398449,0,2022-11-18
AA-AA-000-0000,kri0007,68,0,4,0,-0.481865722398449,0,2022-11-18
AA-AA-000-0000,kri0007,73,0,4,0,-0.481865722398449,0,2022-11-18
AA-AA-000-0000,kri0007,96,0,4,0,-0.481865722398449,0,2022-11-18
AA-AA-000-0000,kri0007,58,1,20,0.05,-0.462656726566871,0,2022-11-18
AA-AA-000-0000,kri0007,62,2,34,0.0588235294117647,-0.461765153403022,0,2022-11-18
AA-AA-000-0000,kri0007,101,0,3,0,-0.417307956809997,0,2022-11-18
AA-AA-000-0000,kri0007,102,0,3,0,-0.417307956809997,0,2022-11-18
AA-AA-000-0000,kri0007,105,0,3,0,-0.417307956809997,0,2022-11-18
AA-AA-000-0000,kri0007,106,0,3,0,-0.417307956809997,0,2022-11-18
AA-AA-000-0000,kri0007,107,0,3,0,-0.417307956809997,0,2022-11-18
AA-AA-000-0000,kri0007,120,0,3,0,-0.417307956809997,0,2022-11-18
AA-AA-000-0000,kri0007,151,0,3,0,-0.417307956809997,0,2022-11-18
AA-AA-000-0000,kri0007,163,0,3,0,-0.417307956809997,0,2022-11-18
AA-AA-000-0000,kri0007,181,0,3,0,-0.417307956809997,0,2022-11-18
AA-AA-000-0000,kri0007,188,0,3,0,-0.417307956809997,0,2022-11-18
AA-AA-000-0000,kri0007,19,0,3,0,-0.417307956809997,0,2022-11-18
AA-AA-000-0000,kri0007,32,0,3,0,-0.417307956809997,0,2022-11-18
AA-AA-000-0000,kri0007,47,0,3,0,-0.417307956809997,0,2022-11-18
AA-AA-000-0000,kri0007,70,0,3,0,-0.417307956809997,0,2022-11-18
AA-AA-000-0000,kri0007,84,0,3,0,-0.417307956809997,0,2022-11-18
AA-AA-000-0000,kri0007,140,5,69,0.072463768115942,-0.346277893257603,0,2022-11-18
AA-AA-000-0000,kri0007,100,0,2,0,-0.340730519929298,0,2022-11-18
AA-AA-000-0000,kri0007,111,0,2,0,-0.340730519929298,0,2022-11-18
AA-AA-000-0000,kri0007,119,0,2,0,-0.340730519929298,0,2022-11-18
AA-AA-000-0000,kri0007,129,0,2,0,-0.340730519929298,0,2022-11-18
AA-AA-000-0000,kri0007,136,0,2,0,-0.340730519929298,0,2022-11-18
AA-AA-000-0000,kri0007,148,0,2,0,-0.340730519929298,0,2022-11-18
AA-AA-000-0000,kri0007,150,0,2,0,-0.340730519929298,0,2022-11-18
AA-AA-000-0000,kri0007,162,0,2,0,-0.340730519929298,0,2022-11-18
AA-AA-000-0000,kri0007,178,0,2,0,-0.340730519929298,0,2022-11-18
AA-AA-000-0000,kri0007,18,0,2,0,-0.340730519929298,0,2022-11-18
AA-AA-000-0000,kri0007,183,0,2,0,-0.340730519929298,0,2022-11-18
AA-AA-000-0000,kri0007,41,0,2,0,-0.340730519929298,0,2022-11-18
AA-AA-000-0000,kri0007,57,0,2,0,-0.340730519929298,0,2022-11-18
AA-AA-000-0000,kri0007,82,0,2,0,-0.340730519929298,0,2022-11-18
AA-AA-000-0000,kri0007,9,0,2,0,-0.340730519929298,0,2022-11-18
AA-AA-000-0000,kri0007,98,0,2,0,-0.340730519929298,0,2022-11-18
AA-AA-000-0000,kri0007,54,1,17,0.0588235294117647,-0.326517271286923,0,2022-11-18
AA-AA-000-0000,kri0007,110,0,1,0,-0.240932861199225,0,2022-11-18
AA-AA-000-0000,kri0007,117,0,1,0,-0.240932861199225,0,2022-11-18
AA-AA-000-0000,kri0007,12,0,1,0,-0.240932861199225,0,2022-11-18
AA-AA-000-0000,kri0007,123,0,1,0,-0.240932861199225,0,2022-11-18
AA-AA-000-0000,kri0007,126,0,1,0,-0.240932861199225,0,2022-11-18
AA-AA-000-0000,kri0007,132,0,1,0,-0.240932861199225,0,2022-11-18
AA-AA-000-0000,kri0007,14,0,1,0,-0.240932861199225,0,2022-11-18
AA-AA-000-0000,kri0007,158,0,1,0,-0.240932861199225,0,2022-11-18
AA-AA-000-0000,kri0007,171,0,1,0,-0.240932861199225,0,2022-11-18
AA-AA-000-0000,kri0007,180,0,1,0,-0.240932861199225,0,2022-11-18
AA-AA-000-0000,kri0007,20,0,1,0,-0.240932861199225,0,2022-11-18
AA-AA-000-0000,kri0007,31,0,1,0,-0.240932861199225,0,2022-11-18
AA-AA-000-0000,kri0007,33,0,1,0,-0.240932861199225,0,2022-11-18
AA-AA-000-0000,kri0007,36,0,1,0,-0.240932861199225,0,2022-11-18
AA-AA-000-0000,kri0007,38,0,1,0,-0.240932861199225,0,2022-11-18
AA-AA-000-0000,kri0007,42,0,1,0,-0.240932861199225,0,2022-11-18
AA-AA-000-0000,kri0007,45,0,1,0,-0.240932861199225,0,2022-11-18
AA-AA-000-0000,kri0007,55,0,1,0,-0.240932861199225,0,2022-11-18
AA-AA-000-0000,kri0007,6,0,1,0,-0.240932861199225,0,2022-11-18
AA-AA-000-0000,kri0007,65,0,1,0,-0.240932861199225,0,2022-11-18
AA-AA-000-0000,kri0007,66,0,1,0,-0.240932861199225,0,2022-11-18
AA-AA-000-0000,kri0007,72,0,1,0,-0.240932861199225,0,2022-11-18
AA-AA-000-0000,kri0007,78,0,1,0,-0.240932861199225,0,2022-11-18
AA-AA-000-0000,kri0007,87,0,1,0,-0.240932861199225,0,2022-11-18
AA-AA-000-0000,kri0007,99,0,1,0,-0.240932861199225,0,2022-11-18
AA-AA-000-0000,kri0007,167,1,15,0.0666666666666667,-0.223186984925315,0,2022-11-18
AA-AA-000-0000,kri0007,61,1,15,0.0666666666666667,-0.223186984925315,0,2022-11-18
AA-AA-000-0000,kri0007,92,1,15,0.0666666666666667,-0.223186984925315,0,2022-11-18
AA-AA-000-0000,kri0007,173,2,27,0.0740740740740741,-0.193604861054151,0,2022-11-18
AA-AA-000-0000,kri0007,69,1,12,0.0833333333333333,-0.0408766565881138,0,2022-11-18
AA-AA-000-0000,kri0007,76,1,12,0.0833333333333333,-0.0408766565881138,0,2022-11-18
AA-AA-000-0000,kri0007,51,1,11,0.0909090909090909,0.0299497155601567,0,2022-11-18
AA-AA-000-0000,kri0007,86,2,22,0.0909090909090909,0.0423552939343901,0,2022-11-18
AA-AA-000-0000,kri0007,155,1,10,0.1,0.107601187136747,0,2022-11-18
AA-AA-000-0000,kri0007,10,2,20,0.1,0.152171058176233,0,2022-11-18
AA-AA-000-0000,kri0007,104,1,9,0.111111111111111,0.193732563829786,0,2022-11-18
AA-AA-000-0000,kri0007,122,1,9,0.111111111111111,0.193732563829786,0,2022-11-18
AA-AA-000-0000,kri0007,4,1,9,0.111111111111111,0.193732563829786,0,2022-11-18
AA-AA-000-0000,kri0007,34,1,8,0.125,0.29066704441337,0,2022-11-18
AA-AA-000-0000,kri0007,50,1,8,0.125,0.29066704441337,0,2022-11-18
AA-AA-000-0000,kri0007,59,1,8,0.125,0.29066704441337,0,2022-11-18
AA-AA-000-0000,kri0007,170,3,27,0.111111111111111,0.33555464363377,0,2022-11-18
AA-AA-000-0000,kri0007,131,1,7,0.142857142857143,0.401800203005495,0,2022-11-18
AA-AA-000-0000,kri0007,190,1,7,0.142857142857143,0.401800203005495,0,2022-11-18
AA-AA-000-0000,kri0007,83,1,7,0.142857142857143,0.401800203005495,0,2022-11-18
AA-AA-000-0000,kri0007,91,2,16,0.125,0.411065276344291,0,2022-11-18
AA-AA-000-0000,kri0007,43,4,33,0.121212121212121,0.530517210286103,0,2022-11-18
AA-AA-000-0000,kri0007,134,1,6,0.166666666666667,0.532354250075526,0,2022-11-18
AA-AA-000-0000,kri0007,127,1,5,0.2,0.690913313831221,0,2022-11-18
AA-AA-000-0000,kri0007,128,1,5,0.2,0.690913313831221,0,2022-11-18
AA-AA-000-0000,kri0007,135,1,5,0.2,0.690913313831221,0,2022-11-18
AA-AA-000-0000,kri0007,15,1,5,0.2,0.690913313831221,0,2022-11-18
AA-AA-000-0000,kri0007,184,1,5,0.2,0.690913313831221,0,2022-11-18
AA-AA-000-0000,kri0007,186,1,5,0.2,0.690913313831221,0,2022-11-18
AA-AA-000-0000,kri0007,67,2,11,0.181818181818182,0.858983331384919,0,2022-11-18
AA-AA-000-0000,kri0007,124,1,4,0.25,0.892930998742741,0,2022-11-18
AA-AA-000-0000,kri0007,144,1,4,0.25,0.892930998742741,0,2022-11-18
AA-AA-000-0000,kri0007,39,1,4,0.25,0.892930998742741,0,2022-11-18
AA-AA-000-0000,kri0007,64,1,4,0.25,0.892930998742741,0,2022-11-18
AA-AA-000-0000,kri0007,81,1,4,0.25,0.892930998742741,0,2022-11-18
AA-AA-000-0000,kri0007,116,1,3,0.333333333333333,1.17017055725376,0,2022-11-18
AA-AA-000-0000,kri0007,130,1,3,0.333333333333333,1.17017055725376,0,2022-11-18
AA-AA-000-0000,kri0007,16,1,3,0.333333333333333,1.17017055725376,0,2022-11-18
AA-AA-000-0000,kri0007,168,1,3,0.333333333333333,1.17017055725376,0,2022-11-18
AA-AA-000-0000,kri0007,25,1,3,0.333333333333333,1.17017055725376,0,2022-11-18
AA-AA-000-0000,kri0007,40,1,3,0.333333333333333,1.17017055725376,0,2022-11-18
AA-AA-000-0000,kri0007,53,1,3,0.333333333333333,1.17017055725376,0,2022-11-18
AA-AA-000-0000,kri0007,166,4,20,0.2,1.38182662766244,0,2022-11-18
AA-AA-000-0000,kri0007,114,2,7,0.285714285714286,1.44104883940738,0,2022-11-18
AA-AA-000-0000,kri0007,29,2,7,0.285714285714286,1.44104883940738,0,2022-11-18
AA-AA-000-0000,kri0007,112,1,2,0.5,1.60352564861463,0,2022-11-18
AA-AA-000-0000,kri0007,182,1,2,0.5,1.60352564861463,0,2022-11-18
AA-AA-000-0000,kri0007,185,1,2,0.5,1.60352564861463,0,2022-11-18
AA-AA-000-0000,kri0007,3,1,2,0.5,1.60352564861463,0,2022-11-18
AA-AA-000-0000,kri0007,46,1,2,0.5,1.60352564861463,0,2022-11-18
AA-AA-000-0000,kri0007,174,2,6,0.333333333333333,1.65487107235796,0,2022-11-18
AA-AA-000-0000,kri0007,89,2,6,0.333333333333333,1.65487107235796,0,2022-11-18
AA-AA-000-0000,kri0007,77,4,17,0.235294117647059,1.67410582107235,0,2022-11-18
AA-AA-000-0000,qtl0004,AA-AA-000-0000,3990,984366,0.00405337039271978,0.00392856508387802,0,2022-11-18
AA-AA-000-0000,qtl0006,AA-AA-000-0000,122,1301,0.0937740199846272,0.0784808384071743,0,2022-11-18
