MetricID,SnapshotDate,Thresholds
cou0001,2003-12-01,"-3,-2,2,3"
cou0001,2004-03-01,"-3,-2,2,3"
cou0001,2004-06-01,"-3,-2,2.2,3.3"
cou0001,2004-09-01,"-3,-2,2.2,3.3"
cou0001,2004-12-01,"-3,-2,2.2,3.3"
cou0001,2005-03-01,"-3,-2,2.2,3.3"
cou0001,2005-06-01,"-3,-2,2.2,3.3"
cou0001,2005-09-01,"-3,-2,2.2,3.3"
cou0001,2005-12-01,"-3,-2,2.2,3.3"
cou0001,2006-03-01,"-2.7,-1.8,2.2,3.3"
cou0001,2006-06-01,"-2.7,-1.8,2.2,3.3"
cou0001,2006-09-01,"-2.97,-1.8,2.2,3.3"
cou0001,2006-12-01,"-2.97,-1.98,2.2,3.3"
cou0001,2007-03-01,"-2.673,-1.98,2.2,3.3"
cou0001,2007-06-01,"-2.673,-1.98,2.2,3.3"
cou0001,2007-09-01,"-2.673,-1.98,2.2,3.3"
cou0001,2007-12-01,"-2.673,-1.98,2.2,3.3"
cou0001,2008-03-01,"-2.673,-1.98,2.2,3.3"
cou0001,2008-06-01,"-2.673,-1.98,2.2,3.3"
cou0001,2008-09-01,"-2.673,-1.98,2.2,3.3"
cou0001,2008-12-01,"-2.673,-1.98,2.2,3.3"
cou0001,2009-03-01,"-2.673,-1.98,2.2,2.97"
cou0001,2009-06-01,"-2.673,-1.98,2.2,2.97"
cou0001,2009-09-01,"-2.673,-1.98,2.2,2.97"
cou0001,2009-12-01,"-2.673,-1.98,2.2,2.97"
cou0001,2010-03-01,"-2.673,-1.98,2.2,2.97"
cou0001,2010-06-01,"-2.673,-1.98,2.2,2.97"
cou0001,2010-09-01,"-2.673,-1.98,2.2,2.97"
cou0001,2010-12-01,"-2.673,-1.98,2.2,2.97"
cou0001,2011-03-01,"-2.9403,-1.98,2.2,2.97"
cou0001,2011-06-01,"-2.9403,-1.98,2.2,2.97"
cou0001,2011-09-01,"-2.9403,-1.98,2.2,2.97"
cou0001,2011-12-01,"-2.9403,-1.98,2.2,2.97"
cou0001,2012-03-01,"-2.9403,-1.98,2.2,2.97"
cou0001,2012-06-01,"-2.9403,-1.98,2.2,2.97"
cou0001,2012-09-01,"-2.9403,-1.98,2.2,2.97"
cou0001,2012-12-01,"-2.9403,-1.98,2.2,2.97"
cou0001,2013-03-01,"-2.9403,-1.98,2.2,2.673"
cou0001,2013-06-01,"-2.64627,-1.98,2.2,2.673"
cou0001,2013-09-01,"-2.64627,-1.98,2.2,2.673"
cou0001,2013-12-01,"-2.64627,-1.98,2.2,2.673"
cou0001,2014-03-01,"-2.910897,-1.98,2.2,2.673"
cou0001,2014-06-01,"-2.910897,-1.98,2.2,2.9403"
cou0001,2014-09-01,"-2.910897,-1.98,2.2,2.9403"
cou0001,2014-12-01,"-2.910897,-1.98,2.2,2.9403"
cou0001,2015-03-01,"-2.910897,-1.98,2.2,2.9403"
cou0001,2015-06-01,"-2.910897,-1.98,2.2,2.9403"
cou0001,2015-09-01,"-2.910897,-1.98,2.2,2.9403"
cou0001,2015-12-01,"-2.910897,-1.98,2.2,2.9403"
cou0001,2016-03-01,"-3.2019867,-1.98,2.2,2.9403"
cou0001,2016-06-01,"-3.2019867,-1.98,2.2,2.9403"
cou0001,2016-09-01,"-3.2019867,-1.98,2.2,2.9403"
cou0001,2016-12-01,"-3.2019867,-1.98,2.2,2.9403"
cou0001,2017-03-01,"-3.2019867,-1.98,2.42,2.9403"
cou0001,2017-06-01,"-3.2019867,-1.782,2.42,2.9403"
cou0001,2017-09-01,"-3.2019867,-1.782,2.42,2.9403"
cou0001,2017-12-01,"-3.2019867,-1.782,2.42,2.9403"
cou0001,2018-03-01,"-3.2019867,-1.782,2.42,2.9403"
cou0001,2018-06-01,"-3.2019867,-1.782,2.178,2.9403"
cou0001,2018-09-01,"-3.2019867,-1.782,2.178,2.9403"
cou0001,2018-12-01,"-3.52218537,-1.782,2.178,2.9403"
cou0001,2019-03-01,"-3.52218537,-1.782,2.178,2.9403"
cou0001,2019-06-01,"-3.52218537,-1.782,2.178,3.23433"
cou0001,2019-09-01,"-3.52218537,-1.782,1.9602,3.23433"
cou0001,2019-12-01,"-3.52218537,-1.782,1.9602,3.23433"
cou0002,2003-12-01,"-3,-2,2,3"
cou0002,2004-03-01,"-3,-1.8,2,3"
cou0002,2004-06-01,"-3,-1.8,2,3"
cou0002,2004-09-01,"-3,-1.8,2,2.7"
cou0002,2004-12-01,"-3,-1.8,2,2.7"
cou0002,2005-03-01,"-3,-1.8,2.2,2.7"
cou0002,2005-06-01,"-3,-1.8,2.2,2.7"
cou0002,2005-09-01,"-3,-1.8,2.2,2.7"
cou0002,2005-12-01,"-3.3,-1.8,2.42,2.7"
cou0002,2006-03-01,"-3.3,-1.8,2.42,2.7"
cou0002,2006-06-01,"-3.3,-1.8,2.42,2.7"
cou0002,2006-09-01,"-3.3,-1.8,2.42,2.7"
cou0002,2006-12-01,"-3.3,-1.8,2.42,2.7"
cou0002,2007-03-01,"-3.3,-1.8,2.42,2.7"
cou0002,2007-06-01,"-3.3,-1.8,2.42,2.7"
cou0002,2007-09-01,"-3.3,-1.8,2.42,2.7"
cou0002,2007-12-01,"-3.3,-1.8,2.42,2.97"
cou0002,2008-03-01,"-3.3,-1.8,2.42,2.673"
cou0002,2008-06-01,"-3.3,-1.8,2.42,2.673"
cou0002,2008-09-01,"-3.3,-1.8,2.42,2.673"
cou0002,2008-12-01,"-3.3,-1.98,2.42,2.673"
cou0002,2009-03-01,"-3.3,-1.98,2.42,2.673"
cou0002,2009-06-01,"-3.3,-1.98,2.42,2.673"
cou0002,2009-09-01,"-3.63,-1.98,2.42,2.673"
cou0002,2009-12-01,"-3.63,-1.98,2.42,2.673"
cou0002,2010-03-01,"-3.63,-1.98,2.42,2.673"
cou0002,2010-06-01,"-3.63,-1.98,2.42,2.673"
cou0002,2010-09-01,"-3.63,-1.98,2.42,2.673"
cou0002,2010-12-01,"-3.993,-1.98,2.42,2.673"
cou0002,2011-03-01,"-3.993,-1.98,2.42,2.673"
cou0002,2011-06-01,"-3.993,-1.98,2.42,2.673"
cou0002,2011-09-01,"-3.993,-1.98,2.42,2.673"
cou0002,2011-12-01,"-3.993,-1.98,2.42,2.673"
cou0002,2012-03-01,"-3.993,-1.98,2.42,2.673"
cou0002,2012-06-01,"-3.993,-1.98,2.42,2.673"
cou0002,2012-09-01,"-3.993,-1.98,2.42,2.673"
cou0002,2012-12-01,"-3.993,-1.98,2.662,2.673"
cou0002,2013-03-01,"-3.993,-1.98,2.662,2.673"
cou0002,2013-06-01,"-3.993,-1.782,2.662,2.673"
cou0002,2013-09-01,"-3.993,-1.782,2.662,2.4057"
cou0002,2013-12-01,"-3.993,-1.6038,2.662,2.4057"
cou0002,2014-03-01,"-4.3923,-1.6038,2.9282,2.4057"
cou0002,2014-06-01,"-4.3923,-1.6038,2.9282,2.4057"
cou0002,2014-09-01,"-4.3923,-1.6038,2.9282,2.4057"
cou0002,2014-12-01,"-3.95307,-1.6038,2.9282,2.4057"
cou0002,2015-03-01,"-3.95307,-1.6038,2.63538,2.16513"
cou0002,2015-06-01,"-3.95307,-1.44342,2.63538,1.948617"
cou0002,2015-09-01,"-3.95307,-1.44342,2.63538,1.948617"
cou0002,2015-12-01,"-3.95307,-1.44342,2.63538,1.948617"
cou0002,2016-03-01,"-3.95307,-1.587762,2.898918,1.948617"
cou0002,2016-06-01,"-3.95307,-1.587762,2.898918,1.948617"
cou0002,2016-09-01,"-3.95307,-1.587762,2.898918,1.948617"
cou0002,2016-12-01,"-3.95307,-1.587762,2.6090262,1.948617"
cou0002,2017-03-01,"-3.95307,-1.587762,2.6090262,1.948617"
cou0002,2017-06-01,"-3.95307,-1.587762,2.6090262,1.948617"
cou0002,2017-09-01,"-3.95307,-1.587762,2.6090262,1.948617"
cou0002,2017-12-01,"-3.95307,-1.587762,2.6090262,1.948617"
cou0002,2018-03-01,"-3.95307,-1.587762,2.6090262,1.7537553"
cou0002,2018-06-01,"-3.95307,-1.4289858,2.6090262,1.7537553"
cou0002,2018-09-01,"-3.95307,-1.4289858,2.6090262,1.7537553"
cou0002,2018-12-01,"-3.95307,-1.4289858,2.6090262,1.7537553"
cou0002,2019-03-01,"-3.95307,-1.4289858,2.6090262,1.7537553"
cou0002,2019-06-01,"-3.95307,-1.4289858,2.6090262,1.7537553"
cou0002,2019-09-01,"-3.95307,-1.4289858,2.6090262,1.7537553"
cou0002,2019-12-01,"-3.95307,-1.4289858,2.6090262,1.7537553"
cou0003,2003-12-01,"-3,-2,2,3"
cou0003,2004-03-01,"-3,-2,2,2.7"
cou0003,2004-06-01,"-3,-2,2,2.7"
cou0003,2004-09-01,"-3,-2,1.8,2.7"
cou0003,2004-12-01,"-3,-2,1.8,2.7"
cou0003,2005-03-01,"-3,-2,1.8,2.7"
cou0003,2005-06-01,"-3,-2,1.8,2.7"
cou0003,2005-09-01,"-3,-2,1.8,2.7"
cou0003,2005-12-01,"-3,-2.2,1.8,2.7"
cou0003,2006-03-01,"-3,-2.2,1.8,2.7"
cou0003,2006-06-01,"-3,-2.2,1.8,2.7"
cou0003,2006-09-01,"-3,-2.2,1.8,2.7"
cou0003,2006-12-01,"-3.3,-2.2,1.8,2.7"
cou0003,2007-03-01,"-3.3,-2.2,1.8,2.7"
cou0003,2007-06-01,"-3.3,-2.2,1.8,2.97"
cou0003,2007-09-01,"-3.3,-2.2,1.8,2.97"
cou0003,2007-12-01,"-3.3,-2.2,1.8,2.97"
cou0003,2008-03-01,"-3.3,-2.2,1.8,2.97"
cou0003,2008-06-01,"-2.97,-2.2,1.8,2.97"
cou0003,2008-09-01,"-2.97,-2.2,1.8,2.97"
cou0003,2008-12-01,"-3.267,-2.2,1.8,3.267"
cou0003,2009-03-01,"-3.267,-1.98,1.8,3.267"
cou0003,2009-06-01,"-3.267,-1.98,1.8,3.267"
cou0003,2009-09-01,"-3.267,-1.98,1.98,3.267"
cou0003,2009-12-01,"-3.267,-1.98,1.98,3.267"
cou0003,2010-03-01,"-3.267,-1.98,1.98,3.267"
cou0003,2010-06-01,"-3.5937,-1.98,1.98,3.267"
cou0003,2010-09-01,"-3.5937,-1.98,1.98,3.267"
cou0003,2010-12-01,"-3.5937,-1.98,1.98,3.267"
cou0003,2011-03-01,"-3.5937,-1.98,1.98,3.5937"
cou0003,2011-06-01,"-3.5937,-1.98,1.98,3.5937"
cou0003,2011-09-01,"-3.5937,-1.98,1.98,3.5937"
cou0003,2011-12-01,"-3.5937,-1.98,1.98,3.5937"
cou0003,2012-03-01,"-3.5937,-1.98,1.98,3.5937"
cou0003,2012-06-01,"-3.5937,-1.98,1.98,3.5937"
cou0003,2012-09-01,"-3.5937,-1.98,1.98,3.5937"
cou0003,2012-12-01,"-3.5937,-1.98,1.98,3.5937"
cou0003,2013-03-01,"-3.5937,-1.98,1.782,3.5937"
cou0003,2013-06-01,"-3.5937,-1.98,1.782,3.5937"
cou0003,2013-09-01,"-3.23433,-1.98,1.782,3.5937"
cou0003,2013-12-01,"-3.23433,-1.98,1.782,3.5937"
cou0003,2014-03-01,"-3.23433,-1.98,1.782,3.5937"
cou0003,2014-06-01,"-3.23433,-1.98,1.782,3.95307"
cou0003,2014-09-01,"-3.23433,-1.98,1.782,3.95307"
cou0003,2014-12-01,"-3.23433,-1.98,1.782,3.95307"
cou0003,2015-03-01,"-3.23433,-1.98,1.782,3.557763"
cou0003,2015-06-01,"-2.910897,-1.98,1.782,3.557763"
cou0003,2015-09-01,"-2.910897,-1.98,1.782,3.557763"
cou0003,2015-12-01,"-2.910897,-1.98,1.782,3.557763"
cou0003,2016-03-01,"-3.2019867,-1.98,1.782,3.557763"
cou0003,2016-06-01,"-3.2019867,-1.98,1.782,3.557763"
cou0003,2016-09-01,"-3.2019867,-1.98,1.6038,3.557763"
cou0003,2016-12-01,"-3.2019867,-1.782,1.6038,3.557763"
cou0003,2017-03-01,"-3.2019867,-1.782,1.6038,3.557763"
cou0003,2017-06-01,"-3.2019867,-1.782,1.6038,3.557763"
cou0003,2017-09-01,"-3.2019867,-1.782,1.6038,3.557763"
cou0003,2017-12-01,"-3.2019867,-1.782,1.6038,3.557763"
cou0003,2018-03-01,"-2.88178803,-1.782,1.6038,3.557763"
cou0003,2018-06-01,"-2.88178803,-1.782,1.6038,3.557763"
cou0003,2018-09-01,"-2.88178803,-1.782,1.6038,3.557763"
cou0003,2018-12-01,"-2.88178803,-1.782,1.6038,3.9135393"
cou0003,2019-03-01,"-2.593609227,-1.782,1.6038,3.52218537"
cou0003,2019-06-01,"-2.593609227,-1.782,1.6038,3.52218537"
cou0003,2019-09-01,"-2.593609227,-1.782,1.6038,3.52218537"
cou0003,2019-12-01,"-2.593609227,-1.782,1.6038,3.52218537"
cou0004,2003-12-01,"-3,-2,2,3"
cou0004,2004-03-01,"-3,-2,2,2.7"
cou0004,2004-06-01,"-3.3,-2,2,2.7"
cou0004,2004-09-01,"-3.3,-2,2,2.7"
cou0004,2004-12-01,"-3.63,-2,2,2.7"
cou0004,2005-03-01,"-3.63,-2,2,2.97"
cou0004,2005-06-01,"-3.63,-2,2,2.97"
cou0004,2005-09-01,"-3.63,-2,2,2.97"
cou0004,2005-12-01,"-3.63,-2,2.2,2.97"
cou0004,2006-03-01,"-3.63,-2,2.2,2.97"
cou0004,2006-06-01,"-3.63,-2,2.2,2.97"
cou0004,2006-09-01,"-3.63,-2,2.2,2.97"
cou0004,2006-12-01,"-3.993,-2,2.2,2.97"
cou0004,2007-03-01,"-3.993,-2,2.2,2.97"
cou0004,2007-06-01,"-3.993,-2,2.2,2.97"
cou0004,2007-09-01,"-3.993,-2,2.2,2.97"
cou0004,2007-12-01,"-3.993,-2,2.2,2.97"
cou0004,2008-03-01,"-3.993,-2,2.2,2.97"
cou0004,2008-06-01,"-3.993,-2,2.2,2.97"
cou0004,2008-09-01,"-3.993,-2.2,2.2,2.97"
cou0004,2008-12-01,"-3.993,-2.2,2.2,2.97"
cou0004,2009-03-01,"-3.993,-2.2,2.2,2.97"
cou0004,2009-06-01,"-3.993,-2.2,2.2,2.97"
cou0004,2009-09-01,"-4.3923,-2.2,2.2,2.97"
cou0004,2009-12-01,"-4.3923,-2.2,1.98,2.97"
cou0004,2010-03-01,"-4.3923,-2.2,1.98,2.97"
cou0004,2010-06-01,"-4.83153,-2.2,1.98,2.97"
cou0004,2010-09-01,"-4.83153,-2.2,2.178,2.97"
cou0004,2010-12-01,"-4.83153,-2.2,2.178,2.97"
cou0004,2011-03-01,"-4.83153,-2.2,2.178,2.97"
cou0004,2011-06-01,"-4.83153,-2.2,2.178,2.97"
cou0004,2011-09-01,"-4.83153,-2.2,2.178,2.97"
cou0004,2011-12-01,"-4.83153,-2.2,2.178,2.97"
cou0004,2012-03-01,"-4.83153,-2.2,2.178,2.97"
cou0004,2012-06-01,"-4.83153,-2.2,2.3958,2.97"
cou0004,2012-09-01,"-4.83153,-2.2,2.63538,2.97"
cou0004,2012-12-01,"-4.83153,-2.2,2.63538,2.97"
cou0004,2013-03-01,"-4.83153,-2.2,2.63538,2.97"
cou0004,2013-06-01,"-4.83153,-2.2,2.63538,2.97"
cou0004,2013-09-01,"-4.83153,-2.2,2.371842,2.97"
cou0004,2013-12-01,"-4.83153,-2.2,2.371842,2.97"
cou0004,2014-03-01,"-4.83153,-2.2,2.371842,2.97"
cou0004,2014-06-01,"-4.83153,-2.2,2.371842,2.97"
cou0004,2014-09-01,"-4.83153,-2.2,2.371842,2.97"
cou0004,2014-12-01,"-4.83153,-2.2,2.371842,2.673"
cou0004,2015-03-01,"-4.83153,-2.2,2.371842,2.673"
cou0004,2015-06-01,"-4.83153,-2.2,2.371842,2.673"
cou0004,2015-09-01,"-4.83153,-2.2,2.371842,2.673"
cou0004,2015-12-01,"-5.314683,-2.2,2.6090262,2.673"
cou0004,2016-03-01,"-5.8461513,-2.2,2.6090262,2.673"
cou0004,2016-06-01,"-5.8461513,-2.2,2.6090262,2.9403"
cou0004,2016-09-01,"-5.8461513,-2.2,2.6090262,2.9403"
cou0004,2016-12-01,"-5.8461513,-2.2,2.6090262,2.64627"
cou0004,2017-03-01,"-5.8461513,-2.42,2.86992882,2.64627"
cou0004,2017-06-01,"-5.8461513,-2.42,2.86992882,2.64627"
cou0004,2017-09-01,"-5.8461513,-2.662,2.86992882,2.64627"
cou0004,2017-12-01,"-5.8461513,-2.662,2.86992882,2.64627"
cou0004,2018-03-01,"-5.8461513,-2.662,2.86992882,2.64627"
cou0004,2018-06-01,"-5.8461513,-2.662,2.86992882,2.64627"
cou0004,2018-09-01,"-5.8461513,-2.662,2.86992882,2.64627"
cou0004,2018-12-01,"-6.43076643,-2.662,2.86992882,2.64627"
cou0004,2019-03-01,"-6.43076643,-2.3958,2.86992882,2.64627"
cou0004,2019-06-01,"-6.43076643,-2.3958,2.86992882,2.64627"
cou0004,2019-09-01,"-5.787689787,-2.3958,2.86992882,2.64627"
cou0004,2019-12-01,"-5.787689787,-2.3958,2.86992882,2.64627"
cou0005,2003-12-01,"-3,-2,2,3"
cou0005,2004-03-01,"-2.7,-2,2,3"
cou0005,2004-06-01,"-2.7,-2,2,3"
cou0005,2004-09-01,"-2.43,-2,2,3"
cou0005,2004-12-01,"-2.43,-2,2,3"
cou0005,2005-03-01,"-2.43,-2,2,3"
cou0005,2005-06-01,"-2.43,-2,2,3"
cou0005,2005-09-01,"-2.43,-2,2,3"
cou0005,2005-12-01,"-2.43,-2,2,3"
cou0005,2006-03-01,"-2.43,-2,2,3"
cou0005,2006-06-01,"-2.43,-2,2,3"
cou0005,2006-09-01,"-2.43,-2,2,3"
cou0005,2006-12-01,"-2.43,-2,2.2,3"
cou0005,2007-03-01,"-2.43,-2,2.2,3"
cou0005,2007-06-01,"-2.43,-2,2.2,3"
cou0005,2007-09-01,"-2.43,-2,2.2,2.7"
cou0005,2007-12-01,"-2.43,-2,2.2,2.7"
cou0005,2008-03-01,"-2.43,-2,1.98,2.7"
cou0005,2008-06-01,"-2.43,-2,1.98,2.7"
cou0005,2008-09-01,"-2.43,-2,1.98,2.7"
cou0005,2008-12-01,"-2.43,-2,1.98,2.7"
cou0005,2009-03-01,"-2.43,-2,1.98,2.7"
cou0005,2009-06-01,"-2.187,-2,1.98,2.7"
cou0005,2009-09-01,"-2.187,-2,1.98,2.7"
cou0005,2009-12-01,"-2.187,-2,1.98,2.7"
cou0005,2010-03-01,"-2.187,-2,1.98,2.7"
cou0005,2010-06-01,"-2.187,-2,1.98,2.7"
cou0005,2010-09-01,"-2.4057,-2,1.98,2.7"
cou0005,2010-12-01,"-2.4057,-2,1.98,2.7"
cou0005,2011-03-01,"-2.4057,-2,1.98,2.7"
cou0005,2011-06-01,"-2.16513,-2,1.98,2.7"
cou0005,2011-09-01,"-2.16513,-2,1.98,2.7"
cou0005,2011-12-01,"-2.16513,-2,1.98,2.7"
cou0005,2012-03-01,"-2.16513,-2,1.98,2.7"
cou0005,2012-06-01,"-2.381643,-2,1.98,2.7"
cou0005,2012-09-01,"-2.381643,-2,1.98,2.7"
cou0005,2012-12-01,"-2.381643,-2,1.98,2.7"
cou0005,2013-03-01,"-2.381643,-2,1.98,2.7"
cou0005,2013-06-01,"-2.381643,-2,1.98,2.7"
cou0005,2013-09-01,"-2.381643,-2,1.98,2.7"
cou0005,2013-12-01,"-2.381643,-2,1.98,2.7"
cou0005,2014-03-01,"-2.381643,-2,1.98,2.7"
cou0005,2014-06-01,"-2.381643,-2,1.98,2.97"
cou0005,2014-09-01,"-2.381643,-2,1.98,2.97"
cou0005,2014-12-01,"-2.381643,-2,1.98,2.97"
cou0005,2015-03-01,"-2.381643,-2,1.98,2.97"
cou0005,2015-06-01,"-2.381643,-1.8,1.98,2.97"
cou0005,2015-09-01,"-2.381643,-1.98,1.98,2.97"
cou0005,2015-12-01,"-2.381643,-1.98,1.98,2.97"
cou0005,2016-03-01,"-2.381643,-1.98,2.178,2.97"
cou0005,2016-06-01,"-2.381643,-1.98,2.178,3.267"
cou0005,2016-09-01,"-2.381643,-1.98,2.178,3.267"
cou0005,2016-12-01,"-2.381643,-1.98,2.178,3.267"
cou0005,2017-03-01,"-2.6198073,-1.98,2.178,3.267"
cou0005,2017-06-01,"-2.35782657,-1.98,2.178,3.267"
cou0005,2017-09-01,"-2.35782657,-2.178,2.3958,3.267"
cou0005,2017-12-01,"-2.35782657,-2.178,2.3958,3.267"
cou0005,2018-03-01,"-2.35782657,-2.178,2.3958,3.267"
cou0005,2018-06-01,"-2.35782657,-2.178,2.3958,3.267"
cou0005,2018-09-01,"-2.35782657,-2.178,2.63538,3.267"
cou0005,2018-12-01,"-2.35782657,-2.178,2.63538,3.267"
cou0005,2019-03-01,"-2.35782657,-2.178,2.63538,3.267"
cou0005,2019-06-01,"-2.35782657,-2.178,2.63538,3.267"
cou0005,2019-09-01,"-2.35782657,-2.178,2.63538,3.267"
cou0005,2019-12-01,"-2.593609227,-2.178,2.63538,3.267"
cou0006,2003-12-01,"-3,-2.2,2,3"
cou0006,2004-03-01,"-3,-1.98,2,3"
cou0006,2004-06-01,"-3,-1.98,2,3"
cou0006,2004-09-01,"-3,-1.98,2,3"
cou0006,2004-12-01,"-3,-1.98,2,3"
cou0006,2005-03-01,"-3,-1.98,2.2,3"
cou0006,2005-06-01,"-3,-1.98,2.2,3"
cou0006,2005-09-01,"-3,-1.98,2.42,3"
cou0006,2005-12-01,"-3,-1.98,2.42,3"
cou0006,2006-03-01,"-3,-1.98,2.42,3"
cou0006,2006-06-01,"-3,-1.98,2.42,3"
cou0006,2006-09-01,"-3,-1.98,2.42,3.3"
cou0006,2006-12-01,"-3,-1.98,2.42,3.3"
cou0006,2007-03-01,"-3,-1.98,2.42,3.3"
cou0006,2007-06-01,"-3,-1.98,2.42,3.3"
cou0006,2007-09-01,"-3,-1.98,2.42,3.3"
cou0006,2007-12-01,"-3,-1.98,2.42,3.3"
cou0006,2008-03-01,"-3,-1.98,2.42,3.3"
cou0006,2008-06-01,"-3,-1.98,2.42,3.3"
cou0006,2008-09-01,"-3,-1.98,2.42,3.3"
cou0006,2008-12-01,"-3,-1.98,2.42,3.3"
cou0006,2009-03-01,"-3,-1.98,2.42,3.3"
cou0006,2009-06-01,"-3,-1.98,2.42,3.3"
cou0006,2009-09-01,"-3,-1.98,2.42,3.3"
cou0006,2009-12-01,"-2.7,-1.98,2.42,3.3"
cou0006,2010-03-01,"-2.7,-1.98,2.42,3.3"
cou0006,2010-06-01,"-2.7,-1.98,2.42,3.3"
cou0006,2010-09-01,"-2.7,-1.98,2.42,3.3"
cou0006,2010-12-01,"-2.7,-1.98,2.662,3.3"
cou0006,2011-03-01,"-2.7,-1.98,2.662,3.3"
cou0006,2011-06-01,"-2.7,-1.782,2.662,3.3"
cou0006,2011-09-01,"-2.7,-1.782,2.662,3.3"
cou0006,2011-12-01,"-2.7,-1.782,2.662,3.3"
cou0006,2012-03-01,"-2.7,-1.9602,2.662,3.3"
cou0006,2012-06-01,"-2.7,-1.9602,2.662,3.3"
cou0006,2012-09-01,"-2.7,-1.9602,2.9282,3.3"
cou0006,2012-12-01,"-2.7,-1.9602,2.9282,3.3"
cou0006,2013-03-01,"-2.7,-1.9602,2.9282,3.3"
cou0006,2013-06-01,"-2.7,-1.9602,2.63538,3.3"
cou0006,2013-09-01,"-2.7,-1.9602,2.371842,3.3"
cou0006,2013-12-01,"-2.7,-1.9602,2.371842,3.3"
cou0006,2014-03-01,"-2.7,-1.9602,2.371842,3.3"
cou0006,2014-06-01,"-2.7,-1.9602,2.371842,3.3"
cou0006,2014-09-01,"-2.7,-1.9602,2.371842,3.3"
cou0006,2014-12-01,"-2.7,-1.9602,2.371842,3.3"
cou0006,2015-03-01,"-2.7,-1.9602,2.371842,3.3"
cou0006,2015-06-01,"-2.7,-1.9602,2.371842,3.3"
cou0006,2015-09-01,"-2.7,-1.9602,2.371842,3.3"
cou0006,2015-12-01,"-2.7,-1.9602,2.371842,3.3"
cou0006,2016-03-01,"-2.7,-2.15622,2.371842,3.3"
cou0006,2016-06-01,"-2.7,-2.15622,2.371842,3.3"
cou0006,2016-09-01,"-2.7,-2.15622,2.371842,3.3"
cou0006,2016-12-01,"-2.7,-2.15622,2.371842,3.3"
cou0006,2017-03-01,"-2.7,-2.15622,2.371842,3.3"
cou0006,2017-06-01,"-2.43,-2.15622,2.371842,3.3"
cou0006,2017-09-01,"-2.43,-2.15622,2.371842,3.3"
cou0006,2017-12-01,"-2.43,-2.15622,2.371842,3.3"
cou0006,2018-03-01,"-2.43,-1.940598,2.371842,3.3"
cou0006,2018-06-01,"-2.43,-1.940598,2.371842,3.3"
cou0006,2018-09-01,"-2.43,-1.940598,2.371842,3.3"
cou0006,2018-12-01,"-2.43,-2.1346578,2.371842,3.3"
cou0006,2019-03-01,"-2.43,-2.1346578,2.371842,3.3"
cou0006,2019-06-01,"-2.43,-2.1346578,2.6090262,3.3"
cou0006,2019-09-01,"-2.187,-2.1346578,2.6090262,3.3"
cou0006,2019-12-01,"-2.187,-2.1346578,2.6090262,3.63"
cou0007,2003-12-01,"-3,-2,2,3"
cou0007,2004-03-01,"-3,-2,2,3"
cou0007,2004-06-01,"-3,-2,2,3"
cou0007,2004-09-01,"-3,-2,2,3"
cou0007,2004-12-01,"-3,-2,2,3"
cou0007,2005-03-01,"-3,-2,2,3"
cou0007,2005-06-01,"-3,-2,2,3"
cou0007,2005-09-01,"-3,-2,2,3"
cou0007,2005-12-01,"-3,-2,2,3.3"
cou0007,2006-03-01,"-3,-2,2,3.3"
cou0007,2006-06-01,"-3.3,-2,2,3.3"
cou0007,2006-09-01,"-3.3,-2,2,3.3"
cou0007,2006-12-01,"-3.63,-2,2,3.3"
cou0007,2007-03-01,"-3.63,-2,2,3.3"
cou0007,2007-06-01,"-3.63,-2,2,3.3"
cou0007,2007-09-01,"-3.63,-2,2,3.3"
cou0007,2007-12-01,"-3.63,-2,2.2,3.3"
cou0007,2008-03-01,"-3.63,-1.8,2.2,3.3"
cou0007,2008-06-01,"-3.63,-1.8,2.2,3.3"
cou0007,2008-09-01,"-3.993,-1.8,2.2,3.63"
cou0007,2008-12-01,"-3.993,-1.8,2.2,3.63"
cou0007,2009-03-01,"-3.993,-1.8,2.2,3.63"
cou0007,2009-06-01,"-3.993,-1.62,1.98,3.63"
cou0007,2009-09-01,"-3.993,-1.62,1.98,3.63"
cou0007,2009-12-01,"-3.993,-1.62,1.98,3.63"
cou0007,2010-03-01,"-3.993,-1.62,1.98,3.63"
cou0007,2010-06-01,"-3.993,-1.62,1.98,3.63"
cou0007,2010-09-01,"-3.993,-1.62,1.98,3.63"
cou0007,2010-12-01,"-3.993,-1.62,1.98,3.63"
cou0007,2011-03-01,"-3.993,-1.62,1.98,3.63"
cou0007,2011-06-01,"-3.993,-1.62,1.98,3.63"
cou0007,2011-09-01,"-3.993,-1.62,1.98,3.63"
cou0007,2011-12-01,"-3.993,-1.62,1.98,3.63"
cou0007,2012-03-01,"-3.993,-1.62,1.98,3.63"
cou0007,2012-06-01,"-3.993,-1.782,1.98,3.63"
cou0007,2012-09-01,"-3.993,-1.782,1.98,3.63"
cou0007,2012-12-01,"-3.993,-1.9602,1.98,3.63"
cou0007,2013-03-01,"-3.993,-1.9602,1.98,3.63"
cou0007,2013-06-01,"-3.993,-1.9602,1.98,3.63"
cou0007,2013-09-01,"-3.993,-1.9602,1.98,3.63"
cou0007,2013-12-01,"-3.993,-1.9602,1.98,3.63"
cou0007,2014-03-01,"-3.993,-1.9602,1.98,3.993"
cou0007,2014-06-01,"-3.993,-1.9602,1.98,3.993"
cou0007,2014-09-01,"-3.993,-1.9602,1.98,3.993"
cou0007,2014-12-01,"-3.993,-1.76418,1.98,3.5937"
cou0007,2015-03-01,"-3.993,-1.76418,1.98,3.23433"
cou0007,2015-06-01,"-3.993,-1.76418,1.98,3.23433"
cou0007,2015-09-01,"-3.993,-1.940598,1.98,3.23433"
cou0007,2015-12-01,"-3.993,-1.940598,1.98,3.23433"
cou0007,2016-03-01,"-3.993,-1.940598,1.98,3.23433"
cou0007,2016-06-01,"-3.993,-1.940598,1.98,3.23433"
cou0007,2016-09-01,"-3.993,-1.940598,1.98,3.23433"
cou0007,2016-12-01,"-3.993,-1.940598,1.98,3.23433"
cou0007,2017-03-01,"-3.993,-1.940598,1.98,3.23433"
cou0007,2017-06-01,"-3.993,-1.940598,1.782,3.23433"
cou0007,2017-09-01,"-3.993,-1.940598,1.782,3.23433"
cou0007,2017-12-01,"-3.993,-1.940598,1.782,3.23433"
cou0007,2018-03-01,"-3.993,-1.940598,1.782,3.23433"
cou0007,2018-06-01,"-3.993,-1.940598,1.782,3.23433"
cou0007,2018-09-01,"-3.993,-1.940598,1.782,3.23433"
cou0007,2018-12-01,"-3.993,-1.940598,1.782,3.23433"
cou0007,2019-03-01,"-3.993,-1.940598,1.782,3.23433"
cou0007,2019-06-01,"-3.993,-1.940598,1.782,3.23433"
cou0007,2019-09-01,"-3.993,-1.7465382,1.782,3.23433"
cou0007,2019-12-01,"-3.993,-1.7465382,1.782,3.557763"
cou0008,2003-12-01,"-3,-2,2,3"
cou0008,2004-03-01,"-3,-2,2,3"
cou0008,2004-06-01,"-3,-2,2,3"
cou0008,2004-09-01,"-3,-1.8,2,3"
cou0008,2004-12-01,"-3,-1.8,2,3"
cou0008,2005-03-01,"-3,-1.8,2,3"
cou0008,2005-06-01,"-3,-1.8,2,3"
cou0008,2005-09-01,"-3,-1.8,2,3"
cou0008,2005-12-01,"-3,-1.8,2,3"
cou0008,2006-03-01,"-3,-1.8,2,3"
cou0008,2006-06-01,"-3,-1.8,2,3"
cou0008,2006-09-01,"-3,-1.8,2,3"
cou0008,2006-12-01,"-3,-1.8,2,3"
cou0008,2007-03-01,"-3,-1.8,2,3"
cou0008,2007-06-01,"-3,-1.8,2,3"
cou0008,2007-09-01,"-3,-1.8,1.8,2.7"
cou0008,2007-12-01,"-3,-1.8,1.8,2.7"
cou0008,2008-03-01,"-3,-1.8,1.8,2.7"
cou0008,2008-06-01,"-3,-1.8,1.8,2.7"
cou0008,2008-09-01,"-3,-1.98,1.8,2.7"
cou0008,2008-12-01,"-3.3,-1.98,1.8,2.7"
cou0008,2009-03-01,"-3.3,-1.98,1.8,2.7"
cou0008,2009-06-01,"-3.3,-1.782,1.8,2.7"
cou0008,2009-09-01,"-3.3,-1.782,1.8,2.97"
cou0008,2009-12-01,"-3.3,-1.782,1.8,2.97"
cou0008,2010-03-01,"-3.3,-1.782,1.8,2.97"
cou0008,2010-06-01,"-3.3,-1.782,1.8,2.97"
cou0008,2010-09-01,"-3.3,-1.782,1.8,2.97"
cou0008,2010-12-01,"-3.3,-1.782,1.8,2.97"
cou0008,2011-03-01,"-3.3,-1.782,1.8,2.97"
cou0008,2011-06-01,"-3.3,-1.782,1.8,2.97"
cou0008,2011-09-01,"-3.3,-1.782,1.8,2.97"
cou0008,2011-12-01,"-3.3,-1.9602,1.8,2.97"
cou0008,2012-03-01,"-3.3,-1.9602,1.8,2.97"
cou0008,2012-06-01,"-3.3,-1.9602,1.8,2.97"
cou0008,2012-09-01,"-3.3,-1.9602,1.8,2.97"
cou0008,2012-12-01,"-3.3,-1.9602,1.8,2.97"
cou0008,2013-03-01,"-3.3,-1.9602,1.8,2.97"
cou0008,2013-06-01,"-3.3,-1.9602,1.8,2.673"
cou0008,2013-09-01,"-2.97,-1.9602,1.8,2.673"
cou0008,2013-12-01,"-2.673,-1.9602,1.8,2.673"
cou0008,2014-03-01,"-2.673,-1.9602,1.8,2.673"
cou0008,2014-06-01,"-2.673,-1.9602,1.98,2.673"
cou0008,2014-09-01,"-2.9403,-1.9602,1.98,2.9403"
cou0008,2014-12-01,"-2.9403,-1.9602,1.98,2.64627"
cou0008,2015-03-01,"-2.9403,-1.9602,1.782,2.64627"
cou0008,2015-06-01,"-2.9403,-1.9602,1.782,2.64627"
cou0008,2015-09-01,"-2.9403,-1.9602,1.782,2.64627"
cou0008,2015-12-01,"-2.9403,-1.9602,1.782,2.64627"
cou0008,2016-03-01,"-2.9403,-1.9602,1.782,2.910897"
cou0008,2016-06-01,"-2.9403,-1.9602,1.782,2.910897"
cou0008,2016-09-01,"-2.9403,-1.9602,1.782,2.910897"
cou0008,2016-12-01,"-2.9403,-1.76418,1.782,2.910897"
cou0008,2017-03-01,"-2.9403,-1.76418,1.782,2.910897"
cou0008,2017-06-01,"-2.9403,-1.76418,1.782,2.910897"
cou0008,2017-09-01,"-2.9403,-1.76418,1.782,2.910897"
cou0008,2017-12-01,"-2.9403,-1.76418,1.782,2.910897"
cou0008,2018-03-01,"-2.9403,-1.76418,1.782,2.910897"
cou0008,2018-06-01,"-2.64627,-1.76418,1.782,2.910897"
cou0008,2018-09-01,"-2.64627,-1.76418,1.782,3.2019867"
cou0008,2018-12-01,"-2.64627,-1.76418,1.782,3.2019867"
cou0008,2019-03-01,"-2.64627,-1.76418,1.782,3.2019867"
cou0008,2019-06-01,"-2.64627,-1.76418,1.782,3.2019867"
cou0008,2019-09-01,"-2.64627,-1.76418,1.782,3.2019867"
cou0008,2019-12-01,"-2.910897,-1.76418,1.782,3.2019867"
cou0009,2003-12-01,"-3,-2,2,3"
cou0009,2004-03-01,"-3,-2,2,3"
cou0009,2004-06-01,"-3,-2,2,3"
cou0009,2004-09-01,"-2.7,-2,2,2.7"
cou0009,2004-12-01,"-2.7,-2,2,2.7"
cou0009,2005-03-01,"-2.7,-2,2,2.97"
cou0009,2005-06-01,"-2.7,-2,2,2.97"
cou0009,2005-09-01,"-2.7,-2,2,2.97"
cou0009,2005-12-01,"-2.97,-2,2,2.97"
cou0009,2006-03-01,"-2.97,-2,2,2.97"
cou0009,2006-06-01,"-2.97,-2,2.2,2.97"
cou0009,2006-09-01,"-2.97,-2,2.2,2.97"
cou0009,2006-12-01,"-3.267,-2,2.2,2.97"
cou0009,2007-03-01,"-3.267,-2,2.2,2.97"
cou0009,2007-06-01,"-3.267,-2,2.2,2.97"
cou0009,2007-09-01,"-3.267,-2,2.2,2.97"
cou0009,2007-12-01,"-3.267,-2,2.2,2.97"
cou0009,2008-03-01,"-3.267,-2,1.98,2.97"
cou0009,2008-06-01,"-3.267,-2,1.98,2.97"
cou0009,2008-09-01,"-3.267,-2,1.98,2.97"
cou0009,2008-12-01,"-3.267,-2.2,2.178,2.97"
cou0009,2009-03-01,"-3.267,-2.2,2.178,2.97"
cou0009,2009-06-01,"-3.267,-1.98,2.178,2.97"
cou0009,2009-09-01,"-3.267,-1.98,2.178,2.97"
cou0009,2009-12-01,"-3.267,-1.98,2.178,2.97"
cou0009,2010-03-01,"-3.267,-1.98,2.178,2.97"
cou0009,2010-06-01,"-3.267,-1.98,2.178,3.267"
cou0009,2010-09-01,"-3.267,-1.98,2.178,3.267"
cou0009,2010-12-01,"-3.267,-1.98,2.178,3.267"
cou0009,2011-03-01,"-3.267,-1.98,2.178,3.267"
cou0009,2011-06-01,"-2.9403,-1.98,2.178,2.9403"
cou0009,2011-09-01,"-2.9403,-1.98,2.178,2.9403"
cou0009,2011-12-01,"-2.9403,-1.98,2.178,2.9403"
cou0009,2012-03-01,"-2.9403,-1.98,2.178,2.9403"
cou0009,2012-06-01,"-2.9403,-1.98,2.178,3.23433"
cou0009,2012-09-01,"-2.9403,-1.98,2.178,3.23433"
cou0009,2012-12-01,"-2.9403,-1.98,2.178,3.23433"
cou0009,2013-03-01,"-2.9403,-1.98,2.178,3.23433"
cou0009,2013-06-01,"-2.9403,-1.98,2.178,3.23433"
cou0009,2013-09-01,"-2.9403,-1.98,2.178,2.910897"
cou0009,2013-12-01,"-2.9403,-1.98,2.178,2.910897"
cou0009,2014-03-01,"-2.9403,-1.98,2.178,2.910897"
cou0009,2014-06-01,"-2.9403,-1.98,2.178,2.910897"
cou0009,2014-09-01,"-2.9403,-2.178,2.178,2.910897"
cou0009,2014-12-01,"-2.9403,-2.178,2.178,2.910897"
cou0009,2015-03-01,"-2.9403,-2.178,2.178,2.910897"
cou0009,2015-06-01,"-2.9403,-2.178,2.178,2.910897"
cou0009,2015-09-01,"-2.9403,-2.178,2.178,2.910897"
cou0009,2015-12-01,"-2.9403,-2.178,2.178,2.910897"
cou0009,2016-03-01,"-2.9403,-2.178,2.3958,3.2019867"
cou0009,2016-06-01,"-2.9403,-2.178,2.3958,3.2019867"
cou0009,2016-09-01,"-2.9403,-2.178,2.15622,3.2019867"
cou0009,2016-12-01,"-2.9403,-2.178,2.15622,2.88178803"
cou0009,2017-03-01,"-3.23433,-2.178,2.15622,2.88178803"
cou0009,2017-06-01,"-3.23433,-2.178,2.15622,2.88178803"
cou0009,2017-09-01,"-3.557763,-2.178,2.15622,2.88178803"
cou0009,2017-12-01,"-3.2019867,-2.178,2.15622,2.88178803"
cou0009,2018-03-01,"-3.2019867,-2.178,2.15622,2.88178803"
cou0009,2018-06-01,"-3.2019867,-2.178,2.15622,2.88178803"
cou0009,2018-09-01,"-3.2019867,-2.178,2.371842,2.88178803"
cou0009,2018-12-01,"-3.2019867,-2.178,2.371842,2.88178803"
cou0009,2019-03-01,"-3.2019867,-2.178,2.371842,2.88178803"
cou0009,2019-06-01,"-3.2019867,-2.178,2.371842,3.169966833"
cou0009,2019-09-01,"-3.2019867,-2.178,2.371842,3.169966833"
cou0009,2019-12-01,"-3.2019867,-2.178,2.371842,3.169966833"
cou0010,2003-12-01,"-3,-2,2,3"
cou0010,2004-03-01,"-3,-2,2,3"
cou0010,2004-06-01,"-3,-2,2,3"
cou0010,2004-09-01,"-3,-2,2,3"
cou0010,2004-12-01,"-3,-2,2,3"
cou0010,2005-03-01,"-3,-2,2,3"
cou0010,2005-06-01,"-3,-2,2,3"
cou0010,2005-09-01,"-3,-2,2,3"
cou0010,2005-12-01,"-3,-2,2,3"
cou0010,2006-03-01,"-3,-2,2,3"
cou0010,2006-06-01,"-3,-2,2,3"
cou0010,2006-09-01,"-3,-2,2,3"
cou0010,2006-12-01,"-3,-2,2,3"
cou0010,2007-03-01,"-3,-2,2,3"
cou0010,2007-06-01,"-3,-2,2,3"
cou0010,2007-09-01,"-3,-1.8,2,3"
cou0010,2007-12-01,"-3,-1.8,2,3.3"
cou0010,2008-03-01,"-3,-1.8,2,3.3"
cou0010,2008-06-01,"-3,-1.8,2,3.3"
cou0010,2008-09-01,"-3,-1.8,2,3.3"
cou0010,2008-12-01,"-3,-1.8,2,3.3"
cou0010,2009-03-01,"-3,-1.8,2,3.3"
cou0010,2009-06-01,"-3,-1.8,2,3.3"
cou0010,2009-09-01,"-3,-1.8,2,3.3"
cou0010,2009-12-01,"-2.7,-1.8,2,3.3"
cou0010,2010-03-01,"-2.7,-1.8,1.8,3.3"
cou0010,2010-06-01,"-2.7,-1.8,1.8,3.3"
cou0010,2010-09-01,"-2.7,-1.8,1.8,3.3"
cou0010,2010-12-01,"-2.7,-1.8,1.8,3.63"
cou0010,2011-03-01,"-2.7,-1.8,1.8,3.993"
cou0010,2011-06-01,"-2.7,-1.8,1.8,3.993"
cou0010,2011-09-01,"-2.7,-1.8,1.8,3.993"
cou0010,2011-12-01,"-2.7,-1.8,1.8,3.993"
cou0010,2012-03-01,"-2.97,-1.8,1.8,3.993"
cou0010,2012-06-01,"-3.267,-1.98,1.8,3.993"
cou0010,2012-09-01,"-3.5937,-1.98,1.8,3.993"
cou0010,2012-12-01,"-3.5937,-1.98,1.8,3.993"
cou0010,2013-03-01,"-3.5937,-1.98,1.8,3.993"
cou0010,2013-06-01,"-3.5937,-1.98,1.8,3.993"
cou0010,2013-09-01,"-3.5937,-1.98,1.8,3.993"
cou0010,2013-12-01,"-3.5937,-1.98,1.8,3.993"
cou0010,2014-03-01,"-3.5937,-2.178,1.8,3.993"
cou0010,2014-06-01,"-3.5937,-2.178,1.98,3.993"
cou0010,2014-09-01,"-3.5937,-2.178,1.98,3.993"
cou0010,2014-12-01,"-3.5937,-1.9602,1.98,3.993"
cou0010,2015-03-01,"-3.5937,-1.9602,1.98,3.993"
cou0010,2015-06-01,"-3.23433,-1.9602,1.98,3.993"
cou0010,2015-09-01,"-3.23433,-1.9602,1.98,3.993"
cou0010,2015-12-01,"-3.23433,-1.9602,1.98,3.993"
cou0010,2016-03-01,"-3.23433,-1.9602,1.98,3.993"
cou0010,2016-06-01,"-3.23433,-1.9602,1.98,3.993"
cou0010,2016-09-01,"-3.23433,-1.9602,1.98,3.993"
cou0010,2016-12-01,"-3.23433,-1.9602,1.782,3.993"
cou0010,2017-03-01,"-3.557763,-1.9602,1.782,3.993"
cou0010,2017-06-01,"-3.2019867,-1.9602,1.782,3.993"
cou0010,2017-09-01,"-3.2019867,-2.15622,1.782,3.993"
cou0010,2017-12-01,"-3.2019867,-2.15622,1.782,3.993"
cou0010,2018-03-01,"-3.2019867,-2.15622,1.782,3.5937"
cou0010,2018-06-01,"-3.2019867,-2.15622,1.782,3.5937"
cou0010,2018-09-01,"-3.2019867,-2.15622,1.782,3.5937"
cou0010,2018-12-01,"-3.2019867,-2.15622,1.782,3.95307"
cou0010,2019-03-01,"-3.2019867,-2.15622,1.782,3.95307"
cou0010,2019-06-01,"-3.52218537,-2.15622,1.782,3.95307"
cou0010,2019-09-01,"-3.52218537,-2.15622,1.6038,3.95307"
cou0010,2019-12-01,"-3.874403907,-2.15622,1.6038,4.348377"
cou0011,2003-12-01,"-3,-2,2,3"
cou0011,2004-03-01,"-2.7,-2,2,3"
cou0011,2004-06-01,"-2.7,-2,2,3"
cou0011,2004-09-01,"-2.7,-2,2,3"
cou0011,2004-12-01,"-2.7,-2,2.2,3"
cou0011,2005-03-01,"-2.7,-2,2.2,3"
cou0011,2005-06-01,"-2.7,-2,2.2,2.7"
cou0011,2005-09-01,"-2.7,-2,2.2,2.7"
cou0011,2005-12-01,"-2.97,-2,2.2,2.7"
cou0011,2006-03-01,"-2.673,-2,2.2,2.7"
cou0011,2006-06-01,"-2.673,-2.2,2.2,2.7"
cou0011,2006-09-01,"-2.673,-2.2,2.2,2.7"
cou0011,2006-12-01,"-2.673,-2.42,2.2,2.7"
cou0011,2007-03-01,"-2.673,-2.42,2.2,2.7"
cou0011,2007-06-01,"-2.673,-2.662,2.2,2.7"
cou0011,2007-09-01,"-2.673,-2.662,2.2,2.7"
cou0011,2007-12-01,"-2.673,-2.662,2.2,2.7"
cou0011,2008-03-01,"-2.673,-2.3958,2.2,2.7"
cou0011,2008-06-01,"-2.4057,-2.3958,2.2,2.7"
cou0011,2008-09-01,"-2.4057,-2.3958,2.2,2.7"
cou0011,2008-12-01,"-2.64627,-2.63538,2.2,2.7"
cou0011,2009-03-01,"-2.64627,-2.63538,2.2,2.7"
cou0011,2009-06-01,"-2.64627,-2.63538,2.2,2.7"
cou0011,2009-09-01,"-2.64627,-2.63538,2.2,2.7"
cou0011,2009-12-01,"-2.64627,-2.63538,2.2,2.7"
cou0011,2010-03-01,"-2.64627,-2.63538,2.2,2.7"
cou0011,2010-06-01,"-2.64627,-2.63538,2.2,2.7"
cou0011,2010-09-01,"-2.64627,-2.63538,2.2,2.97"
cou0011,2010-12-01,"-2.64627,-2.63538,2.2,2.97"
cou0011,2011-03-01,"-2.64627,-2.63538,2.42,2.97"
cou0011,2011-06-01,"-2.64627,-2.371842,2.42,2.97"
cou0011,2011-09-01,"-2.64627,-2.371842,2.42,2.97"
cou0011,2011-12-01,"-2.64627,-2.371842,2.42,2.97"
cou0011,2012-03-01,"-2.64627,-2.371842,2.42,2.97"
cou0011,2012-06-01,"-2.910897,-2.371842,2.42,2.97"
cou0011,2012-09-01,"-2.910897,-2.371842,2.42,2.97"
cou0011,2012-12-01,"-2.910897,-2.371842,2.42,2.97"
cou0011,2013-03-01,"-2.910897,-2.371842,2.42,2.673"
cou0011,2013-06-01,"-2.910897,-2.371842,2.42,2.673"
cou0011,2013-09-01,"-2.6198073,-2.371842,2.42,2.673"
cou0011,2013-12-01,"-2.6198073,-2.371842,2.42,2.673"
cou0011,2014-03-01,"-2.6198073,-2.6090262,2.662,2.9403"
cou0011,2014-06-01,"-2.6198073,-2.6090262,2.662,2.9403"
cou0011,2014-09-01,"-2.6198073,-2.6090262,2.662,2.9403"
cou0011,2014-12-01,"-2.6198073,-2.6090262,2.662,2.9403"
cou0011,2015-03-01,"-2.6198073,-2.6090262,2.662,2.64627"
cou0011,2015-06-01,"-2.35782657,-2.6090262,2.662,2.381643"
cou0011,2015-09-01,"-2.35782657,-2.6090262,2.662,2.381643"
cou0011,2015-12-01,"-2.35782657,-2.6090262,2.662,2.381643"
cou0011,2016-03-01,"-2.35782657,-2.86992882,2.662,2.381643"
cou0011,2016-06-01,"-2.35782657,-2.86992882,2.662,2.381643"
cou0011,2016-09-01,"-2.35782657,-2.582935938,2.662,2.381643"
cou0011,2016-12-01,"-2.35782657,-2.582935938,2.662,2.381643"
cou0011,2017-03-01,"-2.35782657,-2.582935938,2.662,2.381643"
cou0011,2017-06-01,"-2.35782657,-2.582935938,2.662,2.381643"
cou0011,2017-09-01,"-2.35782657,-2.582935938,2.662,2.381643"
cou0011,2017-12-01,"-2.35782657,-2.582935938,2.662,2.381643"
cou0011,2018-03-01,"-2.122043913,-2.582935938,2.3958,2.381643"
cou0011,2018-06-01,"-1.9098395217,-2.582935938,2.3958,2.381643"
cou0011,2018-09-01,"-2.10082347387,-2.8412295318,2.3958,2.381643"
cou0011,2018-12-01,"-2.10082347387,-2.8412295318,2.3958,2.381643"
cou0011,2019-03-01,"-2.10082347387,-2.8412295318,2.3958,2.381643"
cou0011,2019-06-01,"-2.10082347387,-2.8412295318,2.3958,2.381643"
cou0011,2019-09-01,"-2.10082347387,-2.8412295318,2.3958,2.381643"
cou0011,2019-12-01,"-2.10082347387,-2.8412295318,2.3958,2.381643"
cou0012,2003-12-01,"-3,-2,2.2,3"
cou0012,2004-03-01,"-3,-2,2.2,3"
cou0012,2004-06-01,"-3,-2,2.2,3.3"
cou0012,2004-09-01,"-3,-2,2.2,3.3"
cou0012,2004-12-01,"-3,-2,2.2,3.3"
cou0012,2005-03-01,"-3,-2,2.2,3.3"
cou0012,2005-06-01,"-3,-2,2.2,3.3"
cou0012,2005-09-01,"-3,-2,2.2,3.3"
cou0012,2005-12-01,"-3,-2,2.2,3.3"
cou0012,2006-03-01,"-3,-2,2.2,3.3"
cou0012,2006-06-01,"-3,-2,2.2,3.3"
cou0012,2006-09-01,"-3,-2,2.2,3.3"
cou0012,2006-12-01,"-3,-2,2.2,3.3"
cou0012,2007-03-01,"-3,-2,2.2,3.3"
cou0012,2007-06-01,"-3,-2.2,2.2,3.3"
cou0012,2007-09-01,"-3,-2.2,2.2,3.3"
cou0012,2007-12-01,"-3,-2.2,2.2,3.63"
cou0012,2008-03-01,"-3,-2.2,2.2,3.63"
cou0012,2008-06-01,"-3,-2.2,1.98,3.63"
cou0012,2008-09-01,"-3,-2.2,1.98,3.63"
cou0012,2008-12-01,"-3.3,-2.2,1.98,3.63"
cou0012,2009-03-01,"-3.3,-2.2,1.98,3.63"
cou0012,2009-06-01,"-2.97,-2.2,1.98,3.63"
cou0012,2009-09-01,"-3.267,-2.2,1.98,3.63"
cou0012,2009-12-01,"-3.267,-2.2,1.98,3.63"
cou0012,2010-03-01,"-3.267,-2.2,1.98,3.63"
cou0012,2010-06-01,"-3.267,-2.2,1.98,3.63"
cou0012,2010-09-01,"-3.267,-2.2,1.98,3.63"
cou0012,2010-12-01,"-3.267,-2.2,1.98,3.993"
cou0012,2011-03-01,"-3.267,-2.2,1.98,3.993"
cou0012,2011-06-01,"-2.9403,-2.2,1.98,3.993"
cou0012,2011-09-01,"-2.9403,-1.98,1.98,3.993"
cou0012,2011-12-01,"-2.9403,-1.98,1.98,4.3923"
cou0012,2012-03-01,"-3.23433,-1.98,1.98,4.3923"
cou0012,2012-06-01,"-3.23433,-1.98,1.98,4.3923"
cou0012,2012-09-01,"-3.23433,-1.98,1.98,4.83153"
cou0012,2012-12-01,"-3.23433,-1.98,1.98,4.83153"
cou0012,2013-03-01,"-2.910897,-1.98,1.782,4.83153"
cou0012,2013-06-01,"-2.910897,-1.782,1.782,4.83153"
cou0012,2013-09-01,"-2.910897,-1.782,1.782,4.83153"
cou0012,2013-12-01,"-2.6198073,-1.782,1.782,4.83153"
cou0012,2014-03-01,"-2.6198073,-1.782,1.782,4.83153"
cou0012,2014-06-01,"-2.6198073,-1.782,1.782,4.83153"
cou0012,2014-09-01,"-2.6198073,-1.782,1.782,4.83153"
cou0012,2014-12-01,"-2.6198073,-1.782,1.782,4.83153"
cou0012,2015-03-01,"-2.6198073,-1.782,1.782,4.83153"
cou0012,2015-06-01,"-2.6198073,-1.782,1.782,4.83153"
cou0012,2015-09-01,"-2.6198073,-1.782,1.782,5.314683"
cou0012,2015-12-01,"-2.6198073,-1.782,1.782,5.314683"
cou0012,2016-03-01,"-2.6198073,-1.782,1.782,5.8461513"
cou0012,2016-06-01,"-2.6198073,-1.782,1.782,5.8461513"
cou0012,2016-09-01,"-2.6198073,-1.6038,1.782,5.8461513"
cou0012,2016-12-01,"-2.6198073,-1.6038,1.782,5.8461513"
cou0012,2017-03-01,"-2.6198073,-1.6038,1.782,6.43076643"
cou0012,2017-06-01,"-2.6198073,-1.6038,1.782,6.43076643"
cou0012,2017-09-01,"-2.6198073,-1.6038,1.782,6.43076643"
cou0012,2017-12-01,"-2.6198073,-1.6038,1.782,6.43076643"
cou0012,2018-03-01,"-2.6198073,-1.6038,1.782,5.787689787"
cou0012,2018-06-01,"-2.6198073,-1.6038,1.782,5.787689787"
cou0012,2018-09-01,"-2.88178803,-1.6038,1.782,5.787689787"
cou0012,2018-12-01,"-2.88178803,-1.6038,1.782,5.787689787"
cou0012,2019-03-01,"-2.593609227,-1.6038,1.782,5.787689787"
cou0012,2019-06-01,"-2.593609227,-1.6038,1.782,5.787689787"
cou0012,2019-09-01,"-2.593609227,-1.6038,1.782,5.2089208083"
cou0012,2019-12-01,"-2.593609227,-1.6038,1.782,5.2089208083"
kri0001,2003-12-01,"-3,-2,2,3"
kri0001,2004-03-01,"-2.7,-2,2,3"
kri0001,2004-06-01,"-2.7,-2,2,3"
kri0001,2004-09-01,"-2.43,-2,2,3"
kri0001,2004-12-01,"-2.43,-2,2,3.3"
kri0001,2005-03-01,"-2.43,-2,2,3.3"
kri0001,2005-06-01,"-2.43,-2,2,3.3"
kri0001,2005-09-01,"-2.43,-2,2,3.3"
kri0001,2005-12-01,"-2.43,-2,2,3.3"
kri0001,2006-03-01,"-2.43,-2,2,3.3"
kri0001,2006-06-01,"-2.43,-2,2,3.63"
kri0001,2006-09-01,"-2.43,-2,2,3.993"
kri0001,2006-12-01,"-2.43,-2.2,2,3.993"
kri0001,2007-03-01,"-2.43,-2.2,2,3.993"
kri0001,2007-06-01,"-2.43,-2.2,2,3.993"
kri0001,2007-09-01,"-2.43,-2.2,2,3.993"
kri0001,2007-12-01,"-2.43,-2.2,2,3.993"
kri0001,2008-03-01,"-2.43,-2.2,2,3.993"
kri0001,2008-06-01,"-2.43,-2.2,2,3.993"
kri0001,2008-09-01,"-2.43,-2.2,2,3.993"
kri0001,2008-12-01,"-2.673,-2.2,2,3.993"
kri0001,2009-03-01,"-2.673,-2.2,1.8,3.993"
kri0001,2009-06-01,"-2.673,-2.2,1.62,3.5937"
kri0001,2009-09-01,"-2.673,-2.2,1.62,3.5937"
kri0001,2009-12-01,"-2.673,-2.2,1.62,3.5937"
kri0001,2010-03-01,"-2.673,-1.98,1.62,3.5937"
kri0001,2010-06-01,"-2.673,-1.98,1.62,3.5937"
kri0001,2010-09-01,"-2.673,-1.98,1.62,3.5937"
kri0001,2010-12-01,"-2.673,-1.98,1.62,3.5937"
kri0001,2011-03-01,"-2.673,-1.98,1.62,3.5937"
kri0001,2011-06-01,"-2.673,-1.98,1.62,3.5937"
kri0001,2011-09-01,"-2.673,-1.98,1.62,3.5937"
kri0001,2011-12-01,"-2.673,-1.98,1.62,3.5937"
kri0001,2012-03-01,"-2.673,-1.98,1.62,3.5937"
kri0001,2012-06-01,"-2.673,-1.98,1.62,3.95307"
kri0001,2012-09-01,"-2.673,-1.98,1.62,3.95307"
kri0001,2012-12-01,"-2.673,-1.98,1.62,4.348377"
kri0001,2013-03-01,"-2.673,-1.782,1.62,4.348377"
kri0001,2013-06-01,"-2.673,-1.782,1.62,3.9135393"
kri0001,2013-09-01,"-2.673,-1.782,1.62,3.9135393"
kri0001,2013-12-01,"-2.673,-1.782,1.62,3.9135393"
kri0001,2014-03-01,"-2.673,-1.782,1.62,3.9135393"
kri0001,2014-06-01,"-2.673,-1.782,1.62,3.9135393"
kri0001,2014-09-01,"-2.673,-1.782,1.782,4.30489323"
kri0001,2014-12-01,"-2.673,-1.6038,1.6038,4.30489323"
kri0001,2015-03-01,"-2.673,-1.6038,1.6038,4.30489323"
kri0001,2015-06-01,"-2.673,-1.6038,1.6038,4.30489323"
kri0001,2015-09-01,"-2.673,-1.6038,1.6038,4.30489323"
kri0001,2015-12-01,"-2.673,-1.6038,1.6038,4.30489323"
kri0001,2016-03-01,"-2.673,-1.6038,1.6038,4.30489323"
kri0001,2016-06-01,"-2.673,-1.6038,1.6038,4.30489323"
kri0001,2016-09-01,"-2.673,-1.6038,1.6038,4.30489323"
kri0001,2016-12-01,"-2.673,-1.6038,1.44342,4.30489323"
kri0001,2017-03-01,"-2.673,-1.6038,1.44342,4.30489323"
kri0001,2017-06-01,"-2.673,-1.6038,1.44342,4.30489323"
kri0001,2017-09-01,"-2.673,-1.6038,1.44342,4.30489323"
kri0001,2017-12-01,"-2.673,-1.6038,1.44342,4.30489323"
kri0001,2018-03-01,"-2.673,-1.6038,1.44342,4.30489323"
kri0001,2018-06-01,"-2.673,-1.6038,1.44342,4.30489323"
kri0001,2018-09-01,"-2.673,-1.6038,1.44342,4.30489323"
kri0001,2018-12-01,"-2.673,-1.6038,1.44342,4.30489323"
kri0001,2019-03-01,"-2.673,-1.6038,1.44342,4.30489323"
kri0001,2019-06-01,"-2.673,-1.76418,1.44342,4.30489323"
kri0001,2019-09-01,"-2.673,-1.76418,1.44342,4.30489323"
kri0001,2019-12-01,"-2.673,-1.76418,1.44342,4.30489323"
kri0002,2003-12-01,"-3,-2,2,3"
kri0002,2004-03-01,"-3,-2,2,3"
kri0002,2004-06-01,"-3,-2,2,3"
kri0002,2004-09-01,"-3,-2,1.8,3"
kri0002,2004-12-01,"-3,-2,1.8,3.3"
kri0002,2005-03-01,"-3,-2,1.8,3.3"
kri0002,2005-06-01,"-3,-2,1.8,3.3"
kri0002,2005-09-01,"-3,-2,1.8,3.3"
kri0002,2005-12-01,"-3,-2,1.8,3.3"
kri0002,2006-03-01,"-2.7,-2,1.8,3.3"
kri0002,2006-06-01,"-2.7,-2,1.8,3.3"
kri0002,2006-09-01,"-2.7,-2,1.8,3.3"
kri0002,2006-12-01,"-2.7,-2,1.8,3.3"
kri0002,2007-03-01,"-2.43,-2,1.8,3.3"
kri0002,2007-06-01,"-2.43,-2,1.8,3.3"
kri0002,2007-09-01,"-2.187,-2,1.8,3.3"
kri0002,2007-12-01,"-2.187,-2,1.8,3.3"
kri0002,2008-03-01,"-2.187,-2,1.8,3.3"
kri0002,2008-06-01,"-1.9683,-1.8,1.8,3.3"
kri0002,2008-09-01,"-1.9683,-1.98,1.8,3.3"
kri0002,2008-12-01,"-1.9683,-1.98,1.8,3.63"
kri0002,2009-03-01,"-1.9683,-1.98,1.8,3.63"
kri0002,2009-06-01,"-1.9683,-1.98,1.8,3.63"
kri0002,2009-09-01,"-1.9683,-1.98,1.8,3.993"
kri0002,2009-12-01,"-1.77147,-1.98,1.8,3.993"
kri0002,2010-03-01,"-1.77147,-1.782,1.8,3.993"
kri0002,2010-06-01,"-1.77147,-1.782,1.8,4.3923"
kri0002,2010-09-01,"-1.948617,-1.782,1.8,4.3923"
kri0002,2010-12-01,"-2.1434787,-1.782,1.8,4.3923"
kri0002,2011-03-01,"-2.1434787,-1.782,1.8,4.3923"
kri0002,2011-06-01,"-2.1434787,-1.782,1.62,4.3923"
kri0002,2011-09-01,"-2.1434787,-1.782,1.62,4.3923"
kri0002,2011-12-01,"-2.1434787,-1.782,1.62,4.3923"
kri0002,2012-03-01,"-2.1434787,-1.782,1.782,4.3923"
kri0002,2012-06-01,"-2.1434787,-1.782,1.782,4.3923"
kri0002,2012-09-01,"-2.1434787,-1.782,1.782,4.3923"
kri0002,2012-12-01,"-2.1434787,-1.782,1.9602,4.3923"
kri0002,2013-03-01,"-2.1434787,-1.782,1.9602,4.3923"
kri0002,2013-06-01,"-2.1434787,-1.782,1.9602,4.3923"
kri0002,2013-09-01,"-1.92913083,-1.782,1.9602,4.3923"
kri0002,2013-12-01,"-1.92913083,-1.782,1.9602,4.3923"
kri0002,2014-03-01,"-1.92913083,-1.782,1.9602,4.3923"
kri0002,2014-06-01,"-1.92913083,-1.782,1.9602,4.3923"
kri0002,2014-09-01,"-1.92913083,-1.782,1.9602,4.3923"
kri0002,2014-12-01,"-1.92913083,-1.782,1.9602,4.3923"
kri0002,2015-03-01,"-1.92913083,-1.6038,1.9602,4.3923"
kri0002,2015-06-01,"-1.92913083,-1.6038,1.76418,4.3923"
kri0002,2015-09-01,"-1.92913083,-1.6038,1.940598,4.3923"
kri0002,2015-12-01,"-1.92913083,-1.6038,2.1346578,4.3923"
kri0002,2016-03-01,"-1.92913083,-1.6038,2.1346578,4.3923"
kri0002,2016-06-01,"-1.92913083,-1.6038,2.1346578,4.3923"
kri0002,2016-09-01,"-1.92913083,-1.6038,2.1346578,4.3923"
kri0002,2016-12-01,"-1.92913083,-1.6038,2.1346578,3.95307"
kri0002,2017-03-01,"-1.92913083,-1.6038,2.1346578,3.95307"
kri0002,2017-06-01,"-1.92913083,-1.6038,2.1346578,3.95307"
kri0002,2017-09-01,"-1.92913083,-1.6038,2.34812358,4.348377"
kri0002,2017-12-01,"-1.92913083,-1.6038,2.34812358,4.348377"
kri0002,2018-03-01,"-1.92913083,-1.6038,2.34812358,4.348377"
kri0002,2018-06-01,"-1.92913083,-1.6038,2.34812358,3.9135393"
kri0002,2018-09-01,"-1.92913083,-1.6038,2.34812358,3.9135393"
kri0002,2018-12-01,"-1.92913083,-1.6038,2.34812358,3.9135393"
kri0002,2019-03-01,"-1.92913083,-1.6038,2.34812358,3.9135393"
kri0002,2019-06-01,"-1.92913083,-1.6038,2.582935938,3.9135393"
kri0002,2019-09-01,"-1.92913083,-1.6038,2.582935938,3.9135393"
kri0002,2019-12-01,"-1.92913083,-1.6038,2.582935938,3.9135393"
kri0003,2003-12-01,"-3,-2,2,3"
kri0003,2004-03-01,"-3,-2,2,3"
kri0003,2004-06-01,"-3,-2,2,3"
kri0003,2004-09-01,"-3,-2,2,3"
kri0003,2004-12-01,"-3,-2,2,3.3"
kri0003,2005-03-01,"-3.3,-2,2,3.63"
kri0003,2005-06-01,"-3.3,-2,2,3.267"
kri0003,2005-09-01,"-3.63,-2.2,2,3.267"
kri0003,2005-12-01,"-3.63,-2.2,2,3.267"
kri0003,2006-03-01,"-3.63,-2.2,2,3.267"
kri0003,2006-06-01,"-3.63,-2.2,2,3.267"
kri0003,2006-09-01,"-3.63,-2.2,2,3.267"
kri0003,2006-12-01,"-3.63,-2.2,2,3.267"
kri0003,2007-03-01,"-3.63,-2.2,2,3.267"
kri0003,2007-06-01,"-3.63,-2.2,2.2,3.267"
kri0003,2007-09-01,"-3.63,-2.2,2.2,3.267"
kri0003,2007-12-01,"-3.63,-2.2,2.2,3.267"
kri0003,2008-03-01,"-3.63,-2.2,2.2,2.9403"
kri0003,2008-06-01,"-3.63,-2.2,2.2,2.9403"
kri0003,2008-09-01,"-3.63,-2.2,2.42,2.9403"
kri0003,2008-12-01,"-3.63,-2.2,2.42,2.9403"
kri0003,2009-03-01,"-3.63,-2.2,2.42,2.9403"
kri0003,2009-06-01,"-3.63,-2.2,2.42,2.9403"
kri0003,2009-09-01,"-3.63,-2.42,2.42,2.9403"
kri0003,2009-12-01,"-3.63,-2.42,2.42,2.9403"
kri0003,2010-03-01,"-3.63,-2.42,2.42,2.9403"
kri0003,2010-06-01,"-3.63,-2.42,2.42,2.9403"
kri0003,2010-09-01,"-3.63,-2.42,2.42,2.9403"
kri0003,2010-12-01,"-3.63,-2.42,2.42,2.9403"
kri0003,2011-03-01,"-3.63,-2.42,2.42,2.9403"
kri0003,2011-06-01,"-3.63,-2.42,2.42,2.9403"
kri0003,2011-09-01,"-3.63,-2.42,2.42,2.9403"
kri0003,2011-12-01,"-3.63,-2.42,2.42,2.9403"
kri0003,2012-03-01,"-3.63,-2.42,2.662,2.9403"
kri0003,2012-06-01,"-3.63,-2.42,2.662,2.9403"
kri0003,2012-09-01,"-3.993,-2.662,2.662,2.9403"
kri0003,2012-12-01,"-3.993,-2.662,2.662,2.9403"
kri0003,2013-03-01,"-3.993,-2.662,2.662,2.9403"
kri0003,2013-06-01,"-3.993,-2.662,2.662,2.9403"
kri0003,2013-09-01,"-3.993,-2.662,2.662,2.9403"
kri0003,2013-12-01,"-3.993,-2.662,2.662,2.9403"
kri0003,2014-03-01,"-3.993,-2.662,2.662,2.9403"
kri0003,2014-06-01,"-3.993,-2.662,2.662,2.9403"
kri0003,2014-09-01,"-3.993,-2.662,2.662,2.9403"
kri0003,2014-12-01,"-3.993,-2.662,2.662,2.9403"
kri0003,2015-03-01,"-3.993,-2.662,2.662,2.9403"
kri0003,2015-06-01,"-3.5937,-2.662,2.662,2.9403"
kri0003,2015-09-01,"-3.5937,-2.662,2.662,2.9403"
kri0003,2015-12-01,"-3.5937,-2.9282,2.662,2.9403"
kri0003,2016-03-01,"-3.5937,-2.9282,2.662,3.23433"
kri0003,2016-06-01,"-3.5937,-2.9282,2.662,3.23433"
kri0003,2016-09-01,"-3.5937,-2.9282,2.662,3.23433"
kri0003,2016-12-01,"-3.5937,-2.9282,2.662,3.23433"
kri0003,2017-03-01,"-3.5937,-2.9282,2.662,3.23433"
kri0003,2017-06-01,"-3.5937,-2.9282,2.662,3.23433"
kri0003,2017-09-01,"-3.5937,-2.9282,2.662,3.23433"
kri0003,2017-12-01,"-3.23433,-2.9282,2.662,3.23433"
kri0003,2018-03-01,"-3.23433,-2.9282,2.662,3.23433"
kri0003,2018-06-01,"-3.23433,-2.9282,2.3958,3.23433"
kri0003,2018-09-01,"-3.23433,-2.9282,2.3958,3.23433"
kri0003,2018-12-01,"-3.23433,-3.22102,2.3958,3.23433"
kri0003,2019-03-01,"-3.23433,-3.22102,2.3958,3.23433"
kri0003,2019-06-01,"-3.23433,-3.22102,2.3958,3.23433"
kri0003,2019-09-01,"-3.23433,-2.898918,2.3958,3.23433"
kri0003,2019-12-01,"-3.23433,-2.898918,2.3958,3.23433"
kri0004,2003-12-01,"-3,-2,2,3"
kri0004,2004-03-01,"-2.7,-2,2,2.7"
kri0004,2004-06-01,"-2.97,-2,2.2,2.7"
kri0004,2004-09-01,"-2.97,-2,2.2,2.7"
kri0004,2004-12-01,"-2.97,-2,2.2,2.7"
kri0004,2005-03-01,"-2.97,-2,2.42,2.97"
kri0004,2005-06-01,"-2.97,-2,2.178,2.97"
kri0004,2005-09-01,"-2.97,-2,2.178,2.97"
kri0004,2005-12-01,"-2.97,-2,2.178,2.97"
kri0004,2006-03-01,"-2.97,-2,2.178,2.97"
kri0004,2006-06-01,"-2.97,-2,2.3958,2.97"
kri0004,2006-09-01,"-2.97,-2,2.63538,2.97"
kri0004,2006-12-01,"-2.97,-2,2.63538,2.97"
kri0004,2007-03-01,"-2.673,-2,2.371842,2.97"
kri0004,2007-06-01,"-2.673,-2,2.371842,3.267"
kri0004,2007-09-01,"-2.673,-2,2.371842,3.267"
kri0004,2007-12-01,"-2.673,-2,2.371842,3.267"
kri0004,2008-03-01,"-2.673,-2,2.371842,3.267"
kri0004,2008-06-01,"-2.673,-1.8,2.371842,3.267"
kri0004,2008-09-01,"-2.673,-1.8,2.6090262,3.267"
kri0004,2008-12-01,"-2.673,-1.8,2.6090262,3.267"
kri0004,2009-03-01,"-2.673,-1.8,2.6090262,3.267"
kri0004,2009-06-01,"-2.673,-1.8,2.6090262,2.9403"
kri0004,2009-09-01,"-2.9403,-1.8,2.6090262,2.9403"
kri0004,2009-12-01,"-2.9403,-1.8,2.6090262,2.9403"
kri0004,2010-03-01,"-2.9403,-1.8,2.6090262,2.9403"
kri0004,2010-06-01,"-2.9403,-1.8,2.6090262,3.23433"
kri0004,2010-09-01,"-3.23433,-1.8,2.6090262,3.23433"
kri0004,2010-12-01,"-3.557763,-1.8,2.6090262,3.23433"
kri0004,2011-03-01,"-3.557763,-1.8,2.6090262,3.23433"
kri0004,2011-06-01,"-3.557763,-1.8,2.6090262,3.23433"
kri0004,2011-09-01,"-3.557763,-1.8,2.6090262,2.910897"
kri0004,2011-12-01,"-3.557763,-1.8,2.6090262,2.910897"
kri0004,2012-03-01,"-3.557763,-1.98,2.6090262,2.910897"
kri0004,2012-06-01,"-3.557763,-1.98,2.6090262,2.910897"
kri0004,2012-09-01,"-3.557763,-1.98,2.6090262,2.910897"
kri0004,2012-12-01,"-3.557763,-1.98,2.86992882,3.2019867"
kri0004,2013-03-01,"-3.557763,-1.98,2.86992882,3.2019867"
kri0004,2013-06-01,"-3.557763,-1.98,2.86992882,3.2019867"
kri0004,2013-09-01,"-3.557763,-1.98,2.86992882,3.2019867"
kri0004,2013-12-01,"-3.557763,-1.98,2.582935938,3.2019867"
kri0004,2014-03-01,"-3.557763,-1.98,2.582935938,3.2019867"
kri0004,2014-06-01,"-3.557763,-1.98,2.582935938,3.2019867"
kri0004,2014-09-01,"-3.557763,-1.98,2.582935938,3.2019867"
kri0004,2014-12-01,"-3.2019867,-1.98,2.582935938,3.2019867"
kri0004,2015-03-01,"-3.2019867,-1.98,2.582935938,3.2019867"
kri0004,2015-06-01,"-3.2019867,-1.98,2.582935938,3.2019867"
kri0004,2015-09-01,"-3.2019867,-2.178,2.582935938,3.2019867"
kri0004,2015-12-01,"-3.2019867,-2.178,2.582935938,3.2019867"
kri0004,2016-03-01,"-3.2019867,-2.178,2.582935938,3.2019867"
kri0004,2016-06-01,"-3.52218537,-2.178,2.8412295318,3.2019867"
kri0004,2016-09-01,"-3.52218537,-2.178,2.8412295318,3.2019867"
kri0004,2016-12-01,"-3.52218537,-2.178,2.8412295318,3.2019867"
kri0004,2017-03-01,"-3.52218537,-2.178,2.8412295318,3.2019867"
kri0004,2017-06-01,"-3.52218537,-2.178,2.8412295318,2.88178803"
kri0004,2017-09-01,"-3.52218537,-2.178,2.8412295318,2.88178803"
kri0004,2017-12-01,"-3.52218537,-2.178,2.8412295318,2.88178803"
kri0004,2018-03-01,"-3.52218537,-1.9602,2.8412295318,2.88178803"
kri0004,2018-06-01,"-3.52218537,-1.76418,2.8412295318,2.88178803"
kri0004,2018-09-01,"-3.52218537,-1.76418,2.8412295318,2.88178803"
kri0004,2018-12-01,"-3.52218537,-1.76418,2.8412295318,2.88178803"
kri0004,2019-03-01,"-3.52218537,-1.76418,2.8412295318,2.88178803"
kri0004,2019-06-01,"-3.52218537,-1.76418,2.8412295318,2.88178803"
kri0004,2019-09-01,"-3.52218537,-1.76418,2.8412295318,2.88178803"
kri0004,2019-12-01,"-3.874403907,-1.76418,2.8412295318,2.88178803"
kri0005,2003-12-01,"-3,-2,2,3"
kri0005,2004-03-01,"-3,-2,2,3"
kri0005,2004-06-01,"-3,-2,2,3"
kri0005,2004-09-01,"-3,-2,2,3"
kri0005,2004-12-01,"-3,-2,2,3"
kri0005,2005-03-01,"-3,-2,2,3"
kri0005,2005-06-01,"-3,-1.8,2,3"
kri0005,2005-09-01,"-3,-1.8,2,3"
kri0005,2005-12-01,"-3.3,-1.8,2,3"
kri0005,2006-03-01,"-3.3,-1.8,2,3"
kri0005,2006-06-01,"-3.3,-1.8,2,3"
kri0005,2006-09-01,"-3.3,-1.8,2,3"
kri0005,2006-12-01,"-3.3,-1.8,2,3"
kri0005,2007-03-01,"-3.3,-1.8,2,3"
kri0005,2007-06-01,"-3.3,-1.8,2,3"
kri0005,2007-09-01,"-3.3,-1.8,2,3"
kri0005,2007-12-01,"-3.63,-1.8,2,3"
kri0005,2008-03-01,"-3.63,-1.62,2,3"
kri0005,2008-06-01,"-3.63,-1.62,2,3"
kri0005,2008-09-01,"-3.63,-1.62,2,3"
kri0005,2008-12-01,"-3.63,-1.782,2,3"
kri0005,2009-03-01,"-3.267,-1.782,2,3"
kri0005,2009-06-01,"-3.267,-1.782,2,3"
kri0005,2009-09-01,"-3.267,-1.9602,2,3"
kri0005,2009-12-01,"-3.267,-1.9602,2,3"
kri0005,2010-03-01,"-3.267,-1.9602,2,3"
kri0005,2010-06-01,"-3.267,-1.9602,2,3.3"
kri0005,2010-09-01,"-3.267,-1.9602,2,3.3"
kri0005,2010-12-01,"-3.267,-1.9602,2,3.3"
kri0005,2011-03-01,"-3.267,-1.9602,2.2,3.3"
kri0005,2011-06-01,"-3.267,-1.9602,2.2,3.3"
kri0005,2011-09-01,"-3.267,-1.9602,2.2,2.97"
kri0005,2011-12-01,"-3.267,-1.9602,2.2,2.97"
kri0005,2012-03-01,"-3.267,-1.9602,2.42,3.267"
kri0005,2012-06-01,"-3.267,-1.9602,2.42,3.267"
kri0005,2012-09-01,"-3.267,-1.9602,2.662,3.267"
kri0005,2012-12-01,"-3.267,-1.9602,2.662,3.5937"
kri0005,2013-03-01,"-3.267,-1.9602,2.662,3.5937"
kri0005,2013-06-01,"-3.267,-1.9602,2.662,3.5937"
kri0005,2013-09-01,"-3.267,-1.9602,2.662,3.5937"
kri0005,2013-12-01,"-3.267,-1.9602,2.662,3.5937"
kri0005,2014-03-01,"-3.267,-1.9602,2.662,3.5937"
kri0005,2014-06-01,"-3.267,-2.15622,2.662,3.5937"
kri0005,2014-09-01,"-3.5937,-2.371842,2.9282,3.5937"
kri0005,2014-12-01,"-3.5937,-2.371842,2.9282,3.23433"
kri0005,2015-03-01,"-3.5937,-2.371842,2.9282,3.23433"
kri0005,2015-06-01,"-3.5937,-2.371842,2.9282,3.23433"
kri0005,2015-09-01,"-3.5937,-2.371842,2.9282,3.23433"
kri0005,2015-12-01,"-3.5937,-2.371842,2.9282,3.23433"
kri0005,2016-03-01,"-3.5937,-2.371842,2.9282,3.23433"
kri0005,2016-06-01,"-3.5937,-2.371842,2.9282,3.23433"
kri0005,2016-09-01,"-3.5937,-2.1346578,2.9282,3.23433"
kri0005,2016-12-01,"-3.5937,-2.1346578,2.63538,3.23433"
kri0005,2017-03-01,"-3.5937,-2.1346578,2.898918,3.23433"
kri0005,2017-06-01,"-3.5937,-2.1346578,2.898918,3.23433"
kri0005,2017-09-01,"-3.95307,-2.34812358,2.898918,3.23433"
kri0005,2017-12-01,"-3.557763,-2.34812358,2.898918,3.23433"
kri0005,2018-03-01,"-3.557763,-2.34812358,2.898918,3.23433"
kri0005,2018-06-01,"-3.557763,-2.34812358,2.898918,3.23433"
kri0005,2018-09-01,"-3.557763,-2.582935938,3.1888098,3.23433"
kri0005,2018-12-01,"-3.557763,-2.582935938,3.1888098,3.23433"
kri0005,2019-03-01,"-3.557763,-2.3246423442,3.1888098,3.23433"
kri0005,2019-06-01,"-3.557763,-2.3246423442,3.1888098,3.557763"
kri0005,2019-09-01,"-3.557763,-2.3246423442,2.86992882,3.557763"
kri0005,2019-12-01,"-3.557763,-2.3246423442,2.86992882,3.557763"
kri0006,2003-12-01,"-3.3,-2,2,3"
kri0006,2004-03-01,"-3.3,-2,2,3"
kri0006,2004-06-01,"-3.3,-2.2,2,3"
kri0006,2004-09-01,"-3.3,-1.98,2,3"
kri0006,2004-12-01,"-3.3,-1.98,2,3"
kri0006,2005-03-01,"-3.3,-1.98,2,3"
kri0006,2005-06-01,"-3.3,-1.98,2,3"
kri0006,2005-09-01,"-3.3,-2.178,2,3"
kri0006,2005-12-01,"-3.3,-2.178,2,3"
kri0006,2006-03-01,"-3.3,-2.178,2,2.7"
kri0006,2006-06-01,"-3.3,-2.178,2,2.7"
kri0006,2006-09-01,"-3.3,-2.178,2,2.7"
kri0006,2006-12-01,"-3.3,-2.178,2,2.7"
kri0006,2007-03-01,"-3.3,-2.178,2,2.43"
kri0006,2007-06-01,"-3.3,-2.178,2,2.43"
kri0006,2007-09-01,"-3.3,-2.178,2,2.43"
kri0006,2007-12-01,"-3.3,-2.178,2,2.43"
kri0006,2008-03-01,"-3.3,-2.178,2,2.43"
kri0006,2008-06-01,"-3.3,-2.178,2,2.187"
kri0006,2008-09-01,"-3.3,-2.3958,2,2.187"
kri0006,2008-12-01,"-3.3,-2.3958,2.2,2.187"
kri0006,2009-03-01,"-3.3,-2.3958,1.98,2.187"
kri0006,2009-06-01,"-3.3,-2.3958,1.98,2.187"
kri0006,2009-09-01,"-3.3,-2.3958,2.178,2.187"
kri0006,2009-12-01,"-3.3,-2.15622,2.178,2.187"
kri0006,2010-03-01,"-3.3,-1.940598,2.178,2.187"
kri0006,2010-06-01,"-3.3,-1.940598,2.178,2.187"
kri0006,2010-09-01,"-3.3,-1.940598,2.3958,2.187"
kri0006,2010-12-01,"-3.3,-1.940598,2.63538,2.4057"
kri0006,2011-03-01,"-3.3,-2.1346578,2.63538,2.4057"
kri0006,2011-06-01,"-3.3,-2.1346578,2.63538,2.4057"
kri0006,2011-09-01,"-3.3,-2.1346578,2.63538,2.4057"
kri0006,2011-12-01,"-3.3,-2.1346578,2.63538,2.4057"
kri0006,2012-03-01,"-3.3,-2.1346578,2.63538,2.4057"
kri0006,2012-06-01,"-3.3,-2.1346578,2.63538,2.4057"
kri0006,2012-09-01,"-3.3,-2.1346578,2.63538,2.4057"
kri0006,2012-12-01,"-3.3,-2.1346578,2.63538,2.4057"
kri0006,2013-03-01,"-3.3,-2.1346578,2.63538,2.4057"
kri0006,2013-06-01,"-3.3,-2.1346578,2.63538,2.4057"
kri0006,2013-09-01,"-3.3,-2.1346578,2.63538,2.4057"
kri0006,2013-12-01,"-3.3,-2.1346578,2.63538,2.4057"
kri0006,2014-03-01,"-3.3,-2.1346578,2.63538,2.4057"
kri0006,2014-06-01,"-3.3,-2.34812358,2.63538,2.4057"
kri0006,2014-09-01,"-3.3,-2.34812358,2.63538,2.4057"
kri0006,2014-12-01,"-3.3,-2.34812358,2.63538,2.4057"
kri0006,2015-03-01,"-3.3,-2.34812358,2.63538,2.4057"
kri0006,2015-06-01,"-3.3,-2.34812358,2.63538,2.4057"
kri0006,2015-09-01,"-3.3,-2.34812358,2.63538,2.4057"
kri0006,2015-12-01,"-3.3,-2.34812358,2.63538,2.4057"
kri0006,2016-03-01,"-3.3,-2.34812358,2.63538,2.4057"
kri0006,2016-06-01,"-3.3,-2.34812358,2.63538,2.4057"
kri0006,2016-09-01,"-3.3,-2.34812358,2.63538,2.4057"
kri0006,2016-12-01,"-3.3,-2.34812358,2.63538,2.4057"
kri0006,2017-03-01,"-3.3,-2.34812358,2.63538,2.4057"
kri0006,2017-06-01,"-3.3,-2.34812358,2.63538,2.4057"
kri0006,2017-09-01,"-3.3,-2.34812358,2.63538,2.64627"
kri0006,2017-12-01,"-2.97,-2.34812358,2.371842,2.64627"
kri0006,2018-03-01,"-2.97,-2.34812358,2.371842,2.64627"
kri0006,2018-06-01,"-2.97,-2.34812358,2.371842,2.64627"
kri0006,2018-09-01,"-2.97,-2.34812358,2.371842,2.64627"
kri0006,2018-12-01,"-2.97,-2.34812358,2.371842,2.64627"
kri0006,2019-03-01,"-2.97,-2.34812358,2.371842,2.64627"
kri0006,2019-06-01,"-2.97,-2.34812358,2.371842,2.64627"
kri0006,2019-09-01,"-2.673,-2.34812358,2.371842,2.64627"
kri0006,2019-12-01,"-2.673,-2.34812358,2.371842,2.64627"
kri0007,2003-12-01,"-3,-2,2,3.3"
kri0007,2004-03-01,"-3,-2,2,2.97"
kri0007,2004-06-01,"-3,-2,2,2.97"
kri0007,2004-09-01,"-3,-2,2,2.97"
kri0007,2004-12-01,"-3,-2,2,2.97"
kri0007,2005-03-01,"-3,-2,2,2.97"
kri0007,2005-06-01,"-3,-2,2,2.97"
kri0007,2005-09-01,"-3.3,-2,2,2.97"
kri0007,2005-12-01,"-3.3,-2,2,2.97"
kri0007,2006-03-01,"-3.3,-2,2,2.97"
kri0007,2006-06-01,"-3.3,-2.2,2,2.97"
kri0007,2006-09-01,"-3.3,-2.2,2.2,2.97"
kri0007,2006-12-01,"-3.3,-2.2,2.2,2.97"
kri0007,2007-03-01,"-3.3,-1.98,2.2,2.97"
kri0007,2007-06-01,"-3.3,-1.98,2.2,2.97"
kri0007,2007-09-01,"-3.3,-1.98,1.98,2.97"
kri0007,2007-12-01,"-3.3,-1.98,1.98,2.97"
kri0007,2008-03-01,"-3.3,-1.98,1.98,2.673"
kri0007,2008-06-01,"-3.3,-1.98,1.98,2.673"
kri0007,2008-09-01,"-3.63,-1.98,1.98,2.673"
kri0007,2008-12-01,"-3.63,-1.98,1.98,2.673"
kri0007,2009-03-01,"-3.63,-1.98,1.98,2.673"
kri0007,2009-06-01,"-3.63,-1.98,1.98,2.4057"
kri0007,2009-09-01,"-3.63,-1.98,1.98,2.4057"
kri0007,2009-12-01,"-3.63,-1.98,1.98,2.4057"
kri0007,2010-03-01,"-3.63,-1.98,1.98,2.4057"
kri0007,2010-06-01,"-3.63,-1.98,1.98,2.4057"
kri0007,2010-09-01,"-3.63,-1.98,1.98,2.4057"
kri0007,2010-12-01,"-3.63,-1.98,1.98,2.64627"
kri0007,2011-03-01,"-3.63,-1.98,1.98,2.64627"
kri0007,2011-06-01,"-3.63,-1.98,1.98,2.64627"
kri0007,2011-09-01,"-3.63,-1.98,1.98,2.64627"
kri0007,2011-12-01,"-3.63,-1.98,1.98,2.910897"
kri0007,2012-03-01,"-3.63,-1.98,1.98,2.910897"
kri0007,2012-06-01,"-3.63,-1.98,1.98,2.910897"
kri0007,2012-09-01,"-3.63,-1.98,1.98,2.910897"
kri0007,2012-12-01,"-3.63,-1.98,1.98,2.910897"
kri0007,2013-03-01,"-3.63,-1.98,1.98,2.6198073"
kri0007,2013-06-01,"-3.63,-1.98,1.98,2.35782657"
kri0007,2013-09-01,"-3.63,-1.98,1.98,2.35782657"
kri0007,2013-12-01,"-3.63,-1.98,1.98,2.35782657"
kri0007,2014-03-01,"-3.63,-1.98,2.178,2.35782657"
kri0007,2014-06-01,"-3.63,-1.98,2.178,2.35782657"
kri0007,2014-09-01,"-3.63,-1.98,2.178,2.35782657"
kri0007,2014-12-01,"-3.63,-1.98,2.178,2.35782657"
kri0007,2015-03-01,"-3.63,-1.98,2.178,2.35782657"
kri0007,2015-06-01,"-3.63,-1.98,2.178,2.35782657"
kri0007,2015-09-01,"-3.63,-1.98,2.178,2.35782657"
kri0007,2015-12-01,"-3.63,-2.178,2.178,2.593609227"
kri0007,2016-03-01,"-3.993,-2.178,2.178,2.593609227"
kri0007,2016-06-01,"-3.993,-2.178,2.178,2.593609227"
kri0007,2016-09-01,"-3.993,-2.178,2.178,2.593609227"
kri0007,2016-12-01,"-3.993,-2.178,2.178,2.593609227"
kri0007,2017-03-01,"-3.993,-2.3958,2.178,2.8529701497"
kri0007,2017-06-01,"-3.993,-2.3958,2.178,2.8529701497"
kri0007,2017-09-01,"-3.993,-2.3958,2.178,2.8529701497"
kri0007,2017-12-01,"-3.993,-2.3958,1.9602,2.8529701497"
kri0007,2018-03-01,"-3.993,-2.3958,1.9602,2.8529701497"
kri0007,2018-06-01,"-3.993,-2.3958,1.9602,2.8529701497"
kri0007,2018-09-01,"-3.993,-2.3958,1.9602,2.8529701497"
kri0007,2018-12-01,"-3.993,-2.3958,1.9602,2.8529701497"
kri0007,2019-03-01,"-3.993,-2.3958,1.9602,2.8529701497"
kri0007,2019-06-01,"-3.993,-2.3958,1.9602,2.8529701497"
kri0007,2019-09-01,"-3.993,-2.3958,1.9602,2.8529701497"
kri0007,2019-12-01,"-3.993,-2.3958,1.9602,2.8529701497"
kri0008,2003-12-01,"-3,-2,2,3"
kri0008,2004-03-01,"-3,-2,2,3"
kri0008,2004-06-01,"-3,-2,2,3"
kri0008,2004-09-01,"-3,-2,2,3"
kri0008,2004-12-01,"-3,-2,2,3"
kri0008,2005-03-01,"-3,-2,2,3.3"
kri0008,2005-06-01,"-3,-2,2,2.97"
kri0008,2005-09-01,"-3,-2,2,2.97"
kri0008,2005-12-01,"-3,-2.2,2,2.97"
kri0008,2006-03-01,"-3,-2.2,2,2.97"
kri0008,2006-06-01,"-3,-2.2,2,2.97"
kri0008,2006-09-01,"-3,-2.2,2,2.97"
kri0008,2006-12-01,"-3,-2.42,2,2.97"
kri0008,2007-03-01,"-2.7,-2.42,2,2.97"
kri0008,2007-06-01,"-2.7,-2.42,2,2.97"
kri0008,2007-09-01,"-2.43,-2.42,2,2.97"
kri0008,2007-12-01,"-2.43,-2.42,2,2.97"
kri0008,2008-03-01,"-2.43,-2.42,2,2.97"
kri0008,2008-06-01,"-2.43,-2.42,2,2.97"
kri0008,2008-09-01,"-2.43,-2.42,2,2.97"
kri0008,2008-12-01,"-2.673,-2.42,2,2.97"
kri0008,2009-03-01,"-2.4057,-2.42,2,2.97"
kri0008,2009-06-01,"-2.16513,-2.178,2,2.97"
kri0008,2009-09-01,"-2.16513,-2.178,2,3.267"
kri0008,2009-12-01,"-2.16513,-2.178,2,3.267"
kri0008,2010-03-01,"-2.16513,-2.178,2,3.267"
kri0008,2010-06-01,"-2.16513,-2.178,2,3.267"
kri0008,2010-09-01,"-2.16513,-2.178,2,3.5937"
kri0008,2010-12-01,"-2.16513,-2.178,2,3.95307"
kri0008,2011-03-01,"-2.381643,-2.178,2,3.95307"
kri0008,2011-06-01,"-2.381643,-2.178,2,3.95307"
kri0008,2011-09-01,"-2.381643,-2.178,2,3.95307"
kri0008,2011-12-01,"-2.381643,-2.178,2,3.95307"
kri0008,2012-03-01,"-2.381643,-2.178,2,3.95307"
kri0008,2012-06-01,"-2.381643,-2.178,2,3.95307"
kri0008,2012-09-01,"-2.381643,-2.178,2,4.348377"
kri0008,2012-12-01,"-2.381643,-2.178,2,4.348377"
kri0008,2013-03-01,"-2.381643,-2.178,2,4.348377"
kri0008,2013-06-01,"-2.381643,-2.178,2,4.348377"
kri0008,2013-09-01,"-2.381643,-2.178,2,4.348377"
kri0008,2013-12-01,"-2.381643,-2.178,2,4.348377"
kri0008,2014-03-01,"-2.381643,-2.178,2,4.348377"
kri0008,2014-06-01,"-2.381643,-2.178,2,4.348377"
kri0008,2014-09-01,"-2.381643,-2.178,2,4.348377"
kri0008,2014-12-01,"-2.381643,-2.178,2,3.9135393"
kri0008,2015-03-01,"-2.381643,-2.178,2,3.9135393"
kri0008,2015-06-01,"-2.381643,-2.178,2,3.52218537"
kri0008,2015-09-01,"-2.381643,-2.178,2.2,3.52218537"
kri0008,2015-12-01,"-2.381643,-2.178,2.2,3.52218537"
kri0008,2016-03-01,"-2.381643,-2.178,2.2,3.52218537"
kri0008,2016-06-01,"-2.381643,-2.178,2.2,3.874403907"
kri0008,2016-09-01,"-2.381643,-2.178,2.2,3.874403907"
kri0008,2016-12-01,"-2.381643,-2.178,2.2,3.874403907"
kri0008,2017-03-01,"-2.381643,-2.178,2.2,3.874403907"
kri0008,2017-06-01,"-2.381643,-2.178,2.2,3.4869635163"
kri0008,2017-09-01,"-2.381643,-2.178,2.2,3.4869635163"
kri0008,2017-12-01,"-2.381643,-2.178,2.2,3.4869635163"
kri0008,2018-03-01,"-2.381643,-2.178,2.2,3.4869635163"
kri0008,2018-06-01,"-2.381643,-2.178,2.2,3.13826716467"
kri0008,2018-09-01,"-2.381643,-2.178,2.2,3.13826716467"
kri0008,2018-12-01,"-2.6198073,-2.178,2.2,3.13826716467"
kri0008,2019-03-01,"-2.35782657,-2.178,2.2,3.13826716467"
kri0008,2019-06-01,"-2.35782657,-2.178,2.2,3.13826716467"
kri0008,2019-09-01,"-2.122043913,-2.178,2.2,3.13826716467"
kri0008,2019-12-01,"-2.122043913,-2.178,2.2,3.452093881137"
kri0009,2003-12-01,"-3,-2,2,3"
kri0009,2004-03-01,"-3,-2,2,3"
kri0009,2004-06-01,"-3,-2,2,3"
kri0009,2004-09-01,"-3,-1.8,2,3"
kri0009,2004-12-01,"-3,-1.8,2,3"
kri0009,2005-03-01,"-3,-1.8,2,3"
kri0009,2005-06-01,"-3,-1.8,1.8,3"
kri0009,2005-09-01,"-3,-1.8,1.8,3.3"
kri0009,2005-12-01,"-3,-1.8,1.8,3.3"
kri0009,2006-03-01,"-3,-1.62,1.8,3.3"
kri0009,2006-06-01,"-3,-1.62,1.8,3.3"
kri0009,2006-09-01,"-3,-1.62,1.8,3.63"
kri0009,2006-12-01,"-3,-1.62,1.8,3.63"
kri0009,2007-03-01,"-2.7,-1.62,1.8,3.63"
kri0009,2007-06-01,"-2.7,-1.62,1.8,3.63"
kri0009,2007-09-01,"-2.7,-1.62,1.8,3.63"
kri0009,2007-12-01,"-2.7,-1.62,1.8,3.63"
kri0009,2008-03-01,"-2.7,-1.62,1.8,3.63"
kri0009,2008-06-01,"-2.7,-1.458,1.8,3.63"
kri0009,2008-09-01,"-2.7,-1.458,1.8,3.63"
kri0009,2008-12-01,"-2.7,-1.458,1.8,3.63"
kri0009,2009-03-01,"-2.7,-1.458,1.8,3.63"
kri0009,2009-06-01,"-2.7,-1.3122,1.8,3.63"
kri0009,2009-09-01,"-2.7,-1.3122,1.98,3.63"
kri0009,2009-12-01,"-2.43,-1.3122,1.98,3.63"
kri0009,2010-03-01,"-2.43,-1.3122,1.98,3.63"
kri0009,2010-06-01,"-2.43,-1.3122,1.98,3.63"
kri0009,2010-09-01,"-2.43,-1.3122,1.98,3.63"
kri0009,2010-12-01,"-2.43,-1.44342,1.98,3.63"
kri0009,2011-03-01,"-2.673,-1.44342,1.98,3.63"
kri0009,2011-06-01,"-2.673,-1.44342,1.98,3.63"
kri0009,2011-09-01,"-2.673,-1.44342,1.98,3.63"
kri0009,2011-12-01,"-2.673,-1.44342,1.98,3.63"
kri0009,2012-03-01,"-2.673,-1.44342,1.98,3.63"
kri0009,2012-06-01,"-2.673,-1.44342,2.178,3.63"
kri0009,2012-09-01,"-2.673,-1.44342,2.178,3.63"
kri0009,2012-12-01,"-2.673,-1.44342,2.178,3.63"
kri0009,2013-03-01,"-2.673,-1.44342,2.178,3.267"
kri0009,2013-06-01,"-2.673,-1.44342,2.178,3.267"
kri0009,2013-09-01,"-2.673,-1.44342,2.178,3.267"
kri0009,2013-12-01,"-2.673,-1.299078,2.178,3.267"
kri0009,2014-03-01,"-2.673,-1.299078,2.3958,3.267"
kri0009,2014-06-01,"-2.673,-1.299078,2.3958,3.267"
kri0009,2014-09-01,"-2.673,-1.299078,2.63538,3.267"
kri0009,2014-12-01,"-2.673,-1.299078,2.63538,3.267"
kri0009,2015-03-01,"-2.673,-1.299078,2.63538,3.267"
kri0009,2015-06-01,"-2.673,-1.299078,2.63538,3.267"
kri0009,2015-09-01,"-2.673,-1.299078,2.63538,3.267"
kri0009,2015-12-01,"-2.673,-1.299078,2.63538,3.267"
kri0009,2016-03-01,"-2.673,-1.299078,2.63538,3.267"
kri0009,2016-06-01,"-2.9403,-1.299078,2.63538,3.267"
kri0009,2016-09-01,"-2.9403,-1.299078,2.63538,3.267"
kri0009,2016-12-01,"-2.9403,-1.299078,2.63538,3.267"
kri0009,2017-03-01,"-2.9403,-1.4289858,2.898918,3.267"
kri0009,2017-06-01,"-2.9403,-1.4289858,2.898918,3.267"
kri0009,2017-09-01,"-2.9403,-1.4289858,2.898918,3.267"
kri0009,2017-12-01,"-2.9403,-1.4289858,2.898918,3.267"
kri0009,2018-03-01,"-2.9403,-1.4289858,2.898918,3.267"
kri0009,2018-06-01,"-2.9403,-1.4289858,2.898918,3.267"
kri0009,2018-09-01,"-2.9403,-1.4289858,3.1888098,3.5937"
kri0009,2018-12-01,"-2.9403,-1.4289858,3.1888098,3.5937"
kri0009,2019-03-01,"-2.9403,-1.4289858,3.1888098,3.5937"
kri0009,2019-06-01,"-2.9403,-1.4289858,3.1888098,3.5937"
kri0009,2019-09-01,"-2.9403,-1.4289858,3.1888098,3.5937"
kri0009,2019-12-01,"-2.9403,-1.4289858,3.1888098,3.5937"
kri0010,2003-12-01,"-3,-2,2,3"
kri0010,2004-03-01,"-3,-2,2,3"
kri0010,2004-06-01,"-3,-2,2,3"
kri0010,2004-09-01,"-3,-2,2,3"
kri0010,2004-12-01,"-3,-2,2,3"
kri0010,2005-03-01,"-3,-2,2,3"
kri0010,2005-06-01,"-3,-2,2,2.7"
kri0010,2005-09-01,"-3.3,-2,2,2.7"
kri0010,2005-12-01,"-3.3,-2,2,2.7"
kri0010,2006-03-01,"-3.3,-2,2,2.7"
kri0010,2006-06-01,"-3.3,-2,2,2.7"
kri0010,2006-09-01,"-3.3,-2,2,2.7"
kri0010,2006-12-01,"-3.3,-2,2,2.7"
kri0010,2007-03-01,"-3.3,-1.8,2,2.7"
kri0010,2007-06-01,"-3.3,-1.8,2,2.7"
kri0010,2007-09-01,"-3.3,-1.8,2,2.7"
kri0010,2007-12-01,"-3.3,-1.8,2,2.7"
kri0010,2008-03-01,"-3.3,-1.62,2,2.7"
kri0010,2008-06-01,"-3.3,-1.458,2,2.7"
kri0010,2008-09-01,"-3.3,-1.458,2,2.7"
kri0010,2008-12-01,"-3.3,-1.458,2,2.7"
kri0010,2009-03-01,"-3.3,-1.458,2,2.7"
kri0010,2009-06-01,"-3.3,-1.458,2,2.7"
kri0010,2009-09-01,"-3.3,-1.458,2,2.7"
kri0010,2009-12-01,"-3.3,-1.458,2,2.7"
kri0010,2010-03-01,"-3.3,-1.458,2,2.7"
kri0010,2010-06-01,"-3.3,-1.458,2,2.7"
kri0010,2010-09-01,"-3.3,-1.6038,2,2.7"
kri0010,2010-12-01,"-3.3,-1.76418,2.2,2.7"
kri0010,2011-03-01,"-3.3,-1.76418,2.2,2.7"
kri0010,2011-06-01,"-3.3,-1.76418,2.2,2.7"
kri0010,2011-09-01,"-3.3,-1.76418,2.2,2.43"
kri0010,2011-12-01,"-3.3,-1.76418,2.2,2.43"
kri0010,2012-03-01,"-3.3,-1.76418,2.2,2.43"
kri0010,2012-06-01,"-3.3,-1.76418,2.2,2.673"
kri0010,2012-09-01,"-3.3,-1.76418,2.2,2.673"
kri0010,2012-12-01,"-3.3,-1.76418,2.2,2.9403"
kri0010,2013-03-01,"-2.97,-1.76418,2.2,2.9403"
kri0010,2013-06-01,"-2.97,-1.76418,2.2,2.9403"
kri0010,2013-09-01,"-2.673,-1.587762,2.2,2.9403"
kri0010,2013-12-01,"-2.673,-1.4289858,2.2,2.9403"
kri0010,2014-03-01,"-2.673,-1.4289858,2.2,2.9403"
kri0010,2014-06-01,"-2.673,-1.4289858,2.2,2.9403"
kri0010,2014-09-01,"-2.9403,-1.4289858,2.2,2.9403"
kri0010,2014-12-01,"-2.9403,-1.4289858,2.2,2.9403"
kri0010,2015-03-01,"-2.9403,-1.4289858,2.2,2.64627"
kri0010,2015-06-01,"-2.9403,-1.4289858,2.2,2.381643"
kri0010,2015-09-01,"-2.9403,-1.4289858,2.2,2.381643"
kri0010,2015-12-01,"-2.9403,-1.4289858,2.2,2.381643"
kri0010,2016-03-01,"-2.9403,-1.4289858,2.2,2.381643"
kri0010,2016-06-01,"-3.23433,-1.4289858,2.42,2.381643"
kri0010,2016-09-01,"-3.23433,-1.4289858,2.42,2.381643"
kri0010,2016-12-01,"-2.910897,-1.28608722,2.42,2.381643"
kri0010,2017-03-01,"-2.910897,-1.414695942,2.42,2.381643"
kri0010,2017-06-01,"-2.6198073,-1.414695942,2.42,2.381643"
kri0010,2017-09-01,"-2.88178803,-1.414695942,2.42,2.381643"
kri0010,2017-12-01,"-2.88178803,-1.414695942,2.42,2.381643"
kri0010,2018-03-01,"-2.88178803,-1.414695942,2.42,2.381643"
kri0010,2018-06-01,"-2.593609227,-1.2732263478,2.42,2.381643"
kri0010,2018-09-01,"-2.593609227,-1.2732263478,2.662,2.6198073"
kri0010,2018-12-01,"-2.593609227,-1.2732263478,2.662,2.6198073"
kri0010,2019-03-01,"-2.593609227,-1.2732263478,2.662,2.6198073"
kri0010,2019-06-01,"-2.593609227,-1.2732263478,2.662,2.6198073"
kri0010,2019-09-01,"-2.593609227,-1.2732263478,2.662,2.6198073"
kri0010,2019-12-01,"-2.593609227,-1.2732263478,2.662,2.6198073"
kri0011,2003-12-01,"-3,-2,2,3"
kri0011,2004-03-01,"-3,-2,2,3"
kri0011,2004-06-01,"-3,-2,2,3.3"
kri0011,2004-09-01,"-3,-2,2,2.97"
kri0011,2004-12-01,"-3,-2,2,2.97"
kri0011,2005-03-01,"-3,-2,2.2,2.97"
kri0011,2005-06-01,"-3,-2,2.2,2.97"
kri0011,2005-09-01,"-3,-2,2.42,2.97"
kri0011,2005-12-01,"-3,-2,2.42,2.97"
kri0011,2006-03-01,"-3,-2,2.42,2.97"
kri0011,2006-06-01,"-3.3,-2,2.42,2.97"
kri0011,2006-09-01,"-3.3,-2.2,2.42,2.97"
kri0011,2006-12-01,"-3.63,-2.2,2.42,2.97"
kri0011,2007-03-01,"-3.63,-2.2,2.178,2.97"
kri0011,2007-06-01,"-3.63,-2.2,2.178,2.97"
kri0011,2007-09-01,"-3.63,-2.2,2.178,2.97"
kri0011,2007-12-01,"-3.63,-2.2,2.178,2.97"
kri0011,2008-03-01,"-3.63,-2.2,2.178,2.97"
kri0011,2008-06-01,"-3.63,-2.2,2.178,2.97"
kri0011,2008-09-01,"-3.63,-2.2,2.178,2.97"
kri0011,2008-12-01,"-3.63,-2.2,2.178,2.97"
kri0011,2009-03-01,"-3.267,-2.2,1.9602,2.97"
kri0011,2009-06-01,"-3.267,-2.2,1.9602,2.97"
kri0011,2009-09-01,"-3.267,-2.42,1.9602,2.97"
kri0011,2009-12-01,"-3.267,-2.42,1.9602,2.97"
kri0011,2010-03-01,"-2.9403,-2.42,1.9602,2.97"
kri0011,2010-06-01,"-2.9403,-2.42,1.9602,2.97"
kri0011,2010-09-01,"-2.9403,-2.42,1.9602,2.97"
kri0011,2010-12-01,"-2.9403,-2.42,1.9602,2.97"
kri0011,2011-03-01,"-2.9403,-2.42,1.9602,2.97"
kri0011,2011-06-01,"-2.9403,-2.42,1.9602,2.97"
kri0011,2011-09-01,"-2.9403,-2.42,1.9602,2.673"
kri0011,2011-12-01,"-2.9403,-2.42,1.9602,2.673"
kri0011,2012-03-01,"-2.9403,-2.42,1.9602,2.673"
kri0011,2012-06-01,"-2.9403,-2.42,1.9602,2.673"
kri0011,2012-09-01,"-2.9403,-2.42,1.9602,2.673"
kri0011,2012-12-01,"-2.9403,-2.42,1.9602,2.673"
kri0011,2013-03-01,"-2.9403,-2.42,1.9602,2.673"
kri0011,2013-06-01,"-2.9403,-2.42,1.9602,2.4057"
kri0011,2013-09-01,"-2.9403,-2.42,1.9602,2.4057"
kri0011,2013-12-01,"-2.9403,-2.42,1.9602,2.4057"
kri0011,2014-03-01,"-2.9403,-2.42,1.9602,2.4057"
kri0011,2014-06-01,"-2.9403,-2.42,1.9602,2.4057"
kri0011,2014-09-01,"-2.9403,-2.42,1.9602,2.4057"
kri0011,2014-12-01,"-2.9403,-2.42,1.9602,2.4057"
kri0011,2015-03-01,"-2.9403,-2.42,1.9602,2.4057"
kri0011,2015-06-01,"-2.9403,-2.42,1.9602,2.4057"
kri0011,2015-09-01,"-2.9403,-2.42,1.9602,2.64627"
kri0011,2015-12-01,"-2.9403,-2.42,1.9602,2.64627"
kri0011,2016-03-01,"-2.9403,-2.42,1.9602,2.910897"
kri0011,2016-06-01,"-2.9403,-2.42,1.9602,3.2019867"
kri0011,2016-09-01,"-2.9403,-2.178,1.9602,3.2019867"
kri0011,2016-12-01,"-2.9403,-2.178,1.9602,3.2019867"
kri0011,2017-03-01,"-2.9403,-2.178,1.9602,3.2019867"
kri0011,2017-06-01,"-2.9403,-2.178,1.9602,3.2019867"
kri0011,2017-09-01,"-2.9403,-2.178,1.9602,3.2019867"
kri0011,2017-12-01,"-2.64627,-2.178,1.9602,3.2019867"
kri0011,2018-03-01,"-2.64627,-2.178,1.9602,3.2019867"
kri0011,2018-06-01,"-2.64627,-2.178,1.9602,3.2019867"
kri0011,2018-09-01,"-2.64627,-2.178,1.9602,3.2019867"
kri0011,2018-12-01,"-2.64627,-2.178,2.15622,3.2019867"
kri0011,2019-03-01,"-2.64627,-2.178,2.15622,3.2019867"
kri0011,2019-06-01,"-2.64627,-2.178,2.15622,3.2019867"
kri0011,2019-09-01,"-2.64627,-2.178,2.15622,3.2019867"
kri0011,2019-12-01,"-2.64627,-2.178,2.15622,3.2019867"
kri0012,2003-12-01,"-3,-2.2,2,3"
kri0012,2004-03-01,"-3,-2.2,2,3"
kri0012,2004-06-01,"-3,-2.2,2,3.3"
kri0012,2004-09-01,"-3,-2.2,1.8,2.97"
kri0012,2004-12-01,"-3.3,-2.2,1.8,3.267"
kri0012,2005-03-01,"-3.3,-2.2,1.8,3.267"
kri0012,2005-06-01,"-3.3,-2.2,1.8,3.267"
kri0012,2005-09-01,"-3.63,-2.42,1.8,3.267"
kri0012,2005-12-01,"-3.993,-2.42,1.8,3.267"
kri0012,2006-03-01,"-3.993,-2.42,1.8,3.267"
kri0012,2006-06-01,"-4.3923,-2.42,1.98,3.267"
kri0012,2006-09-01,"-4.3923,-2.42,1.98,3.267"
kri0012,2006-12-01,"-4.3923,-2.42,1.98,3.267"
kri0012,2007-03-01,"-3.95307,-2.178,1.98,3.267"
kri0012,2007-06-01,"-3.95307,-2.178,1.98,3.5937"
kri0012,2007-09-01,"-3.95307,-2.178,1.98,3.5937"
kri0012,2007-12-01,"-3.95307,-2.178,1.98,3.5937"
kri0012,2008-03-01,"-3.95307,-2.178,1.98,3.5937"
kri0012,2008-06-01,"-3.95307,-2.178,1.782,3.5937"
kri0012,2008-09-01,"-3.95307,-2.178,1.782,3.5937"
kri0012,2008-12-01,"-3.95307,-2.178,1.782,3.5937"
kri0012,2009-03-01,"-3.557763,-2.178,1.6038,3.5937"
kri0012,2009-06-01,"-3.557763,-2.178,1.6038,3.5937"
kri0012,2009-09-01,"-3.9135393,-2.178,1.6038,3.5937"
kri0012,2009-12-01,"-3.9135393,-2.178,1.6038,3.5937"
kri0012,2010-03-01,"-3.9135393,-2.178,1.6038,3.5937"
kri0012,2010-06-01,"-3.9135393,-2.3958,1.6038,3.95307"
kri0012,2010-09-01,"-4.30489323,-2.3958,1.6038,3.95307"
kri0012,2010-12-01,"-4.30489323,-2.3958,1.6038,3.95307"
kri0012,2011-03-01,"-4.735382553,-2.63538,1.6038,3.95307"
kri0012,2011-06-01,"-4.735382553,-2.371842,1.6038,3.95307"
kri0012,2011-09-01,"-4.735382553,-2.371842,1.6038,3.95307"
kri0012,2011-12-01,"-4.735382553,-2.371842,1.6038,3.95307"
kri0012,2012-03-01,"-5.2089208083,-2.6090262,1.76418,3.95307"
kri0012,2012-06-01,"-5.2089208083,-2.86992882,1.76418,3.95307"
kri0012,2012-09-01,"-5.2089208083,-3.156921702,1.76418,3.95307"
kri0012,2012-12-01,"-5.2089208083,-3.156921702,1.76418,4.348377"
kri0012,2013-03-01,"-5.2089208083,-3.156921702,1.76418,4.348377"
kri0012,2013-06-01,"-5.2089208083,-3.156921702,1.76418,4.348377"
kri0012,2013-09-01,"-5.2089208083,-3.156921702,1.76418,4.348377"
kri0012,2013-12-01,"-5.2089208083,-3.156921702,1.587762,4.348377"
kri0012,2014-03-01,"-5.2089208083,-3.156921702,1.587762,4.348377"
kri0012,2014-06-01,"-5.2089208083,-3.156921702,1.587762,4.348377"
kri0012,2014-09-01,"-5.2089208083,-3.156921702,1.7465382,4.348377"
kri0012,2014-12-01,"-5.2089208083,-3.156921702,1.7465382,3.9135393"
kri0012,2015-03-01,"-5.2089208083,-3.156921702,1.7465382,3.9135393"
kri0012,2015-06-01,"-5.2089208083,-3.156921702,1.57188438,3.9135393"
kri0012,2015-09-01,"-5.2089208083,-3.156921702,1.57188438,3.9135393"
kri0012,2015-12-01,"-5.2089208083,-3.156921702,1.57188438,3.9135393"
kri0012,2016-03-01,"-5.2089208083,-3.156921702,1.57188438,3.9135393"
kri0012,2016-06-01,"-5.2089208083,-3.156921702,1.57188438,3.9135393"
kri0012,2016-09-01,"-4.68802872747,-2.8412295318,1.57188438,3.9135393"
kri0012,2016-12-01,"-4.68802872747,-2.55710657862,1.57188438,3.9135393"
kri0012,2017-03-01,"-4.68802872747,-2.55710657862,1.57188438,4.30489323"
kri0012,2017-06-01,"-4.68802872747,-2.55710657862,1.57188438,4.30489323"
kri0012,2017-09-01,"-4.68802872747,-2.55710657862,1.729072818,4.30489323"
kri0012,2017-12-01,"-4.68802872747,-2.55710657862,1.729072818,4.30489323"
kri0012,2018-03-01,"-4.68802872747,-2.55710657862,1.729072818,4.30489323"
kri0012,2018-06-01,"-4.68802872747,-2.55710657862,1.729072818,4.30489323"
kri0012,2018-09-01,"-4.68802872747,-2.55710657862,1.729072818,4.30489323"
kri0012,2018-12-01,"-4.68802872747,-2.812817236482,1.729072818,4.30489323"
kri0012,2019-03-01,"-4.68802872747,-2.812817236482,1.729072818,4.30489323"
kri0012,2019-06-01,"-5.156831600217,-2.812817236482,1.729072818,4.30489323"
kri0012,2019-09-01,"-5.156831600217,-2.812817236482,1.729072818,4.30489323"
kri0012,2019-12-01,"-5.156831600217,-2.812817236482,1.729072818,4.30489323"
qtl0004,2003-12-01,"0.01"
qtl0004,2004-03-01,"0.01"
qtl0004,2004-06-01,"0.01"
qtl0004,2004-09-01,"0.01"
qtl0004,2004-12-01,"0.01"
qtl0004,2005-03-01,"0.01"
qtl0004,2005-06-01,"0.01"
qtl0004,2005-09-01,"0.01"
qtl0004,2005-12-01,"0.01"
qtl0004,2006-03-01,"0.01"
qtl0004,2006-06-01,"0.01"
qtl0004,2006-09-01,"0.01"
qtl0004,2006-12-01,"0.01"
qtl0004,2007-03-01,"0.01"
qtl0004,2007-06-01,"0.01"
qtl0004,2007-09-01,"0.01"
qtl0004,2007-12-01,"0.01"
qtl0004,2008-03-01,"0.01"
qtl0004,2008-06-01,"0.01"
qtl0004,2008-09-01,"0.01"
qtl0004,2008-12-01,"0.01"
qtl0004,2009-03-01,"0.01"
qtl0004,2009-06-01,"0.01"
qtl0004,2009-09-01,"0.01"
qtl0004,2009-12-01,"0.01"
qtl0004,2010-03-01,"0.009"
qtl0004,2010-06-01,"0.009"
qtl0004,2010-09-01,"0.009"
qtl0004,2010-12-01,"0.009"
qtl0004,2011-03-01,"0.009"
qtl0004,2011-06-01,"0.009"
qtl0004,2011-09-01,"0.009"
qtl0004,2011-12-01,"0.009"
qtl0004,2012-03-01,"0.009"
qtl0004,2012-06-01,"0.0099"
qtl0004,2012-09-01,"0.0099"
qtl0004,2012-12-01,"0.0099"
qtl0004,2013-03-01,"0.0099"
qtl0004,2013-06-01,"0.00891"
qtl0004,2013-09-01,"0.00891"
qtl0004,2013-12-01,"0.00891"
qtl0004,2014-03-01,"0.00891"
qtl0004,2014-06-01,"0.009801"
qtl0004,2014-09-01,"0.009801"
qtl0004,2014-12-01,"0.009801"
qtl0004,2015-03-01,"0.009801"
qtl0004,2015-06-01,"0.009801"
qtl0004,2015-09-01,"0.009801"
qtl0004,2015-12-01,"0.009801"
qtl0004,2016-03-01,"0.009801"
qtl0004,2016-06-01,"0.0107811"
qtl0004,2016-09-01,"0.0107811"
qtl0004,2016-12-01,"0.0107811"
qtl0004,2017-03-01,"0.0107811"
qtl0004,2017-06-01,"0.0107811"
qtl0004,2017-09-01,"0.0107811"
qtl0004,2017-12-01,"0.0107811"
qtl0004,2018-03-01,"0.0107811"
qtl0004,2018-06-01,"0.0107811"
qtl0004,2018-09-01,"0.0107811"
qtl0004,2018-12-01,"0.0107811"
qtl0004,2019-03-01,"0.0107811"
qtl0004,2019-06-01,"0.0107811"
qtl0004,2019-09-01,"0.0107811"
qtl0004,2019-12-01,"0.0107811"
qtl0006,2003-12-01,"0.2"
qtl0006,2004-03-01,"0.2"
qtl0006,2004-06-01,"0.2"
qtl0006,2004-09-01,"0.2"
qtl0006,2004-12-01,"0.2"
qtl0006,2005-03-01,"0.2"
qtl0006,2005-06-01,"0.18"
qtl0006,2005-09-01,"0.18"
qtl0006,2005-12-01,"0.18"
qtl0006,2006-03-01,"0.18"
qtl0006,2006-06-01,"0.18"
qtl0006,2006-09-01,"0.18"
qtl0006,2006-12-01,"0.18"
qtl0006,2007-03-01,"0.162"
qtl0006,2007-06-01,"0.162"
qtl0006,2007-09-01,"0.162"
qtl0006,2007-12-01,"0.162"
qtl0006,2008-03-01,"0.162"
qtl0006,2008-06-01,"0.162"
qtl0006,2008-09-01,"0.162"
qtl0006,2008-12-01,"0.162"
qtl0006,2009-03-01,"0.162"
qtl0006,2009-06-01,"0.1458"
qtl0006,2009-09-01,"0.1458"
qtl0006,2009-12-01,"0.1458"
qtl0006,2010-03-01,"0.1458"
qtl0006,2010-06-01,"0.1458"
qtl0006,2010-09-01,"0.16038"
qtl0006,2010-12-01,"0.16038"
qtl0006,2011-03-01,"0.16038"
qtl0006,2011-06-01,"0.16038"
qtl0006,2011-09-01,"0.16038"
qtl0006,2011-12-01,"0.16038"
qtl0006,2012-03-01,"0.16038"
qtl0006,2012-06-01,"0.16038"
qtl0006,2012-09-01,"0.16038"
qtl0006,2012-12-01,"0.16038"
qtl0006,2013-03-01,"0.16038"
qtl0006,2013-06-01,"0.16038"
qtl0006,2013-09-01,"0.16038"
qtl0006,2013-12-01,"0.16038"
qtl0006,2014-03-01,"0.16038"
qtl0006,2014-06-01,"0.16038"
qtl0006,2014-09-01,"0.16038"
qtl0006,2014-12-01,"0.16038"
qtl0006,2015-03-01,"0.16038"
qtl0006,2015-06-01,"0.16038"
qtl0006,2015-09-01,"0.16038"
qtl0006,2015-12-01,"0.16038"
qtl0006,2016-03-01,"0.16038"
qtl0006,2016-06-01,"0.16038"
qtl0006,2016-09-01,"0.144342"
qtl0006,2016-12-01,"0.144342"
qtl0006,2017-03-01,"0.144342"
qtl0006,2017-06-01,"0.144342"
qtl0006,2017-09-01,"0.144342"
qtl0006,2017-12-01,"0.144342"
qtl0006,2018-03-01,"0.144342"
qtl0006,2018-06-01,"0.144342"
qtl0006,2018-09-01,"0.144342"
qtl0006,2018-12-01,"0.144342"
qtl0006,2019-03-01,"0.144342"
qtl0006,2019-06-01,"0.1587762"
qtl0006,2019-09-01,"0.1587762"
qtl0006,2019-12-01,"0.1587762"
