studyid,workflowid,groupid,numerator,denominator,metric,score,flag
AA-AA-000-0000,kri0001,91,126,11534,0.0109242240332929,7.9540229885143,2
AA-AA-000-0000,kri0001,75,106,7621,0.0139089358351922,9.05626659281585,2
AA-AA-000-0000,kri0001,83,83,4471,0.0185640796242451,9.74455489346267,2
AA-AA-000-0000,kri0001,43,385,23066,0.0166912338506893,20.3515052709728,2
AA-AA-000-0000,kri0001,10,7,13112,0.000533862111043319,-9.09819764554587,-2
AA-AA-000-0000,kri0001,143,23,20038,0.00114781914362711,-8.96985491451498,-2
AA-AA-000-0000,kri0001,85,3,10099,0.000297059114763838,-8.74457406789945,-2
AA-AA-000-0000,kri0001,173,28,19720,0.00141987829614604,-8.06811217612939,-2
AA-AA-000-0000,kri0001,172,40,21638,0.00184859968573805,-7.13848423913603,-2
AA-AA-000-0000,kri0001,54,16,12817,0.00124834204572053,-7.02609475517671,-2
AA-AA-000-0000,kri0001,157,57,5335,0.0106841611996251,5.05391247407838,1
AA-AA-000-0000,kri0001,56,144,18146,0.00793563319739888,5.53707598246657,1
AA-AA-000-0000,kri0001,154,16,407,0.0393120393120393,5.94322540145538,1
AA-AA-000-0000,kri0001,86,130,15047,0.00863959593274407,6.01271942162327,1
AA-AA-000-0000,kri0001,25,36,1915,0.018798955613577,6.34436499271332,1
AA-AA-000-0000,kri0001,120,40,2271,0.0176133861734919,6.430598600075,1
AA-AA-000-0000,kri0001,150,35,1591,0.0219987429289755,6.85224976671204,1
AA-AA-000-0000,kri0001,140,131,48028,0.00272757558091114,-6.69611713450067,-1
AA-AA-000-0000,kri0001,127,0,3586,0,-6.04976637613599,-1
AA-AA-000-0000,kri0001,141,13,9390,0.00138445154419595,-5.792932380488,-1
AA-AA-000-0000,kri0001,156,6,6566,0.000913798355162961,-5.76138618237543,-1
AA-AA-000-0000,kri0001,77,23,12743,0.00180491250098093,-5.70521748268567,-1
AA-AA-000-0000,kri0001,92,17,10166,0.00167224080267559,-5.4112622351045,-1
AA-AA-000-0000,kri0001,144,0,2793,0,-5.3631543030957,-1
AA-AA-000-0000,kri0001,176,1,3344,0.000299043062200957,-5.15136280464238,-1
AA-AA-000-0000,kri0001,155,11,7322,0.00150232177000819,-4.94961490825461,0
AA-AA-000-0000,kri0001,167,21,10471,0.00200553910801261,-4.81903824988098,0
AA-AA-000-0000,kri0001,81,0,2129,0,-4.70535313612031,0
AA-AA-000-0000,kri0001,67,12,7214,0.00166343221513723,-4.63685612132063,0
AA-AA-000-0000,kri0001,113,9,5894,0.00152697658635901,-4.43778335008972,0
AA-AA-000-0000,kri0001,114,6,4678,0.00128259940145361,-4.33979621952838,0
AA-AA-000-0000,kri0001,152,8,5385,0.00148560817084494,-4.31885685593397,0
AA-AA-000-0000,kri0001,187,4,3719,0.00107555794568432,-4.1787306805645,0
AA-AA-000-0000,kri0001,63,17,7603,0.00223595948967513,-3.79367334487415,0
AA-AA-000-0000,kri0001,18,0,1350,0,-3.77770599788402,0
AA-AA-000-0000,kri0001,29,7,4346,0.00161067648412333,-3.74204167702728,0
AA-AA-000-0000,kri0001,51,17,7513,0.00226274457606815,-3.73097332777542,0
AA-AA-000-0000,kri0001,34,14,6550,0.00213740458015267,-3.6956330284609,0
AA-AA-000-0000,kri0001,30,11,5558,0.00197912918315941,-3.6534811195216,0
AA-AA-000-0000,kri0001,149,17,7178,0.00236834772917247,-3.49327977665433,0
AA-AA-000-0000,kri0001,177,6,3614,0.00166021029330382,-3.37691646035817,0
AA-AA-000-0000,kri0001,50,14,6044,0.00231634679020516,-3.30892499522196,0
AA-AA-000-0000,kri0001,61,41,13556,0.00302449100029507,-3.30484077629609,0
AA-AA-000-0000,kri0001,153,6,3516,0.00170648464163823,-3.27980836643171,0
AA-AA-000-0000,kri0001,32,2,2013,0.000993541977148534,-3.21680720930944,0
AA-AA-000-0000,kri0001,73,4,2687,0.00148864905098623,-3.12592570601927,0
AA-AA-000-0000,kri0001,23,8,3948,0.00202634245187437,-3.07125619467376,0
AA-AA-000-0000,kri0001,168,1,1437,0.00069589422407794,-3.0176300041685,0
AA-AA-000-0000,kri0001,161,3,2222,0.00135013501350135,-2.998472231976,0
AA-AA-000-0000,kri0001,26,11,4660,0.00236051502145923,-2.89155238967018,0
AA-AA-000-0000,kri0001,158,0,708,0,-2.76768878032523,0
AA-AA-000-0000,kri0001,3,2,1666,0.00120048019207683,-2.75319303977675,0
AA-AA-000-0000,kri0001,175,0,679,0,-2.71245200109512,0
AA-AA-000-0000,kri0001,99,0,662,0,-2.67950235781382,0
AA-AA-000-0000,kri0001,96,6,2874,0.00208768267223382,-2.59732232163373,0
AA-AA-000-0000,kri0001,106,6,2774,0.00216294160057678,-2.48261115743945,0
AA-AA-000-0000,kri0001,184,9,3558,0.00252951096121417,-2.38456353779632,0
AA-AA-000-0000,kri0001,28,3,1755,0.00170940170940171,-2.37944444331304,0
AA-AA-000-0000,kri0001,16,2,1411,0.00141743444365698,-2.37361356876833,0
AA-AA-000-0000,kri0001,13,13,4586,0.0028347143480157,-2.31041074919969,0
AA-AA-000-0000,kri0001,103,8,3100,0.00258064516129032,-2.19378984503778,0
AA-AA-000-0000,kri0001,131,15,4991,0.00300540973752755,-2.19338195310564,0
AA-AA-000-0000,kri0001,9,3,1606,0.00186799501867995,-2.1606417155278,0
AA-AA-000-0000,kri0001,58,54,14386,0.00375364938134297,-1.97443545554005,0
AA-AA-000-0000,kri0001,41,3,1430,0.0020979020979021,-1.88511272555822,0
AA-AA-000-0000,kri0001,180,1,757,0.00132100396301189,-1.83187985715257,0
AA-AA-000-0000,kri0001,101,6,2237,0.00268216361198033,-1.81651897368022,0
AA-AA-000-0000,kri0001,109,10,3284,0.00304506699147381,-1.79824107808298,0
AA-AA-000-0000,kri0001,69,32,8744,0.00365965233302836,-1.78906732175679,0
AA-AA-000-0000,kri0001,104,23,6524,0.00352544451256898,-1.77341563922394,0
AA-AA-000-0000,kri0001,35,12,3738,0.00321027287319422,-1.73377439677297,0
AA-AA-000-0000,kri0001,148,3,1328,0.00225903614457831,-1.71551314684875,0
AA-AA-000-0000,kri0001,147,12,3684,0.00325732899022801,-1.67689806694085,0
AA-AA-000-0000,kri0001,19,6,2116,0.00283553875236295,-1.65254900053135,0
AA-AA-000-0000,kri0001,6,1,674,0.00148367952522255,-1.64751073233218,0
AA-AA-000-0000,kri0001,123,1,673,0.00148588410104012,-1.64520677256225,0
AA-AA-000-0000,kri0001,117,1,672,0.00148809523809524,-1.64290070742837,0
AA-AA-000-0000,kri0001,33,1,670,0.00149253731343284,-1.63828223994235,0
AA-AA-000-0000,kri0001,11,24,6494,0.00369571912534647,-1.55420848128138,0
AA-AA-000-0000,kri0001,17,37,9328,0.00396655231560892,-1.37329579551845,0
AA-AA-000-0000,kri0001,137,22,5789,0.00380031093453101,-1.36494400424299,0
AA-AA-000-0000,kri0001,36,2,840,0.00238095238095238,-1.3320639988969,0
AA-AA-000-0000,kri0001,84,7,2126,0.0032925682031985,-1.30861837968657,0
AA-AA-000-0000,kri0001,102,8,2355,0.00339702760084926,-1.28403860228899,0
AA-AA-000-0000,kri0001,53,7,2096,0.00333969465648855,-1.26626728623493,0
AA-AA-000-0000,kri0001,45,2,775,0.00258064516129032,-1.18751276609449,0
AA-AA-000-0000,kri0001,110,2,759,0.00263504611330698,-1.15074997444118,0
AA-AA-000-0000,kri0001,38,2,757,0.00264200792602378,-1.1461197950362,0
AA-AA-000-0000,kri0001,126,2,754,0.0026525198938992,-1.1391597830544,0
AA-AA-000-0000,kri0001,142,10,2693,0.00371333085777943,-1.09795728362154,0
AA-AA-000-0000,kri0001,115,6,1652,0.0036319612590799,-0.960124553255945,0
AA-AA-000-0000,kri0001,76,40,9390,0.00425985090521832,-0.946466856773611,0
AA-AA-000-0000,kri0001,72,2,667,0.00299850074962519,-0.929040653816508,0
AA-AA-000-0000,kri0001,71,33,7509,0.00439472632840591,-0.720620142809618,0
AA-AA-000-0000,kri0001,178,6,1429,0.00419874037788663,-0.580941699929703,0
AA-AA-000-0000,kri0001,121,20,4456,0.00448833034111311,-0.550232530733702,0
AA-AA-000-0000,kri0001,14,3,738,0.0040650406504065,-0.51685236129137,0
AA-AA-000-0000,kri0001,97,16,3545,0.00451339915373766,-0.503203724706179,0
AA-AA-000-0000,kri0001,188,9,2032,0.00442913385826772,-0.499721005457328,0
AA-AA-000-0000,kri0001,57,6,1356,0.00442477876106195,-0.448302806044949,0
AA-AA-000-0000,kri0001,100,6,1354,0.00443131462333826,-0.444602425750072,0
AA-AA-000-0000,kri0001,160,24,5134,0.00467471756914686,-0.370984108777686,0
AA-AA-000-0000,kri0001,186,15,3203,0.00468310958476428,-0.353691692754636,0
AA-AA-000-0000,kri0001,44,16,3357,0.00476616026213881,-0.286116783452717,0
AA-AA-000-0000,kri0001,49,13,2717,0.00478468899521531,-0.271665602173127,0
AA-AA-000-0000,kri0001,89,17,3521,0.00482817381425731,-0.233254821222824,0
AA-AA-000-0000,kri0001,27,15,3034,0.00494396835860251,-0.146922193785765,0
AA-AA-000-0000,kri0001,66,4,754,0.00530503978779841,-0.0346367033738574,0
AA-AA-000-0000,kri0001,48,3,531,0.00564971751412429,0.0569687627202921,0
AA-AA-000-0000,kri0001,52,6,1094,0.00548446069469835,0.071606192134076,0
AA-AA-000-0000,kri0001,185,8,1470,0.0054421768707483,0.0907543545913177,0
AA-AA-000-0000,kri0001,107,11,2025,0.0054320987654321,0.138077032184562,0
AA-AA-000-0000,kri0001,46,4,673,0.00594353640416048,0.181788157172351,0
AA-AA-000-0000,kri0001,118,64,12776,0.0050093926111459,0.216175069645343,0
AA-AA-000-0000,kri0001,174,20,3734,0.00535618639528656,0.221106344816444,0
AA-AA-000-0000,kri0001,68,15,2679,0.00559910414333707,0.314309632071137,0
AA-AA-000-0000,kri0001,98,8,1346,0.00594353640416048,0.325183209962242,0
AA-AA-000-0000,kri0001,7,38,7176,0.00529542920847269,0.377878219567922,0
AA-AA-000-0000,kri0001,164,27,4932,0.00547445255474453,0.41880879216409,0
AA-AA-000-0000,kri0001,70,12,2020,0.00594059405940594,0.445154805551804,0
AA-AA-000-0000,kri0001,159,4,560,0.00714285714285714,0.515823833319748,0
AA-AA-000-0000,kri0001,129,9,1423,0.00632466619817287,0.528144227609582,0
AA-AA-000-0000,kri0001,136,11,1765,0.00623229461756374,0.562085858023354,0
AA-AA-000-0000,kri0001,12,5,624,0.00801282051282051,0.815554261087802,0
AA-AA-000-0000,kri0001,163,15,2282,0.00657318141980719,0.882638336764063,0
AA-AA-000-0000,kri0001,124,17,2632,0.00645896656534954,0.892235586919144,0
AA-AA-000-0000,kri0001,87,6,750,0.008,0.904218359436733,0
AA-AA-000-0000,kri0001,181,14,2089,0.00670177118238392,0.908652925055818,0
AA-AA-000-0000,kri0001,183,11,1513,0.00727032385988103,1.01632839979041,0
AA-AA-000-0000,kri0001,139,209,41429,0.00504477539887518,1.09177973250507,0
AA-AA-000-0000,kri0001,122,39,6484,0.00601480567550895,1.12469058601198,0
AA-AA-000-0000,kri0001,111,12,1597,0.00751408891671885,1.16986866464572,0
AA-AA-000-0000,kri0001,166,75,13419,0.00558909009613235,1.17165364672792,0
AA-AA-000-0000,kri0001,179,21,3130,0.00670926517571885,1.17876451758846,0
AA-AA-000-0000,kri0001,189,119,22173,0.00536688765615839,1.24037071693992,0
AA-AA-000-0000,kri0001,151,17,2376,0.00715488215488216,1.26428725844883,0
AA-AA-000-0000,kri0001,165,3,219,0.0136986301369863,1.33904473649674,0
AA-AA-000-0000,kri0001,135,25,3676,0.00680087051142546,1.37447089237283,0
AA-AA-000-0000,kri0001,5,160,30252,0.00528890651857728,1.39605004822905,0
AA-AA-000-0000,kri0001,138,31,4705,0.00658873538788523,1.41446041209557,0
AA-AA-000-0000,kri0001,40,12,1456,0.00824175824175824,1.44104715301039,0
AA-AA-000-0000,kri0001,190,33,4955,0.00665993945509586,1.52568354434936,0
AA-AA-000-0000,kri0001,130,15,1876,0.00799573560767591,1.539794055584,0
AA-AA-000-0000,kri0001,20,7,675,0.0103703703703704,1.5499255283225,0
AA-AA-000-0000,kri0001,55,7,673,0.0104011887072808,1.55609153090289,0
AA-AA-000-0000,kri0001,78,7,673,0.0104011887072808,1.55609153090289,0
AA-AA-000-0000,kri0001,60,18,2298,0.00783289817232376,1.63752149403805,0
AA-AA-000-0000,kri0001,82,12,1345,0.00892193308550186,1.66782320816051,0
AA-AA-000-0000,kri0001,112,14,1596,0.0087719298245614,1.7671860384545,0
AA-AA-000-0000,kri0001,80,31,4370,0.00709382151029748,1.7740104527663,0
AA-AA-000-0000,kri0001,182,10,1000,0.01,1.79501807756057,0
AA-AA-000-0000,kri0001,65,9,847,0.0106257378984652,1.83650560093446,0
AA-AA-000-0000,kri0001,42,8,672,0.0119047619047619,1.96830529160585,0
AA-AA-000-0000,kri0001,116,16,1739,0.00920069005175388,2.06045127195562,0
AA-AA-000-0000,kri0001,119,15,1514,0.00990752972258917,2.21629218272738,0
AA-AA-000-0000,kri0001,31,10,841,0.0118906064209275,2.21763716089463,0
AA-AA-000-0000,kri0001,39,25,2957,0.0084545147108556,2.29902235533252,0
AA-AA-000-0000,kri0001,171,9,671,0.0134128166915052,2.36293412707511,0
AA-AA-000-0000,kri0001,4,46,6192,0.00742894056847545,2.51468358974207,0
AA-AA-000-0000,kri0001,133,31,3699,0.00838064341713977,2.55663645825211,0
AA-AA-000-0000,kri0001,94,149,24999,0.00596023840953638,2.64809945134099,0
AA-AA-000-0000,kri0001,47,24,2522,0.00951625693893735,2.71506869229282,0
AA-AA-000-0000,kri0001,162,16,1346,0.0118870728083209,2.85690423286466,0
AA-AA-000-0000,kri0001,128,28,2961,0.00945626477541371,2.93019243002438,0
AA-AA-000-0000,kri0001,15,32,3550,0.00901408450704225,2.93835374679286,0
AA-AA-000-0000,kri0001,59,48,5719,0.00839307571253716,3.2824362917672,0
AA-AA-000-0000,kri0001,170,136,20714,0.00656560780148692,3.49088452646276,0
AA-AA-000-0000,kri0001,105,25,2180,0.0114678899082569,3.49877576223484,0
AA-AA-000-0000,kri0001,134,42,4554,0.00922266139657444,3.53771049722576,0
AA-AA-000-0000,kri0001,64,29,2690,0.0107806691449814,3.53818662368596,0
AA-AA-000-0000,kri0001,145,2,4,0.5,3.66242203362553,0
AA-AA-000-0000,kri0001,62,157,23569,0.00666129237557809,3.96627025718299,0
AA-AA-000-0000,kri0001,22,37,3366,0.0109922756981581,4.1288190072219,0
AA-AA-000-0000,kri0001,146,57,5983,0.00952699314725054,4.38360360572282,0
AA-AA-000-0000,kri0001,132,15,671,0.022354694485842,4.44762014018215,0
AA-AA-000-0000,kri0001,8,133,17767,0.0074857882591321,4.73491136562663,0
AA-AA-000-0000,kri0002,28,10,1755,0.0056980056980057,7.80928796698652,2
AA-AA-000-0000,kri0002,86,0,15047,0,-2.15683963604835,0
AA-AA-000-0000,kri0002,61,0,13556,0,-2.02620661673058,0
AA-AA-000-0000,kri0002,118,0,12776,0,-1.9555730483318,0
AA-AA-000-0000,kri0002,77,0,12743,0,-1.9525471104612,0
AA-AA-000-0000,kri0002,91,0,11534,0,-1.83941966555812,0
AA-AA-000-0000,kri0002,189,1,22173,4.50998962702386e-05,-1.6684472195606,0
AA-AA-000-0000,kri0002,141,0,9390,0,-1.62631374310656,0
AA-AA-000-0000,kri0002,17,0,9328,0,-1.61987577542792,0
AA-AA-000-0000,kri0002,170,1,20714,4.82765279521097e-05,-1.53865521623958,0
AA-AA-000-0000,kri0002,71,0,7509,0,-1.42257807736918,0
AA-AA-000-0000,kri0002,155,0,7322,0,-1.40125905736939,0
AA-AA-000-0000,kri0002,67,0,7214,0,-1.38884692713365,0
AA-AA-000-0000,kri0002,7,0,7176,0,-1.38446199017697,0
AA-AA-000-0000,kri0002,156,0,6566,0,-1.31274550150876,0
AA-AA-000-0000,kri0002,34,0,6550,0,-1.31082924426287,0
AA-AA-000-0000,kri0002,104,0,6524,0,-1.30771131545039,0
AA-AA-000-0000,kri0002,122,0,6484,0,-1.30290474842582,0
AA-AA-000-0000,kri0002,8,1,17767,5.62841222491135e-05,-1.26090380031695,0
AA-AA-000-0000,kri0002,113,0,5894,0,-1.2305661210809,0
AA-AA-000-0000,kri0002,30,0,5558,0,-1.18806992268306,0
AA-AA-000-0000,kri0002,152,0,5385,0,-1.16578789050327,0
AA-AA-000-0000,kri0002,157,0,5335,0,-1.15929471290849,0
AA-AA-000-0000,kri0002,160,0,5134,0,-1.13294194698987,0
AA-AA-000-0000,kri0002,131,0,4991,0,-1.11394072283632,0
AA-AA-000-0000,kri0002,13,0,4586,0,-1.05890282587319,0
AA-AA-000-0000,kri0002,134,0,4554,0,-1.05447262686991,0
AA-AA-000-0000,kri0002,83,0,4471,0,-1.04292319052267,0
AA-AA-000-0000,kri0002,80,0,4370,0,-1.02875235365677,0
AA-AA-000-0000,kri0002,23,0,3948,0,-0.968063023116325,0
AA-AA-000-0000,kri0002,35,0,3738,0,-0.936894571542957,0
AA-AA-000-0000,kri0002,174,0,3734,0,-0.936294163712617,0
AA-AA-000-0000,kri0002,187,0,3719,0,-0.934040332166142,0
AA-AA-000-0000,kri0002,133,0,3699,0,-0.931029541201106,0
AA-AA-000-0000,kri0002,147,0,3684,0,-0.928767159380827,0
AA-AA-000-0000,kri0002,135,0,3676,0,-0.927559044502045,0
AA-AA-000-0000,kri0002,172,2,21638,9.24299842869027e-05,-0.918245366912043,0
AA-AA-000-0000,kri0002,177,0,3614,0,-0.918160120117704,0
AA-AA-000-0000,kri0002,127,0,3586,0,-0.913894256619422,0
AA-AA-000-0000,kri0002,184,0,3558,0,-0.909615006796848,0
AA-AA-000-0000,kri0002,15,0,3550,0,-0.908389884657035,0
AA-AA-000-0000,kri0002,97,0,3545,0,-0.907623620731687,0
AA-AA-000-0000,kri0002,153,0,3516,0,-0.903170708510753,0
AA-AA-000-0000,kri0002,44,0,3357,0,-0.878489466051818,0
AA-AA-000-0000,kri0002,176,0,3344,0,-0.876450978225977,0
AA-AA-000-0000,kri0002,109,0,3284,0,-0.867001060633422,0
AA-AA-000-0000,kri0002,186,0,3203,0,-0.854133033615648,0
AA-AA-000-0000,kri0002,27,0,3034,0,-0.8268567070894,0
AA-AA-000-0000,kri0002,39,0,2957,0,-0.81422740811749,0
AA-AA-000-0000,kri0002,166,1,13419,7.45212012817647e-05,-0.801147807162464,0
AA-AA-000-0000,kri0002,96,0,2874,0,-0.800465286094407,0
AA-AA-000-0000,kri0002,144,0,2793,0,-0.786880153419195,0
AA-AA-000-0000,kri0002,106,0,2774,0,-0.78367072918207,0
AA-AA-000-0000,kri0002,49,0,2717,0,-0.773989116611892,0
AA-AA-000-0000,kri0002,142,0,2693,0,-0.769888300696151,0
AA-AA-000-0000,kri0002,73,0,2687,0,-0.768860808433605,0
AA-AA-000-0000,kri0002,68,0,2679,0,-0.767489385524023,0
AA-AA-000-0000,kri0002,10,1,13112,7.62660158633313e-05,-0.765770004837573,0
AA-AA-000-0000,kri0002,143,2,20038,9.98103603154007e-05,-0.761233799914481,0
AA-AA-000-0000,kri0002,124,0,2632,0,-0.759398841386778,0
AA-AA-000-0000,kri0002,47,0,2522,0,-0.740233479377906,0
AA-AA-000-0000,kri0002,151,0,2376,0,-0.714269404237488,0
AA-AA-000-0000,kri0002,102,0,2355,0,-0.710482806497049,0
AA-AA-000-0000,kri0002,60,0,2298,0,-0.700135982544606,0
AA-AA-000-0000,kri0002,163,0,2282,0,-0.697213161493096,0
AA-AA-000-0000,kri0002,120,0,2271,0,-0.695198950209229,0
AA-AA-000-0000,kri0002,101,0,2237,0,-0.688948313669286,0
AA-AA-000-0000,kri0002,161,0,2222,0,-0.686178571990589,0
AA-AA-000-0000,kri0002,105,0,2180,0,-0.678383097947657,0
AA-AA-000-0000,kri0002,81,0,2129,0,-0.668835668209469,0
AA-AA-000-0000,kri0002,19,0,2116,0,-0.666387383019508,0
AA-AA-000-0000,kri0002,53,0,2096,0,-0.662608972233418,0
AA-AA-000-0000,kri0002,181,0,2089,0,-0.661283114033086,0
AA-AA-000-0000,kri0002,188,0,2032,0,-0.650419680580423,0
AA-AA-000-0000,kri0002,107,0,2025,0,-0.649077193226911,0
AA-AA-000-0000,kri0002,70,0,2020,0,-0.64811713335806,0
AA-AA-000-0000,kri0002,32,0,2013,0,-0.646771446058175,0
AA-AA-000-0000,kri0002,25,0,1915,0,-0.62773023861946,0
AA-AA-000-0000,kri0002,130,0,1876,0,-0.620044273362788,0
AA-AA-000-0000,kri0002,136,0,1765,0,-0.597809865347589,0
AA-AA-000-0000,kri0002,116,0,1739,0,-0.592521470350745,0
AA-AA-000-0000,kri0002,3,0,1666,0,-0.577500974007723,0
AA-AA-000-0000,kri0002,115,0,1652,0,-0.574590378333395,0
AA-AA-000-0000,kri0002,111,0,1597,0,-0.563058777579787,0
AA-AA-000-0000,kri0002,112,0,1596,0,-0.562847649963483,0
AA-AA-000-0000,kri0002,150,0,1591,0,-0.561791214644075,0
AA-AA-000-0000,kri0002,119,0,1514,0,-0.54535011121766,0
AA-AA-000-0000,kri0002,183,0,1513,0,-0.545134411910184,0
AA-AA-000-0000,kri0002,185,0,1470,0,-0.535804505029724,0
AA-AA-000-0000,kri0002,40,0,1456,0,-0.532743306791912,0
AA-AA-000-0000,kri0002,168,0,1437,0,-0.52856986478945,0
AA-AA-000-0000,kri0002,41,0,1430,0,-0.527026706319407,0
AA-AA-000-0000,kri0002,178,0,1429,0,-0.526806007917857,0
AA-AA-000-0000,kri0002,129,0,1423,0,-0.525480513804326,0
AA-AA-000-0000,kri0002,16,0,1411,0,-0.522822778836291,0
AA-AA-000-0000,kri0002,57,0,1356,0,-0.510523552752124,0
AA-AA-000-0000,kri0002,100,0,1354,0,-0.510072573744625,0
AA-AA-000-0000,kri0002,18,0,1350,0,-0.50916981305655,0
AA-AA-000-0000,kri0002,162,0,1346,0,-0.508265978431884,0
AA-AA-000-0000,kri0002,98,0,1346,0,-0.508265978431884,0
AA-AA-000-0000,kri0002,82,0,1345,0,-0.508039851449439,0
AA-AA-000-0000,kri0002,148,0,1328,0,-0.504185311920027,0
AA-AA-000-0000,kri0002,52,0,1094,0,-0.448939080687263,0
AA-AA-000-0000,kri0002,182,0,1000,0,-0.425427930961907,0
AA-AA-000-0000,kri0002,92,1,10166,9.83671060397403e-05,-0.399488961394013,0
AA-AA-000-0000,kri0002,85,1,10099,9.90197049212793e-05,-0.390495563344766,0
AA-AA-000-0000,kri0002,65,0,847,0,-0.385164787641968,0
AA-AA-000-0000,kri0002,31,0,841,0,-0.383528819259702,0
AA-AA-000-0000,kri0002,36,0,840,0,-0.383255703153017,0
AA-AA-000-0000,kri0002,45,0,775,0,-0.36521279531868,0
AA-AA-000-0000,kri0002,110,0,759,0,-0.36067945272917,0
AA-AA-000-0000,kri0002,180,0,757,0,-0.360110100408818,0
AA-AA-000-0000,kri0002,38,0,757,0,-0.360110100408818,0
AA-AA-000-0000,kri0002,126,0,754,0,-0.359254938910681,0
AA-AA-000-0000,kri0002,66,0,754,0,-0.359254938910681,0
AA-AA-000-0000,kri0002,87,0,750,0,-0.358112596801103,0
AA-AA-000-0000,kri0002,14,0,738,0,-0.354670812946686,0
AA-AA-000-0000,kri0002,158,0,708,0,-0.345966631411888,0
AA-AA-000-0000,kri0002,175,0,679,0,-0.337410756995558,0
AA-AA-000-0000,kri0002,20,0,675,0,-0.336219226389323,0
AA-AA-000-0000,kri0002,6,0,674,0,-0.335920901436227,0
AA-AA-000-0000,kri0002,123,0,673,0,-0.335622398827091,0
AA-AA-000-0000,kri0002,46,0,673,0,-0.335622398827091,0
AA-AA-000-0000,kri0002,55,0,673,0,-0.335622398827091,0
AA-AA-000-0000,kri0002,78,0,673,0,-0.335622398827091,0
AA-AA-000-0000,kri0002,117,0,672,0,-0.335323718191904,0
AA-AA-000-0000,kri0002,42,0,672,0,-0.335323718191904,0
AA-AA-000-0000,kri0002,33,0,670,0,-0.334725821356729,0
AA-AA-000-0000,kri0002,72,0,667,0,-0.333827631581969,0
AA-AA-000-0000,kri0002,99,0,662,0,-0.332327038051068,0
AA-AA-000-0000,kri0002,159,0,560,0,-0.300645650106917,0
AA-AA-000-0000,kri0002,48,0,531,0,-0.2912244348915,0
AA-AA-000-0000,kri0002,69,1,8744,0.000114364135407136,-0.20062032674425,0
AA-AA-000-0000,kri0002,63,1,7603,0.000131527028804419,-0.0268111298472033,0
AA-AA-000-0000,kri0002,145,0,4,0,-0.0155981185506349,0
AA-AA-000-0000,kri0002,62,4,23569,0.000169714455428741,0.00954399106901537,0
AA-AA-000-0000,kri0002,149,1,7178,0.000139314572304263,0.0418956645320951,0
AA-AA-000-0000,kri0002,54,2,12817,0.000156042755715066,0.0577162690694976,0
AA-AA-000-0000,kri0002,43,4,23066,0.000173415416630538,0.0609068336909814,0
AA-AA-000-0000,kri0002,4,1,6192,0.000161498708010336,0.211415096463765,0
AA-AA-000-0000,kri0002,146,1,5983,0.000167140230653518,0.249436111712549,0
AA-AA-000-0000,kri0002,137,1,5789,0.000172741406115046,0.285470344835683,0
AA-AA-000-0000,kri0002,190,1,4955,0.000201816347124117,0.449633012912229,0
AA-AA-000-0000,kri0002,164,1,4932,0.000202757502027575,0.454398546401323,0
AA-AA-000-0000,kri0002,138,1,4705,0.000212539851222104,0.502208049609271,0
AA-AA-000-0000,kri0002,114,1,4678,0.000213766566908935,0.507991613242755,0
AA-AA-000-0000,kri0002,26,1,4660,0.000214592274678112,0.511859165852718,0
AA-AA-000-0000,kri0002,76,2,9390,0.000212992545260916,0.547308198254908,0
AA-AA-000-0000,kri0002,121,1,4456,0.000224416517055655,0.556375061026625,0
AA-AA-000-0000,kri0002,29,1,4346,0.000230096640589047,0.580923172495881,0
AA-AA-000-0000,kri0002,56,4,18146,0.000220434255483302,0.60382097067778,0
AA-AA-000-0000,kri0002,89,1,3521,0.000284010224368077,0.779340979390074,0
AA-AA-000-0000,kri0002,94,6,24999,0.000240009600384015,0.787541966286679,0
AA-AA-000-0000,kri0002,22,1,3366,0.00029708853238265,0.819944859133441,0
AA-AA-000-0000,kri0002,75,2,7621,0.000262432751607401,0.845234825948836,0
AA-AA-000-0000,kri0002,51,2,7513,0.000266205244243312,0.864800404512607,0
AA-AA-000-0000,kri0002,103,1,3100,0.00032258064516129,0.892630521473376,0
AA-AA-000-0000,kri0002,128,1,2961,0.000337723741979061,0.932287223813156,0
AA-AA-000-0000,kri0002,64,1,2690,0.000371747211895911,1.01338077225988,0
AA-AA-000-0000,kri0002,5,8,30252,0.000264445325928864,1.05821456978561,0
AA-AA-000-0000,kri0002,11,2,6494,0.000307976593778873,1.05911407102588,0
AA-AA-000-0000,kri0002,139,11,41429,0.000265514494677641,1.06998975624452,0
AA-AA-000-0000,kri0002,84,1,2126,0.000470366886171214,1.20213372669732,0
AA-AA-000-0000,kri0002,59,2,5719,0.000349711488022382,1.22080633927162,0
AA-AA-000-0000,kri0002,9,1,1606,0.00062266500622665,1.41049498715361,0
AA-AA-000-0000,kri0002,140,14,48028,0.000291496626967602,1.41997113839379,0
AA-AA-000-0000,kri0002,167,4,10471,0.000382007449145258,1.68052042695236,0
AA-AA-000-0000,kri0002,132,1,671,0.0014903129657228,1.96792738464417,0
AA-AA-000-0000,kri0002,171,1,671,0.0014903129657228,1.96792738464417,0
AA-AA-000-0000,kri0002,12,1,624,0.0016025641025641,2.00930594635967,0
AA-AA-000-0000,kri0002,58,6,14386,0.000417072153482552,2.10363501900177,0
AA-AA-000-0000,kri0002,173,8,19720,0.000405679513184584,2.2392193250272,0
AA-AA-000-0000,kri0002,154,1,407,0.00245700245700246,2.24043757406489,0
AA-AA-000-0000,kri0002,165,1,219,0.0045662100456621,2.54391699097714,0
AA-AA-000-0000,kri0002,50,4,6044,0.000661813368630046,2.57599417422667,0
AA-AA-000-0000,kri0002,179,3,3130,0.000958466453674122,2.741879268637,0
AA-AA-000-0000,kri0003,68,55,2852,0.0192847124824684,8.16024075071983,2
AA-AA-000-0000,kri0003,114,74,4976,0.014871382636656,8.55435689207086,2
AA-AA-000-0000,kri0003,92,111,10653,0.0104196001126443,8.8716378292107,2
AA-AA-000-0000,kri0003,75,98,7957,0.0123161995727033,9.14497354030626,2
AA-AA-000-0000,kri0003,173,223,20748,0.0107480239059186,14.2787538255965,2
AA-AA-000-0000,kri0003,94,10,26286,0.000380430647492962,-10.5009474365125,-2
AA-AA-000-0000,kri0003,56,18,19049,0.000944931492466796,-7.09986591081947,-2
AA-AA-000-0000,kri0003,186,44,3396,0.0129564193168433,5.59223010879492,1
AA-AA-000-0000,kri0003,134,54,4824,0.0111940298507463,5.7561978362864,1
AA-AA-000-0000,kri0003,4,1,6566,0.000152299725860493,-6.90486248227963,-1
AA-AA-000-0000,kri0003,118,15,13401,0.00111931945377211,-5.84945935902156,-1
AA-AA-000-0000,kri0003,69,8,9175,0.000871934604904632,-5.78156001052459,-1
AA-AA-000-0000,kri0003,5,51,31992,0.00159414853713428,-5.5686540848945,-1
AA-AA-000-0000,kri0003,156,5,6832,0.000731850117096019,-5.53038023658164,-1
AA-AA-000-0000,kri0003,142,0,2831,0,-5.33808425915955,-1
AA-AA-000-0000,kri0003,177,1,3792,0.000263713080168776,-5.32216622510186,-1
AA-AA-000-0000,kri0003,91,17,12408,0.00137008381689233,-5.06752204290807,-1
AA-AA-000-0000,kri0003,121,3,4670,0.000642398286937902,-4.99714297989223,0
AA-AA-000-0000,kri0003,128,1,3213,0.000311235605353252,-4.90465092268361,0
AA-AA-000-0000,kri0003,97,2,3717,0.000538068334678504,-4.77449290593822,0
AA-AA-000-0000,kri0003,188,0,2117,0,-4.74493213310141,0
AA-AA-000-0000,kri0003,124,1,2751,0.000363504180298073,-4.53585372178506,0
AA-AA-000-0000,kri0003,59,7,6053,0.00115645134643978,-4.49274331550468,0
AA-AA-000-0000,kri0003,147,3,3883,0.000772598506309555,-4.46415932121434,0
AA-AA-000-0000,kri0003,151,1,2480,0.000403225806451613,-4.30086211048564,0
AA-AA-000-0000,kri0003,164,6,5193,0.00115540150202195,-4.27973723869609,0
AA-AA-000-0000,kri0003,80,5,4575,0.00109289617486339,-4.20537318029415,0
AA-AA-000-0000,kri0003,82,0,1422,0,-4.03819341737018,0
AA-AA-000-0000,kri0003,152,8,5572,0.00143575017946877,-3.91370558308,0
AA-AA-000-0000,kri0003,58,29,15101,0.00192040262234289,-3.89951572700092,0
AA-AA-000-0000,kri0003,61,27,13980,0.001931330472103,-3.8209996419042,0
AA-AA-000-0000,kri0003,176,4,3536,0.00113122171945701,-3.81037632159914,0
AA-AA-000-0000,kri0003,163,2,2387,0.000837871805613741,-3.67620866407062,0
AA-AA-000-0000,kri0003,103,4,3256,0.00122850122850123,-3.58423171292211,0
AA-AA-000-0000,kri0003,115,1,1757,0.000569151963574274,-3.58014379828076,0
AA-AA-000-0000,kri0003,66,0,796,0,-3.19197340208569,0
AA-AA-000-0000,kri0003,18,1,1430,0.000699300699300699,-3.18988089210589,0
AA-AA-000-0000,kri0003,46,0,738,0,-3.09558503992971,0
AA-AA-000-0000,kri0003,12,0,723,0,-3.06992897988955,0
AA-AA-000-0000,kri0003,141,21,9602,0.00218704436575713,-3.06599481549898,0
AA-AA-000-0000,kri0003,33,0,713,0,-3.05264862716742,0
AA-AA-000-0000,kri0003,133,7,3881,0.00180365885081165,-3.04443138723721,0
AA-AA-000-0000,kri0003,42,0,702,0,-3.03347293468492,0
AA-AA-000-0000,kri0003,159,0,629,0,-2.90143758353612,0
AA-AA-000-0000,kri0003,106,5,2881,0.00173550850399167,-2.87906397936556,0
AA-AA-000-0000,kri0003,48,0,595,0,-2.8368219003047,0
AA-AA-000-0000,kri0003,57,2,1413,0.00141542816702052,-2.57345699737207,0
AA-AA-000-0000,kri0003,120,5,2406,0.00207813798836243,-2.41291954772389,0
AA-AA-000-0000,kri0003,138,12,4913,0.00244249949114594,-2.38825242696002,0
AA-AA-000-0000,kri0003,137,15,5984,0.00250668449197861,-2.36922166262638,0
AA-AA-000-0000,kri0003,86,41,15968,0.00256763527054108,-2.34581280862189,0
AA-AA-000-0000,kri0003,126,1,792,0.00126262626262626,-2.21338589303713,0
AA-AA-000-0000,kri0003,22,9,3570,0.00252100840336135,-2.17633300804638,0
AA-AA-000-0000,kri0003,64,7,2833,0.00247087892693258,-2.13400494711954,0
AA-AA-000-0000,kri0003,70,5,2146,0.00232991612301957,-2.13027658072431,0
AA-AA-000-0000,kri0003,27,8,3167,0.00252604988948532,-2.12559848604877,0
AA-AA-000-0000,kri0003,72,1,744,0.00134408602150538,-2.12108666251661,0
AA-AA-000-0000,kri0003,131,14,5246,0.00266869996187572,-2.11888087012826,0
AA-AA-000-0000,kri0003,123,1,705,0.00141843971631206,-2.04312737394614,0
AA-AA-000-0000,kri0003,85,29,10519,0.00275691605665938,-2.02105644554538,0
AA-AA-000-0000,kri0003,29,13,4702,0.00276478094427903,-1.97881675214298,0
AA-AA-000-0000,kri0003,77,37,13320,0.00277777777777778,-1.92732729547411,0
AA-AA-000-0000,kri0003,44,10,3534,0.00282965478211658,-1.85252582681285,0
AA-AA-000-0000,kri0003,51,23,7886,0.00291656099416688,-1.79055845171524,0
AA-AA-000-0000,kri0003,155,23,7803,0.00294758426246316,-1.74422622431143,0
AA-AA-000-0000,kri0003,41,4,1507,0.0026542800265428,-1.73754069373466,0
AA-AA-000-0000,kri0003,32,6,2110,0.0028436018957346,-1.71326090457974,0
AA-AA-000-0000,kri0003,167,32,10875,0.00294252873563218,-1.67238249209128,0
AA-AA-000-0000,kri0003,100,4,1425,0.00280701754385965,-1.61987477237246,0
AA-AA-000-0000,kri0003,139,113,43704,0.00258557569101226,-1.60865236893669,0
AA-AA-000-0000,kri0003,146,19,6195,0.00306698950766747,-1.60494310268858,0
AA-AA-000-0000,kri0003,113,19,6174,0.00307742144476838,-1.59143670524341,0
AA-AA-000-0000,kri0003,166,42,14349,0.00292703324273469,-1.5817498883062,0
AA-AA-000-0000,kri0003,105,7,2285,0.00306345733041576,-1.56016357004321,0
AA-AA-000-0000,kri0003,180,2,780,0.00256410256410256,-1.53240633656969,0
AA-AA-000-0000,kri0003,178,5,1511,0.00330906684315023,-1.32186866029905,0
AA-AA-000-0000,kri0003,83,16,4736,0.00337837837837838,-1.26796905036459,0
AA-AA-000-0000,kri0003,127,13,3779,0.00344006350886478,-1.24192019084661,0
AA-AA-000-0000,kri0003,98,5,1420,0.00352112676056338,-1.18731791617828,0
AA-AA-000-0000,kri0003,190,18,5226,0.0034443168771527,-1.16747686802328,0
AA-AA-000-0000,kri0003,181,8,2183,0.00366468163078333,-1.10384401532384,0
AA-AA-000-0000,kri0003,187,14,3910,0.00358056265984655,-1.09592790965929,0
AA-AA-000-0000,kri0003,30,20,5749,0.00347886588971995,-1.09410317961912,0
AA-AA-000-0000,kri0003,23,15,4161,0.00360490266762797,-1.05558258332808,0
AA-AA-000-0000,kri0003,144,11,2949,0.00373007799253984,-1.0172104340427,0
AA-AA-000-0000,kri0003,38,3,798,0.0037593984962406,-1.01000994963786,0
AA-AA-000-0000,kri0003,47,10,2658,0.00376222723852521,-1.00871500988063,0
AA-AA-000-0000,kri0003,129,6,1493,0.00401875418620228,-0.899853386345905,0
AA-AA-000-0000,kri0003,17,34,9809,0.00346620450606586,-0.820631467746722,0
AA-AA-000-0000,kri0003,117,3,706,0.00424929178470255,-0.806760038091369,0
AA-AA-000-0000,kri0003,13,20,5129,0.00389939559368298,-0.653097260486953,0
AA-AA-000-0000,kri0003,28,10,2286,0.00437445319335083,-0.589088549274825,0
AA-AA-000-0000,kri0003,157,22,5594,0.0039327851269217,-0.562632203450538,0
AA-AA-000-0000,kri0003,19,10,2209,0.00452693526482571,-0.496167846265877,0
AA-AA-000-0000,kri0003,87,4,788,0.0050761421319797,-0.48622737638377,0
AA-AA-000-0000,kri0003,52,6,1205,0.0049792531120332,-0.434959734119612,0
AA-AA-000-0000,kri0003,162,7,1430,0.0048951048951049,-0.426779636796651,0
AA-AA-000-0000,kri0003,49,13,2884,0.00450762829403606,-0.391572478274251,0
AA-AA-000-0000,kri0003,132,4,713,0.00561009817671809,-0.313116777525286,0
AA-AA-000-0000,kri0003,168,8,1528,0.00523560209424084,-0.221442058196269,0
AA-AA-000-0000,kri0003,154,3,475,0.00631578947368421,-0.195932393018675,0
AA-AA-000-0000,kri0003,60,12,2431,0.00493624023035788,-0.168343299352241,0
AA-AA-000-0000,kri0003,160,24,5547,0.00432666306111412,-0.116823445452905,0
AA-AA-000-0000,kri0003,71,32,7865,0.00406865861411316,-0.108374237418243,0
AA-AA-000-0000,kri0003,150,9,1647,0.00546448087431694,-0.0610776066317562,0
AA-AA-000-0000,kri0003,111,9,1633,0.00551132884262094,-0.040201717480957,0
AA-AA-000-0000,kri0003,81,12,2292,0.00523560209424084,-0.00166544588602391,0
AA-AA-000-0000,kri0003,130,11,2040,0.0053921568627451,0.0229259335279133,0
AA-AA-000-0000,kri0003,170,75,21878,0.00342810128896608,0.029273106120718,0
AA-AA-000-0000,kri0003,174,19,3944,0.00481744421906694,0.0829542698375267,0
AA-AA-000-0000,kri0003,16,9,1536,0.005859375,0.108147414374077,0
AA-AA-000-0000,kri0003,161,13,2413,0.00538748445917945,0.135653036752812,0
AA-AA-000-0000,kri0003,149,32,7453,0.00429357305782906,0.138124829274812,0
AA-AA-000-0000,kri0003,20,5,720,0.00694444444444444,0.138634688584835,0
AA-AA-000-0000,kri0003,39,16,3119,0.0051298493106765,0.148954127339264,0
AA-AA-000-0000,kri0003,171,5,715,0.00699300699300699,0.150994325529727,0
AA-AA-000-0000,kri0003,78,5,715,0.00699300699300699,0.150994325529727,0
AA-AA-000-0000,kri0003,6,5,709,0.00705218617771509,0.165909790041882,0
AA-AA-000-0000,kri0003,65,6,885,0.00677966101694915,0.187929555063896,0
AA-AA-000-0000,kri0003,112,10,1691,0.00591366055588409,0.199319403477912,0
AA-AA-000-0000,kri0003,122,31,6948,0.00446171560161197,0.274121516150935,0
AA-AA-000-0000,kri0003,76,41,9840,0.00416666666666667,0.299502143615216,0
AA-AA-000-0000,kri0003,148,9,1411,0.00637845499645641,0.309790174544605,0
AA-AA-000-0000,kri0003,107,13,2115,0.00614657210401891,0.509467681525097,0
AA-AA-000-0000,kri0003,102,15,2455,0.00610997963340122,0.629181654382605,0
AA-AA-000-0000,kri0003,10,56,13774,0.00406563089879483,0.636659817537911,0
AA-AA-000-0000,kri0003,9,12,1691,0.00709639266706091,0.81868401266025,0
AA-AA-000-0000,kri0003,8,73,18655,0.00391316001072099,0.886095690518249,0
AA-AA-000-0000,kri0003,84,15,2214,0.00677506775067751,0.932128296824202,0
AA-AA-000-0000,kri0003,109,21,3422,0.00613676212741087,1.03315976458341,0
AA-AA-000-0000,kri0003,143,81,20902,0.00387522725098077,1.0357648926414,0
AA-AA-000-0000,kri0003,136,14,1843,0.00759631036353771,1.17176092918326,0
AA-AA-000-0000,kri0003,43,92,24166,0.00380700157245717,1.19342656618578,0
AA-AA-000-0000,kri0003,7,39,7678,0.00507944777285752,1.19838635807083,0
AA-AA-000-0000,kri0003,3,12,1441,0.00832755031228314,1.22482709882374,0
AA-AA-000-0000,kri0003,50,35,6531,0.00535905680600214,1.26196414726576,0
AA-AA-000-0000,kri0003,182,10,1070,0.00934579439252336,1.2817865325367,0
AA-AA-000-0000,kri0003,175,8,723,0.0110650069156293,1.37584221826503,0
AA-AA-000-0000,kri0003,62,95,24569,0.0038666612397737,1.38681763723116,0
AA-AA-000-0000,kri0003,165,6,441,0.0136054421768707,1.42150957087198,0
AA-AA-000-0000,kri0003,145,2,53,0.0377358490566038,1.47575656961656,0
AA-AA-000-0000,kri0003,54,63,13479,0.00467393723569998,1.69650648660883,0
AA-AA-000-0000,kri0003,26,31,4966,0.00624244865082561,1.70088308958684,0
AA-AA-000-0000,kri0003,55,9,697,0.0129124820659971,1.82490732228313,0
AA-AA-000-0000,kri0003,172,94,22818,0.00411955473748795,1.83190698868265,0
AA-AA-000-0000,kri0003,189,96,23364,0.00410888546481767,1.86861995805045,0
AA-AA-000-0000,kri0003,119,15,1570,0.00955414012738853,1.88416526491096,0
AA-AA-000-0000,kri0003,110,10,804,0.0124378109452736,1.896990274552,0
AA-AA-000-0000,kri0003,153,26,3637,0.00714874896893044,1.90522098514293,0
AA-AA-000-0000,kri0003,96,23,3019,0.00761841669426963,1.91101552409545,0
AA-AA-000-0000,kri0003,116,17,1821,0.00933552992861065,2.02306168498585,0
AA-AA-000-0000,kri0003,31,11,858,0.0128205128205128,2.10347702524258,0
AA-AA-000-0000,kri0003,99,10,703,0.0142247510668563,2.17159490670591,0
AA-AA-000-0000,kri0003,35,29,3921,0.00739607243050242,2.23898469218283,0
AA-AA-000-0000,kri0003,14,11,770,0.0142857142857143,2.33347298581447,0
AA-AA-000-0000,kri0003,104,44,6910,0.00636758321273517,2.51259484584644,0
AA-AA-000-0000,kri0003,45,12,797,0.0150564617314931,2.59562078685775,0
AA-AA-000-0000,kri0003,40,18,1604,0.0112219451371571,2.6408472568606,0
AA-AA-000-0000,kri0003,184,30,3704,0.00809935205183585,2.65254927346843,0
AA-AA-000-0000,kri0003,183,19,1666,0.0114045618247299,2.79470006592188,0
AA-AA-000-0000,kri0003,15,31,3720,0.00833333333333333,2.83370007849439,0
AA-AA-000-0000,kri0003,36,14,883,0.0158550396375991,3.00568033451934,0
AA-AA-000-0000,kri0003,158,13,744,0.0174731182795699,3.07031097193657,0
AA-AA-000-0000,kri0003,63,53,7931,0.00668263775059892,3.22768776891347,0
AA-AA-000-0000,kri0003,135,34,3890,0.00874035989717224,3.23973614219081,0
AA-AA-000-0000,kri0003,179,32,3387,0.0094478889873044,3.38175018990099,0
AA-AA-000-0000,kri0003,140,197,50949,0.00386661170974896,3.80448831928809,0
AA-AA-000-0000,kri0003,34,52,6842,0.00760011692487577,3.81052659227123,0
AA-AA-000-0000,kri0003,101,28,2358,0.0118744698897371,3.83452734943433,0
AA-AA-000-0000,kri0003,89,36,3674,0.00979858464888405,3.83743063947934,0
AA-AA-000-0000,kri0003,25,26,2034,0.0127826941986234,3.87435868673168,0
AA-AA-000-0000,kri0003,185,24,1695,0.0141592920353982,3.97364566598569,0
AA-AA-000-0000,kri0003,73,32,2873,0.0111381830838844,3.98232516769595,0
AA-AA-000-0000,kri0003,53,28,2217,0.0126296797474064,4.0378974915652,0
AA-AA-000-0000,kri0003,11,55,6784,0.00810731132075472,4.30400812163213,0
AA-AA-000-0000,kri0003,67,63,7627,0.00826012849088764,4.86965896905732,0
AA-AA-000-0000,kri0004,173,48,20748,0.00231347599768652,9.32445532007354,2
AA-AA-000-0000,kri0004,118,0,13401,0,-3.4719801595364,0
AA-AA-000-0000,kri0004,149,0,7453,0,-2.75096789983802,0
AA-AA-000-0000,kri0004,94,3,26286,0.000114129194247889,-2.67961067093888,0
AA-AA-000-0000,kri0004,4,0,6566,0,-2.61609093548022,0
AA-AA-000-0000,kri0004,113,0,6174,0,-2.55297342523113,0
AA-AA-000-0000,kri0004,59,0,6053,0,-2.53300436539612,0
AA-AA-000-0000,kri0004,139,7,43704,0.000160168405637928,-2.40003819411865,0
AA-AA-000-0000,kri0004,131,0,5246,0,-2.39321425315228,0
AA-AA-000-0000,kri0004,164,0,5193,0,-2.38359229365896,0
AA-AA-000-0000,kri0004,83,0,4736,0,-2.29805146902064,0
AA-AA-000-0000,kri0004,170,3,21878,0.000137124051558643,-2.2947040123663,0
AA-AA-000-0000,kri0004,29,0,4702,0,-2.29149189315882,0
AA-AA-000-0000,kri0004,121,0,4670,0,-2.28529198466092,0
AA-AA-000-0000,kri0004,167,1,10875,9.19540229885057e-05,-2.22541406290666,0
AA-AA-000-0000,kri0004,23,0,4161,0,-2.18301856812789,0
AA-AA-000-0000,kri0004,85,1,10519,9.50660709192889e-05,-2.17694260728079,0
AA-AA-000-0000,kri0004,147,0,3883,0,-2.12394469919304,0
AA-AA-000-0000,kri0004,58,2,15101,0.000132441560161579,-2.11215883073118,0
AA-AA-000-0000,kri0004,22,0,3570,0,-2.05429368094117,0
AA-AA-000-0000,kri0004,166,2,14349,0.000139382535368318,-2.02408526619368,0
AA-AA-000-0000,kri0004,109,0,3422,0,-2.02007361133554,0
AA-AA-000-0000,kri0004,8,3,18655,0.000160814794961136,-1.97781269859399,0
AA-AA-000-0000,kri0004,27,0,3167,0,-1.95895322392743,0
AA-AA-000-0000,kri0004,96,0,3019,0,-1.92210827861299,0
AA-AA-000-0000,kri0004,144,0,2949,0,-1.90430158649368,0
AA-AA-000-0000,kri0004,106,0,2881,0,-1.8867578015204,0
AA-AA-000-0000,kri0004,64,0,2833,0,-1.87422302822822,0
AA-AA-000-0000,kri0004,47,0,2658,0,-1.82740542997064,0
AA-AA-000-0000,kri0004,51,1,7886,0.000126806999746386,-1.77862658426725,0
AA-AA-000-0000,kri0004,151,0,2480,0,-1.77783616290537,0
AA-AA-000-0000,kri0004,155,1,7803,0.000128155837498398,-1.76469078245941,0
AA-AA-000-0000,kri0004,60,0,2431,0,-1.76381610000843,0
AA-AA-000-0000,kri0004,120,0,2406,0,-1.75659727363204,0
AA-AA-000-0000,kri0004,53,0,2217,0,-1.70049777328924,0
AA-AA-000-0000,kri0004,107,0,2115,0,-1.66901649073035,0
AA-AA-000-0000,kri0004,32,0,2110,0,-1.66744997060007,0
AA-AA-000-0000,kri0004,136,0,1843,0,-1.58030722324182,0
AA-AA-000-0000,kri0004,92,2,10653,0.000187740542570168,-1.53739333727109,0
AA-AA-000-0000,kri0004,112,0,1691,0,-1.52725201417974,0
AA-AA-000-0000,kri0004,150,0,1647,0,-1.51136037854039,0
AA-AA-000-0000,kri0004,40,0,1604,0,-1.49558050669028,0
AA-AA-000-0000,kri0004,119,0,1570,0,-1.48292178983444,0
AA-AA-000-0000,kri0004,146,1,6195,0.000161420500403551,-1.47211702615472,0
AA-AA-000-0000,kri0004,168,0,1528,0,-1.46705407034199,0
AA-AA-000-0000,kri0004,178,0,1511,0,-1.46055664764269,0
AA-AA-000-0000,kri0004,41,0,1507,0,-1.4590214410725,0
AA-AA-000-0000,kri0004,137,1,5984,0.000167112299465241,-1.42999025519864,0
AA-AA-000-0000,kri0004,18,0,1430,0,-1.42897636854822,0
AA-AA-000-0000,kri0004,82,0,1422,0,-1.42579935420903,0
AA-AA-000-0000,kri0004,98,0,1420,0,-1.42500341681408,0
AA-AA-000-0000,kri0004,148,0,1411,0,-1.42141330388837,0
AA-AA-000-0000,kri0004,10,3,13774,0.00021780165529258,-1.41537128849596,0
AA-AA-000-0000,kri0004,77,3,13320,0.000225225225225225,-1.35628714690593,0
AA-AA-000-0000,kri0004,152,1,5572,0.000179468772433597,-1.34469010638977,0
AA-AA-000-0000,kri0004,52,0,1205,0,-1.33514318767198,0
AA-AA-000-0000,kri0004,69,2,9175,0.000217983651226158,-1.3094601189294,0
AA-AA-000-0000,kri0004,62,6,24569,0.000244210183564655,-1.29381911398587,0
AA-AA-000-0000,kri0004,182,0,1070,0,-1.27366370824554,0
AA-AA-000-0000,kri0004,13,1,5129,0.000194969779684149,-1.24796651551252,0
AA-AA-000-0000,kri0004,91,3,12408,0.000241779497098646,-1.23315667848344,0
AA-AA-000-0000,kri0004,86,4,15968,0.000250501002004008,-1.20854671292668,0
AA-AA-000-0000,kri0004,138,1,4913,0.000203541624262162,-1.19869666405854,0
AA-AA-000-0000,kri0004,65,0,885,0,-1.18126502389404,0
AA-AA-000-0000,kri0004,36,0,883,0,-1.18020519411424,0
AA-AA-000-0000,kri0004,110,0,804,0,-1.13712541340615,0
AA-AA-000-0000,kri0004,38,0,798,0,-1.1337510665972,0
AA-AA-000-0000,kri0004,66,0,796,0,-1.13262288452239,0
AA-AA-000-0000,kri0004,87,0,788,0,-1.12809297365748,0
AA-AA-000-0000,kri0004,180,0,780,0,-1.12353523373872,0
AA-AA-000-0000,kri0004,46,0,738,0,-1.09913179179674,0
AA-AA-000-0000,kri0004,171,0,715,0,-1.08541163025695,0
AA-AA-000-0000,kri0004,78,0,715,0,-1.08541163025695,0
AA-AA-000-0000,kri0004,71,2,7865,0.000254291163382073,-1.08475804027142,0
AA-AA-000-0000,kri0004,132,0,713,0,-1.08420606424329,0
AA-AA-000-0000,kri0004,33,0,713,0,-1.08420606424329,0
AA-AA-000-0000,kri0004,6,0,709,0,-1.0817887977243,0
AA-AA-000-0000,kri0004,117,0,706,0,-1.07997044370032,0
AA-AA-000-0000,kri0004,123,0,705,0,-1.07936329010428,0
AA-AA-000-0000,kri0004,99,0,703,0,-1.07814742245773,0
AA-AA-000-0000,kri0004,42,0,702,0,-1.07753870603446,0
AA-AA-000-0000,kri0004,55,0,697,0,-1.07448725006563,0
AA-AA-000-0000,kri0004,187,1,3910,0.000255754475703325,-0.947739647848176,0
AA-AA-000-0000,kri0004,133,1,3881,0.00025766555011595,-0.939845201517982,0
AA-AA-000-0000,kri0004,154,0,475,0,-0.922844551453679,0
AA-AA-000-0000,kri0004,177,1,3792,0.000263713080168776,-0.915356125672221,0
AA-AA-000-0000,kri0004,97,1,3717,0.000269034167339252,-0.894404094956188,0
AA-AA-000-0000,kri0004,11,2,6784,0.000294811320754717,-0.878455128968243,0
AA-AA-000-0000,kri0004,76,3,9840,0.000304878048780488,-0.847815129382444,0
AA-AA-000-0000,kri0004,141,3,9602,0.000312434909393876,-0.808601372034426,0
AA-AA-000-0000,kri0004,128,1,3213,0.000311235605353252,-0.745270609764354,0
AA-AA-000-0000,kri0004,190,2,5226,0.000382701875239189,-0.535110958660127,0
AA-AA-000-0000,kri0004,102,1,2455,0.000407331975560081,-0.485981884512377,0
AA-AA-000-0000,kri0004,163,1,2387,0.000418935902806871,-0.460049295540037,0
AA-AA-000-0000,kri0004,134,2,4824,0.000414593698175788,-0.434747744404458,0
AA-AA-000-0000,kri0004,81,1,2292,0.00043630017452007,-0.422917577385169,0
AA-AA-000-0000,kri0004,19,1,2209,0.000452693526482571,-0.389560133644319,0
AA-AA-000-0000,kri0004,181,1,2183,0.000458085203847916,-0.37892557889278,0
AA-AA-000-0000,kri0004,115,1,1757,0.000569151963574274,-0.190004647734748,0
AA-AA-000-0000,kri0004,35,2,3921,0.000510073960724305,-0.184940100389618,0
AA-AA-000-0000,kri0004,185,1,1695,0.000589970501474926,-0.159813383679302,0
AA-AA-000-0000,kri0004,127,2,3779,0.000529240539825351,-0.141937599854651,0
AA-AA-000-0000,kri0004,15,2,3720,0.000537634408602151,-0.123722636232316,0
AA-AA-000-0000,kri0004,140,17,50949,0.000333667000333667,-0.0942751435862591,0
AA-AA-000-0000,kri0004,16,1,1536,0.000651041666666667,-0.078523382370319,0
AA-AA-000-0000,kri0004,129,1,1493,0.000669792364367046,-0.0554873165758774,0
AA-AA-000-0000,kri0004,30,3,5749,0.000521829883457993,-0.0455197570248086,0
AA-AA-000-0000,kri0004,100,1,1425,0.000701754385964912,-0.0180443809671484,0
AA-AA-000-0000,kri0004,57,1,1413,0.000707714083510262,-0.0113012970372239,0
AA-AA-000-0000,kri0004,160,3,5547,0.000540832882639265,0.00383592254422212,0
AA-AA-000-0000,kri0004,39,2,3119,0.000641231163834562,0.075119743429536,0
AA-AA-000-0000,kri0004,43,10,24166,0.000413804518745345,0.12076160038885,0
AA-AA-000-0000,kri0004,189,10,23364,0.000428008902585174,0.204004263930555,0
AA-AA-000-0000,kri0004,124,2,2751,0.000727008360596147,0.211279885705506,0
AA-AA-000-0000,kri0004,61,7,13980,0.00050071530758226,0.301199235990336,0
AA-AA-000-0000,kri0004,161,2,2413,0.000828843762950684,0.348831302996423,0
AA-AA-000-0000,kri0004,101,2,2358,0.000848176420695505,0.372553352941535,0
AA-AA-000-0000,kri0004,45,1,797,0.00125470514429109,0.41263886311272,0
AA-AA-000-0000,kri0004,126,1,792,0.00126262626262626,0.416967221158327,0
AA-AA-000-0000,kri0004,14,1,770,0.0012987012987013,0.436261062891822,0
AA-AA-000-0000,kri0004,84,2,2214,0.000903342366757001,0.436685791137456,0
AA-AA-000-0000,kri0004,174,3,3944,0.000760649087221095,0.452027605835392,0
AA-AA-000-0000,kri0004,70,2,2146,0.000931966449207829,0.468062661178603,0
AA-AA-000-0000,kri0004,143,10,20902,0.000478423117405033,0.473507350780824,0
AA-AA-000-0000,kri0004,12,1,723,0.00138312586445367,0.478921085322555,0
AA-AA-000-0000,kri0004,175,1,723,0.00138312586445367,0.478921085322555,0
AA-AA-000-0000,kri0004,188,2,2117,0.000944733112895607,0.481671369238773,0
AA-AA-000-0000,kri0004,130,2,2040,0.000980392156862745,0.518497797131138,0
AA-AA-000-0000,kri0004,25,2,2034,0.000983284169124877,0.521411052480034,0
AA-AA-000-0000,kri0004,184,3,3704,0.000809935205183585,0.530354569931614,0
AA-AA-000-0000,kri0004,153,3,3637,0.000824855650261204,0.552898089511821,0
AA-AA-000-0000,kri0004,67,5,7627,0.000655565753245051,0.55799459011536,0
AA-AA-000-0000,kri0004,172,11,22818,0.000482075554386888,0.577375824462799,0
AA-AA-000-0000,kri0004,48,1,595,0.00168067226890756,0.606893942254105,0
AA-AA-000-0000,kri0004,116,2,1821,0.00109829763866008,0.629305528629668,0
AA-AA-000-0000,kri0004,179,3,3387,0.000885739592559787,0.639874050857544,0
AA-AA-000-0000,kri0004,103,3,3256,0.000921375921375921,0.687394001800029,0
AA-AA-000-0000,kri0004,9,2,1691,0.00118273211117682,0.699939817626037,0
AA-AA-000-0000,kri0004,183,2,1666,0.00120048019207683,0.713992559026807,0
AA-AA-000-0000,kri0004,165,1,441,0.00226757369614512,0.792615420499173,0
AA-AA-000-0000,kri0004,50,5,6531,0.000765579543714592,0.805980774894305,0
AA-AA-000-0000,kri0004,142,3,2831,0.00105969622041681,0.852251639591061,0
AA-AA-000-0000,kri0004,63,6,7931,0.000756525028369689,0.943705608935217,0
AA-AA-000-0000,kri0004,17,7,9809,0.000713630339484147,0.985684911746571,0
AA-AA-000-0000,kri0004,135,4,3890,0.00102827763496144,1.04369099093347,0
AA-AA-000-0000,kri0004,28,3,2286,0.00131233595800525,1.09383190784332,0
AA-AA-000-0000,kri0004,105,3,2285,0.0013129102844639,1.0943138712291,0
AA-AA-000-0000,kri0004,54,9,13479,0.000667705319385711,1.11534048456136,0
AA-AA-000-0000,kri0004,122,6,6948,0.000863557858376511,1.16537608963085,0
AA-AA-000-0000,kri0004,44,4,3534,0.00113186191284663,1.16930568478402,0
AA-AA-000-0000,kri0004,31,2,858,0.00233100233100233,1.29318572906973,0
AA-AA-000-0000,kri0004,56,12,19049,0.000629954328311197,1.32814291995968,0
AA-AA-000-0000,kri0004,72,2,744,0.00268817204301075,1.40683705133255,0
AA-AA-000-0000,kri0004,49,4,2884,0.0013869625520111,1.42617083684169,0
AA-AA-000-0000,kri0004,111,3,1633,0.00183710961420698,1.45047124913099,0
AA-AA-000-0000,kri0004,159,2,629,0.00317965023847377,1.53637730654319,0
AA-AA-000-0000,kri0004,3,3,1441,0.00208188757807078,1.57638879716033,0
AA-AA-000-0000,kri0004,162,3,1430,0.0020979020979021,1.5839917727587,0
AA-AA-000-0000,kri0004,5,18,31992,0.000562640660165041,1.60455963015065,0
AA-AA-000-0000,kri0004,104,7,6910,0.00101302460202605,1.60605099091383,0
AA-AA-000-0000,kri0004,156,7,6832,0.00102459016393443,1.62529958077072,0
AA-AA-000-0000,kri0004,176,5,3536,0.00141402714932127,1.70039428932058,0
AA-AA-000-0000,kri0004,145,1,53,0.0188679245283019,1.82679303150521,0
AA-AA-000-0000,kri0004,73,5,2873,0.00174034110685694,1.97553183905626,0
AA-AA-000-0000,kri0004,68,5,2852,0.0017531556802244,1.98502419844591,0
AA-AA-000-0000,kri0004,89,6,3674,0.00163309744148068,2.14113780491614,0
AA-AA-000-0000,kri0004,158,3,744,0.00403225806451613,2.18943772831748,0
AA-AA-000-0000,kri0004,80,7,4575,0.00153005464480874,2.27406418278063,0
AA-AA-000-0000,kri0004,157,8,5594,0.00143010368251698,2.3766645832736,0
AA-AA-000-0000,kri0004,34,10,6842,0.00146156094709149,2.80449474695112,0
AA-AA-000-0000,kri0004,20,4,720,0.00555555555555556,2.90939829656874,0
AA-AA-000-0000,kri0004,26,9,4966,0.0018123238018526,2.97971636713151,0
AA-AA-000-0000,kri0004,114,10,4976,0.0020096463022508,3.36749109456253,0
AA-AA-000-0000,kri0004,75,14,7957,0.00175945708181475,3.89226160586713,0
AA-AA-000-0000,kri0004,7,14,7678,0.00182339150820526,3.96486030481475,0
AA-AA-000-0000,kri0004,186,11,3396,0.00323910482921084,4.38796718321644,0
