studyid,workflowid,param,value,gsm_analysis_date,snapshot_date
AA-AA-000-0000,qtl0004,LowCI,4.13679382654082e-05,2022-11-18,2003-12-01
AA-AA-000-0000,qtl0004,UpCI,0.00123393469986746,2022-11-18,2003-12-01
AA-AA-000-0000,qtl0004,Score,4.13679382654082e-05,2022-11-18,2003-12-01
AA-AA-000-0000,qtl0006,LowCI,0,2022-11-18,2003-12-01
AA-AA-000-0000,qtl0006,UpCI,0.4592581264399,2022-11-18,2003-12-01
AA-AA-000-0000,qtl0006,Score,0,2022-11-18,2003-12-01
AA-AA-000-0000,qtl0004,LowCI,0.000254207986742747,2022-11-18,2004-03-01
AA-AA-000-0000,qtl0004,UpCI,0.00105533408187159,2022-11-18,2004-03-01
AA-AA-000-0000,qtl0004,Score,0.000254207986742747,2022-11-18,2004-03-01
AA-AA-000-0000,qtl0006,LowCI,0.00133162880417942,2022-11-18,2004-03-01
AA-AA-000-0000,qtl0006,UpCI,0.260280654195214,2022-11-18,2004-03-01
AA-AA-000-0000,qtl0006,Score,0.00133162880417942,2022-11-18,2004-03-01
AA-AA-000-0000,qtl0004,LowCI,0.000370793079351806,2022-11-18,2004-06-01
AA-AA-000-0000,qtl0004,UpCI,0.000937517160975949,2022-11-18,2004-06-01
AA-AA-000-0000,qtl0004,Score,0.000370793079351806,2022-11-18,2004-06-01
AA-AA-000-0000,qtl0006,LowCI,0.000632744932049419,2022-11-18,2004-06-01
AA-AA-000-0000,qtl0006,UpCI,0.131585858482766,2022-11-18,2004-06-01
AA-AA-000-0000,qtl0006,Score,0.000632744932049419,2022-11-18,2004-06-01
AA-AA-000-0000,qtl0004,LowCI,0.000811565842713719,2022-11-18,2004-09-01
AA-AA-000-0000,qtl0004,UpCI,0.00136287355054155,2022-11-18,2004-09-01
AA-AA-000-0000,qtl0004,Score,0.000811565842713719,2022-11-18,2004-09-01
AA-AA-000-0000,qtl0006,LowCI,0.00324593092896603,2022-11-18,2004-09-01
AA-AA-000-0000,qtl0006,UpCI,0.0930315322207255,2022-11-18,2004-09-01
AA-AA-000-0000,qtl0006,Score,0.00324593092896603,2022-11-18,2004-09-01
AA-AA-000-0000,qtl0004,LowCI,0.00126044105916042,2022-11-18,2004-12-01
AA-AA-000-0000,qtl0004,UpCI,0.00188416770653777,2022-11-18,2004-12-01
AA-AA-000-0000,qtl0004,Score,0.00126044105916042,2022-11-18,2004-12-01
AA-AA-000-0000,qtl0006,LowCI,0.00725245642830306,2022-11-18,2004-12-01
AA-AA-000-0000,qtl0006,UpCI,0.0985761639885322,2022-11-18,2004-12-01
AA-AA-000-0000,qtl0006,Score,0.00725245642830306,2022-11-18,2004-12-01
AA-AA-000-0000,qtl0004,LowCI,0.00145963534551328,2022-11-18,2005-03-01
AA-AA-000-0000,qtl0004,UpCI,0.00206879215505263,2022-11-18,2005-03-01
AA-AA-000-0000,qtl0004,Score,0.00145963534551328,2022-11-18,2005-03-01
AA-AA-000-0000,qtl0006,LowCI,0.0062299715383064,2022-11-18,2005-03-01
AA-AA-000-0000,qtl0006,UpCI,0.08517605297428,2022-11-18,2005-03-01
AA-AA-000-0000,qtl0006,Score,0.0062299715383064,2022-11-18,2005-03-01
AA-AA-000-0000,qtl0004,LowCI,0.0016127174822622,2022-11-18,2005-06-01
AA-AA-000-0000,qtl0004,UpCI,0.00215961266516247,2022-11-18,2005-06-01
AA-AA-000-0000,qtl0004,Score,0.0016127174822622,2022-11-18,2005-06-01
AA-AA-000-0000,qtl0006,LowCI,0.00478453632438639,2022-11-18,2005-06-01
AA-AA-000-0000,qtl0006,UpCI,0.0659589749998664,2022-11-18,2005-06-01
AA-AA-000-0000,qtl0006,Score,0.00478453632438639,2022-11-18,2005-06-01
AA-AA-000-0000,qtl0004,LowCI,0.00177501832790621,2022-11-18,2005-09-01
AA-AA-000-0000,qtl0004,UpCI,0.00228007958680988,2022-11-18,2005-09-01
AA-AA-000-0000,qtl0004,Score,0.00177501832790621,2022-11-18,2005-09-01
AA-AA-000-0000,qtl0006,LowCI,0.00979151854400054,2022-11-18,2005-09-01
AA-AA-000-0000,qtl0006,UpCI,0.0684843673677633,2022-11-18,2005-09-01
AA-AA-000-0000,qtl0006,Score,0.00979151854400054,2022-11-18,2005-09-01
AA-AA-000-0000,qtl0004,LowCI,0.00213711422426165,2022-11-18,2005-12-01
AA-AA-000-0000,qtl0004,UpCI,0.00266165630871494,2022-11-18,2005-12-01
AA-AA-000-0000,qtl0004,Score,0.00213711422426165,2022-11-18,2005-12-01
AA-AA-000-0000,qtl0006,LowCI,0.0190595989786866,2022-11-18,2005-12-01
AA-AA-000-0000,qtl0006,UpCI,0.0843179875655525,2022-11-18,2005-12-01
AA-AA-000-0000,qtl0006,Score,0.0190595989786866,2022-11-18,2005-12-01
AA-AA-000-0000,qtl0004,LowCI,0.00249950208098889,2022-11-18,2006-03-01
AA-AA-000-0000,qtl0004,UpCI,0.00304007200994898,2022-11-18,2006-03-01
AA-AA-000-0000,qtl0004,Score,0.00249950208098889,2022-11-18,2006-03-01
AA-AA-000-0000,qtl0006,LowCI,0.0246072740843579,2022-11-18,2006-03-01
AA-AA-000-0000,qtl0006,UpCI,0.0913688329910477,2022-11-18,2006-03-01
AA-AA-000-0000,qtl0006,Score,0.0246072740843579,2022-11-18,2006-03-01
AA-AA-000-0000,qtl0004,LowCI,0.00254411643905285,2022-11-18,2006-06-01
AA-AA-000-0000,qtl0004,UpCI,0.00304833698453293,2022-11-18,2006-06-01
AA-AA-000-0000,qtl0004,Score,0.00254411643905285,2022-11-18,2006-06-01
AA-AA-000-0000,qtl0006,LowCI,0.0277337707600657,2022-11-18,2006-06-01
AA-AA-000-0000,qtl0006,UpCI,0.0909128957804014,2022-11-18,2006-06-01
AA-AA-000-0000,qtl0006,Score,0.0277337707600657,2022-11-18,2006-06-01
AA-AA-000-0000,qtl0004,LowCI,0.00264752357044396,2022-11-18,2006-09-01
AA-AA-000-0000,qtl0004,UpCI,0.00313293974333144,2022-11-18,2006-09-01
AA-AA-000-0000,qtl0004,Score,0.00264752357044396,2022-11-18,2006-09-01
AA-AA-000-0000,qtl0006,LowCI,0.0335595678791628,2022-11-18,2006-09-01
AA-AA-000-0000,qtl0006,UpCI,0.0959028645962832,2022-11-18,2006-09-01
AA-AA-000-0000,qtl0006,Score,0.0335595678791628,2022-11-18,2006-09-01
AA-AA-000-0000,qtl0004,LowCI,0.00272822867826876,2022-11-18,2006-12-01
AA-AA-000-0000,qtl0004,UpCI,0.00319978558136851,2022-11-18,2006-12-01
AA-AA-000-0000,qtl0004,Score,0.00272822867826876,2022-11-18,2006-12-01
AA-AA-000-0000,qtl0006,LowCI,0.0334949338064855,2022-11-18,2006-12-01
AA-AA-000-0000,qtl0006,UpCI,0.0924359083539014,2022-11-18,2006-12-01
AA-AA-000-0000,qtl0006,Score,0.0334949338064855,2022-11-18,2006-12-01
AA-AA-000-0000,qtl0004,LowCI,0.00287661947422466,2022-11-18,2007-03-01
AA-AA-000-0000,qtl0004,UpCI,0.00334740008091469,2022-11-18,2007-03-01
AA-AA-000-0000,qtl0004,Score,0.00287661947422466,2022-11-18,2007-03-01
AA-AA-000-0000,qtl0006,LowCI,0.0401836274970258,2022-11-18,2007-03-01
AA-AA-000-0000,qtl0006,UpCI,0.10110875261791,2022-11-18,2007-03-01
AA-AA-000-0000,qtl0006,Score,0.0401836274970258,2022-11-18,2007-03-01
AA-AA-000-0000,qtl0004,LowCI,0.00286110246865917,2022-11-18,2007-06-01
AA-AA-000-0000,qtl0004,UpCI,0.00331002686070508,2022-11-18,2007-06-01
AA-AA-000-0000,qtl0004,Score,0.00286110246865917,2022-11-18,2007-06-01
AA-AA-000-0000,qtl0006,LowCI,0.0370588422776686,2022-11-18,2007-06-01
AA-AA-000-0000,qtl0006,UpCI,0.093467590275278,2022-11-18,2007-06-01
AA-AA-000-0000,qtl0006,Score,0.0370588422776686,2022-11-18,2007-06-01
AA-AA-000-0000,qtl0004,LowCI,0.00270448261985872,2022-11-18,2007-09-01
AA-AA-000-0000,qtl0004,UpCI,0.00311372981632687,2022-11-18,2007-09-01
AA-AA-000-0000,qtl0004,Score,0.00270448261985872,2022-11-18,2007-09-01
AA-AA-000-0000,qtl0006,LowCI,0.0370926397872731,2022-11-18,2007-09-01
AA-AA-000-0000,qtl0006,UpCI,0.0892529854381312,2022-11-18,2007-09-01
AA-AA-000-0000,qtl0006,Score,0.0370926397872731,2022-11-18,2007-09-01
AA-AA-000-0000,qtl0004,LowCI,0.00284383784448239,2022-11-18,2007-12-01
AA-AA-000-0000,qtl0004,UpCI,0.00325407053500567,2022-11-18,2007-12-01
AA-AA-000-0000,qtl0004,Score,0.00284383784448239,2022-11-18,2007-12-01
AA-AA-000-0000,qtl0006,LowCI,0.0398099435879483,2022-11-18,2007-12-01
AA-AA-000-0000,qtl0006,UpCI,0.0918162565083142,2022-11-18,2007-12-01
AA-AA-000-0000,qtl0006,Score,0.0398099435879483,2022-11-18,2007-12-01
AA-AA-000-0000,qtl0004,LowCI,0.00299742501516252,2022-11-18,2008-03-01
AA-AA-000-0000,qtl0004,UpCI,0.00341344162665585,2022-11-18,2008-03-01
AA-AA-000-0000,qtl0004,Score,0.00299742501516252,2022-11-18,2008-03-01
AA-AA-000-0000,qtl0006,LowCI,0.0411006158572428,2022-11-18,2008-03-01
AA-AA-000-0000,qtl0006,UpCI,0.093000658875175,2022-11-18,2008-03-01
AA-AA-000-0000,qtl0006,Score,0.0411006158572428,2022-11-18,2008-03-01
AA-AA-000-0000,qtl0004,LowCI,0.00301892391742595,2022-11-18,2008-06-01
AA-AA-000-0000,qtl0004,UpCI,0.00342010371300529,2022-11-18,2008-06-01
AA-AA-000-0000,qtl0004,Score,0.00301892391742595,2022-11-18,2008-06-01
AA-AA-000-0000,qtl0006,LowCI,0.0380492536653947,2022-11-18,2008-06-01
AA-AA-000-0000,qtl0006,UpCI,0.0862630266846576,2022-11-18,2008-06-01
AA-AA-000-0000,qtl0006,Score,0.0380492536653947,2022-11-18,2008-06-01
AA-AA-000-0000,qtl0004,LowCI,0.00298587024753127,2022-11-18,2008-09-01
AA-AA-000-0000,qtl0004,UpCI,0.00336972931674863,2022-11-18,2008-09-01
AA-AA-000-0000,qtl0004,Score,0.00298587024753127,2022-11-18,2008-09-01
AA-AA-000-0000,qtl0006,LowCI,0.0371035158294284,2022-11-18,2008-09-01
AA-AA-000-0000,qtl0006,UpCI,0.0827349326781089,2022-11-18,2008-09-01
AA-AA-000-0000,qtl0006,Score,0.0371035158294284,2022-11-18,2008-09-01
AA-AA-000-0000,qtl0004,LowCI,0.00304485865270115,2022-11-18,2008-12-01
AA-AA-000-0000,qtl0004,UpCI,0.00342323228651675,2022-11-18,2008-12-01
AA-AA-000-0000,qtl0004,Score,0.00304485865270115,2022-11-18,2008-12-01
AA-AA-000-0000,qtl0006,LowCI,0.0353212338168075,2022-11-18,2008-12-01
AA-AA-000-0000,qtl0006,UpCI,0.0788471067531206,2022-11-18,2008-12-01
AA-AA-000-0000,qtl0006,Score,0.0353212338168075,2022-11-18,2008-12-01
AA-AA-000-0000,qtl0004,LowCI,0.00311343728793623,2022-11-18,2009-03-01
AA-AA-000-0000,qtl0004,UpCI,0.00349087430168744,2022-11-18,2009-03-01
AA-AA-000-0000,qtl0004,Score,0.00311343728793623,2022-11-18,2009-03-01
AA-AA-000-0000,qtl0006,LowCI,0.0361405468551382,2022-11-18,2009-03-01
AA-AA-000-0000,qtl0006,UpCI,0.0793410867079537,2022-11-18,2009-03-01
AA-AA-000-0000,qtl0006,Score,0.0361405468551382,2022-11-18,2009-03-01
AA-AA-000-0000,qtl0004,LowCI,0.00311883815266893,2022-11-18,2009-06-01
AA-AA-000-0000,qtl0004,UpCI,0.00348513990492601,2022-11-18,2009-06-01
AA-AA-000-0000,qtl0004,Score,0.00311883815266893,2022-11-18,2009-06-01
AA-AA-000-0000,qtl0006,LowCI,0.0341767796647868,2022-11-18,2009-06-01
AA-AA-000-0000,qtl0006,UpCI,0.0751179911318423,2022-11-18,2009-06-01
AA-AA-000-0000,qtl0006,Score,0.0341767796647868,2022-11-18,2009-06-01
AA-AA-000-0000,qtl0004,LowCI,0.00314607778682054,2022-11-18,2009-09-01
AA-AA-000-0000,qtl0004,UpCI,0.00350414479084735,2022-11-18,2009-09-01
AA-AA-000-0000,qtl0004,Score,0.00314607778682054,2022-11-18,2009-09-01
AA-AA-000-0000,qtl0006,LowCI,0.032292166778335,2022-11-18,2009-09-01
AA-AA-000-0000,qtl0006,UpCI,0.0710556539274166,2022-11-18,2009-09-01
AA-AA-000-0000,qtl0006,Score,0.032292166778335,2022-11-18,2009-09-01
AA-AA-000-0000,qtl0004,LowCI,0.00321275601667135,2022-11-18,2009-12-01
AA-AA-000-0000,qtl0004,UpCI,0.00356893821321672,2022-11-18,2009-12-01
AA-AA-000-0000,qtl0004,Score,0.00321275601667135,2022-11-18,2009-12-01
AA-AA-000-0000,qtl0006,LowCI,0.0343434679854775,2022-11-18,2009-12-01
AA-AA-000-0000,qtl0006,UpCI,0.0732666401739512,2022-11-18,2009-12-01
AA-AA-000-0000,qtl0006,Score,0.0343434679854775,2022-11-18,2009-12-01
AA-AA-000-0000,qtl0004,LowCI,0.00329878218156966,2022-11-18,2010-03-01
AA-AA-000-0000,qtl0004,UpCI,0.00365408135152552,2022-11-18,2010-03-01
AA-AA-000-0000,qtl0004,Score,0.00329878218156966,2022-11-18,2010-03-01
AA-AA-000-0000,qtl0006,LowCI,0.0349524096264784,2022-11-18,2010-03-01
AA-AA-000-0000,qtl0006,UpCI,0.0735288517069084,2022-11-18,2010-03-01
AA-AA-000-0000,qtl0006,Score,0.0349524096264784,2022-11-18,2010-03-01
AA-AA-000-0000,qtl0004,LowCI,0.00324739550852066,2022-11-18,2010-06-01
AA-AA-000-0000,qtl0004,UpCI,0.00359003655898021,2022-11-18,2010-06-01
AA-AA-000-0000,qtl0004,Score,0.00324739550852066,2022-11-18,2010-06-01
AA-AA-000-0000,qtl0006,LowCI,0.0388102559465346,2022-11-18,2010-06-01
AA-AA-000-0000,qtl0006,UpCI,0.0776560094255497,2022-11-18,2010-06-01
AA-AA-000-0000,qtl0006,Score,0.0388102559465346,2022-11-18,2010-06-01
AA-AA-000-0000,qtl0004,LowCI,0.00322872204111906,2022-11-18,2010-09-01
AA-AA-000-0000,qtl0004,UpCI,0.00355968334625252,2022-11-18,2010-09-01
AA-AA-000-0000,qtl0004,Score,0.00322872204111906,2022-11-18,2010-09-01
AA-AA-000-0000,qtl0006,LowCI,0.036211549513671,2022-11-18,2010-09-01
AA-AA-000-0000,qtl0006,UpCI,0.0725510821253848,2022-11-18,2010-09-01
AA-AA-000-0000,qtl0006,Score,0.036211549513671,2022-11-18,2010-09-01
AA-AA-000-0000,qtl0004,LowCI,0.0032712201567838,2022-11-18,2010-12-01
AA-AA-000-0000,qtl0004,UpCI,0.0035990941720304,2022-11-18,2010-12-01
AA-AA-000-0000,qtl0004,Score,0.0032712201567838,2022-11-18,2010-12-01
AA-AA-000-0000,qtl0006,LowCI,0.0376720005420785,2022-11-18,2010-12-01
AA-AA-000-0000,qtl0006,UpCI,0.0738695476983879,2022-11-18,2010-12-01
AA-AA-000-0000,qtl0006,Score,0.0376720005420785,2022-11-18,2010-12-01
AA-AA-000-0000,qtl0004,LowCI,0.00338961845101421,2022-11-18,2011-03-01
AA-AA-000-0000,qtl0004,UpCI,0.00372017420737254,2022-11-18,2011-03-01
AA-AA-000-0000,qtl0004,Score,0.00338961845101421,2022-11-18,2011-03-01
AA-AA-000-0000,qtl0006,LowCI,0.0383162608247175,2022-11-18,2011-03-01
AA-AA-000-0000,qtl0006,UpCI,0.074382802492862,2022-11-18,2011-03-01
AA-AA-000-0000,qtl0006,Score,0.0383162608247175,2022-11-18,2011-03-01
AA-AA-000-0000,qtl0004,LowCI,0.00339233744135049,2022-11-18,2011-06-01
AA-AA-000-0000,qtl0004,UpCI,0.00371748347476555,2022-11-18,2011-06-01
AA-AA-000-0000,qtl0004,Score,0.00339233744135049,2022-11-18,2011-06-01
AA-AA-000-0000,qtl0006,LowCI,0.0395524539256524,2022-11-18,2011-06-01
AA-AA-000-0000,qtl0006,UpCI,0.0753509757184396,2022-11-18,2011-06-01
AA-AA-000-0000,qtl0006,Score,0.0395524539256524,2022-11-18,2011-06-01
AA-AA-000-0000,qtl0004,LowCI,0.00332183917901195,2022-11-18,2011-09-01
AA-AA-000-0000,qtl0004,UpCI,0.00363571946769569,2022-11-18,2011-09-01
AA-AA-000-0000,qtl0004,Score,0.00332183917901195,2022-11-18,2011-09-01
AA-AA-000-0000,qtl0006,LowCI,0.0409413929808086,2022-11-18,2011-09-01
AA-AA-000-0000,qtl0006,UpCI,0.0760435771815352,2022-11-18,2011-09-01
AA-AA-000-0000,qtl0006,Score,0.0409413929808086,2022-11-18,2011-09-01
AA-AA-000-0000,qtl0004,LowCI,0.00339831420746694,2022-11-18,2011-12-01
AA-AA-000-0000,qtl0004,UpCI,0.00371001313042658,2022-11-18,2011-12-01
AA-AA-000-0000,qtl0004,Score,0.00339831420746694,2022-11-18,2011-12-01
AA-AA-000-0000,qtl0006,LowCI,0.0428896063076881,2022-11-18,2011-12-01
AA-AA-000-0000,qtl0006,UpCI,0.077857374811114,2022-11-18,2011-12-01
AA-AA-000-0000,qtl0006,Score,0.0428896063076881,2022-11-18,2011-12-01
AA-AA-000-0000,qtl0004,LowCI,0.00347869617777335,2022-11-18,2012-03-01
AA-AA-000-0000,qtl0004,UpCI,0.00379108757298871,2022-11-18,2012-03-01
AA-AA-000-0000,qtl0004,Score,0.00347869617777335,2022-11-18,2012-03-01
AA-AA-000-0000,qtl0006,LowCI,0.0443559167927504,2022-11-18,2012-03-01
AA-AA-000-0000,qtl0006,UpCI,0.0793944536586082,2022-11-18,2012-03-01
AA-AA-000-0000,qtl0006,Score,0.0443559167927504,2022-11-18,2012-03-01
AA-AA-000-0000,qtl0004,LowCI,0.00350550313580221,2022-11-18,2012-06-01
AA-AA-000-0000,qtl0004,UpCI,0.00381360022381363,2022-11-18,2012-06-01
AA-AA-000-0000,qtl0004,Score,0.00350550313580221,2022-11-18,2012-06-01
AA-AA-000-0000,qtl0006,LowCI,0.0517636414993364,2022-11-18,2012-06-01
AA-AA-000-0000,qtl0006,UpCI,0.0882495242566568,2022-11-18,2012-06-01
AA-AA-000-0000,qtl0006,Score,0.0517636414993364,2022-11-18,2012-06-01
AA-AA-000-0000,qtl0004,LowCI,0.00349026954724806,2022-11-18,2012-09-01
AA-AA-000-0000,qtl0004,UpCI,0.00379103480471152,2022-11-18,2012-09-01
AA-AA-000-0000,qtl0004,Score,0.00349026954724806,2022-11-18,2012-09-01
AA-AA-000-0000,qtl0006,LowCI,0.0516157190860363,2022-11-18,2012-09-01
AA-AA-000-0000,qtl0006,UpCI,0.0871396150640034,2022-11-18,2012-09-01
AA-AA-000-0000,qtl0006,Score,0.0516157190860363,2022-11-18,2012-09-01
AA-AA-000-0000,qtl0004,LowCI,0.00353518954215594,2022-11-18,2012-12-01
AA-AA-000-0000,qtl0004,UpCI,0.00383402663933404,2022-11-18,2012-12-01
AA-AA-000-0000,qtl0004,Score,0.00353518954215594,2022-11-18,2012-12-01
AA-AA-000-0000,qtl0006,LowCI,0.052404588584379,2022-11-18,2012-12-01
AA-AA-000-0000,qtl0006,UpCI,0.0876261220692829,2022-11-18,2012-12-01
AA-AA-000-0000,qtl0006,Score,0.052404588584379,2022-11-18,2012-12-01
AA-AA-000-0000,qtl0004,LowCI,0.00360660093975919,2022-11-18,2013-03-01
AA-AA-000-0000,qtl0004,UpCI,0.00390607157226951,2022-11-18,2013-03-01
AA-AA-000-0000,qtl0004,Score,0.00360660093975919,2022-11-18,2013-03-01
AA-AA-000-0000,qtl0006,LowCI,0.0526935338537967,2022-11-18,2013-03-01
AA-AA-000-0000,qtl0006,UpCI,0.0877068171183424,2022-11-18,2013-03-01
AA-AA-000-0000,qtl0006,Score,0.0526935338537967,2022-11-18,2013-03-01
AA-AA-000-0000,qtl0004,LowCI,0.00359377198878454,2022-11-18,2013-06-01
AA-AA-000-0000,qtl0004,UpCI,0.00388792046002803,2022-11-18,2013-06-01
AA-AA-000-0000,qtl0004,Score,0.00359377198878454,2022-11-18,2013-06-01
AA-AA-000-0000,qtl0006,LowCI,0.0520127271339077,2022-11-18,2013-06-01
AA-AA-000-0000,qtl0006,UpCI,0.0862165316080094,2022-11-18,2013-06-01
AA-AA-000-0000,qtl0006,Score,0.0520127271339077,2022-11-18,2013-06-01
AA-AA-000-0000,qtl0004,LowCI,0.0035395012420643,2022-11-18,2013-09-01
AA-AA-000-0000,qtl0004,UpCI,0.00382518703587697,2022-11-18,2013-09-01
AA-AA-000-0000,qtl0004,Score,0.0035395012420643,2022-11-18,2013-09-01
AA-AA-000-0000,qtl0006,LowCI,0.0517155182712673,2022-11-18,2013-09-01
AA-AA-000-0000,qtl0006,UpCI,0.0850143881576748,2022-11-18,2013-09-01
AA-AA-000-0000,qtl0006,Score,0.0517155182712673,2022-11-18,2013-09-01
AA-AA-000-0000,qtl0004,LowCI,0.00360570224774445,2022-11-18,2013-12-01
AA-AA-000-0000,qtl0004,UpCI,0.00389195268275213,2022-11-18,2013-12-01
AA-AA-000-0000,qtl0004,Score,0.00360570224774445,2022-11-18,2013-12-01
AA-AA-000-0000,qtl0006,LowCI,0.0509395577539731,2022-11-18,2013-12-01
AA-AA-000-0000,qtl0006,UpCI,0.0837603484775963,2022-11-18,2013-12-01
AA-AA-000-0000,qtl0006,Score,0.0509395577539731,2022-11-18,2013-12-01
AA-AA-000-0000,qtl0004,LowCI,0.00363183370520395,2022-11-18,2014-03-01
AA-AA-000-0000,qtl0004,UpCI,0.003916548208386,2022-11-18,2014-03-01
AA-AA-000-0000,qtl0004,Score,0.00363183370520395,2022-11-18,2014-03-01
AA-AA-000-0000,qtl0006,LowCI,0.0500807811973283,2022-11-18,2014-03-01
AA-AA-000-0000,qtl0006,UpCI,0.0823717025124565,2022-11-18,2014-03-01
AA-AA-000-0000,qtl0006,Score,0.0500807811973283,2022-11-18,2014-03-01
AA-AA-000-0000,qtl0004,LowCI,0.00364376765033352,2022-11-18,2014-06-01
AA-AA-000-0000,qtl0004,UpCI,0.00392571557323245,2022-11-18,2014-06-01
AA-AA-000-0000,qtl0004,Score,0.00364376765033352,2022-11-18,2014-06-01
AA-AA-000-0000,qtl0006,LowCI,0.0507577014472024,2022-11-18,2014-06-01
AA-AA-000-0000,qtl0006,UpCI,0.0828000502055756,2022-11-18,2014-06-01
AA-AA-000-0000,qtl0006,Score,0.0507577014472024,2022-11-18,2014-06-01
AA-AA-000-0000,qtl0004,LowCI,0.00362927032296418,2022-11-18,2014-09-01
AA-AA-000-0000,qtl0004,UpCI,0.00390604345050377,2022-11-18,2014-09-01
AA-AA-000-0000,qtl0004,Score,0.00362927032296418,2022-11-18,2014-09-01
AA-AA-000-0000,qtl0006,LowCI,0.0517247053531331,2022-11-18,2014-09-01
AA-AA-000-0000,qtl0006,UpCI,0.0834011749503382,2022-11-18,2014-09-01
AA-AA-000-0000,qtl0006,Score,0.0517247053531331,2022-11-18,2014-09-01
AA-AA-000-0000,qtl0004,LowCI,0.00365018802557206,2022-11-18,2014-12-01
AA-AA-000-0000,qtl0004,UpCI,0.00392513488505898,2022-11-18,2014-12-01
AA-AA-000-0000,qtl0004,Score,0.00365018802557206,2022-11-18,2014-12-01
AA-AA-000-0000,qtl0006,LowCI,0.0534109811933447,2022-11-18,2014-12-01
AA-AA-000-0000,qtl0006,UpCI,0.0851698062983183,2022-11-18,2014-12-01
AA-AA-000-0000,qtl0006,Score,0.0534109811933447,2022-11-18,2014-12-01
AA-AA-000-0000,qtl0004,LowCI,0.00367357719234885,2022-11-18,2015-03-01
AA-AA-000-0000,qtl0004,UpCI,0.00394796297032531,2022-11-18,2015-03-01
AA-AA-000-0000,qtl0004,Score,0.00367357719234885,2022-11-18,2015-03-01
AA-AA-000-0000,qtl0006,LowCI,0.0529445346618195,2022-11-18,2015-03-01
AA-AA-000-0000,qtl0006,UpCI,0.0844381049330321,2022-11-18,2015-03-01
AA-AA-000-0000,qtl0006,Score,0.0529445346618195,2022-11-18,2015-03-01
AA-AA-000-0000,qtl0004,LowCI,0.00364889680072655,2022-11-18,2015-06-01
AA-AA-000-0000,qtl0004,UpCI,0.00391812909918592,2022-11-18,2015-06-01
AA-AA-000-0000,qtl0004,Score,0.00364889680072655,2022-11-18,2015-06-01
AA-AA-000-0000,qtl0006,LowCI,0.0530689872266296,2022-11-18,2015-06-01
AA-AA-000-0000,qtl0006,UpCI,0.0840707561066592,2022-11-18,2015-06-01
AA-AA-000-0000,qtl0006,Score,0.0530689872266296,2022-11-18,2015-06-01
AA-AA-000-0000,qtl0004,LowCI,0.00363253658874657,2022-11-18,2015-09-01
AA-AA-000-0000,qtl0004,UpCI,0.00389791179190825,2022-11-18,2015-09-01
AA-AA-000-0000,qtl0004,Score,0.00363253658874657,2022-11-18,2015-09-01
AA-AA-000-0000,qtl0006,LowCI,0.0525200024692797,2022-11-18,2015-09-01
AA-AA-000-0000,qtl0006,UpCI,0.0829463676925252,2022-11-18,2015-09-01
AA-AA-000-0000,qtl0006,Score,0.0525200024692797,2022-11-18,2015-09-01
AA-AA-000-0000,qtl0004,LowCI,0.00365278899180513,2022-11-18,2015-12-01
AA-AA-000-0000,qtl0004,UpCI,0.00391709876047365,2022-11-18,2015-12-01
AA-AA-000-0000,qtl0004,Score,0.00365278899180513,2022-11-18,2015-12-01
AA-AA-000-0000,qtl0006,LowCI,0.0518536141773535,2022-11-18,2015-12-01
AA-AA-000-0000,qtl0006,UpCI,0.0819102470024796,2022-11-18,2015-12-01
AA-AA-000-0000,qtl0006,Score,0.0518536141773535,2022-11-18,2015-12-01
AA-AA-000-0000,qtl0004,LowCI,0.00365951791586538,2022-11-18,2016-03-01
AA-AA-000-0000,qtl0004,UpCI,0.00392196212922222,2022-11-18,2016-03-01
AA-AA-000-0000,qtl0004,Score,0.00365951791586538,2022-11-18,2016-03-01
AA-AA-000-0000,qtl0006,LowCI,0.0511581425998285,2022-11-18,2016-03-01
AA-AA-000-0000,qtl0006,UpCI,0.0808284582261238,2022-11-18,2016-03-01
AA-AA-000-0000,qtl0006,Score,0.0511581425998285,2022-11-18,2016-03-01
AA-AA-000-0000,qtl0004,LowCI,0.00365556357005749,2022-11-18,2016-06-01
AA-AA-000-0000,qtl0004,UpCI,0.00391543504695423,2022-11-18,2016-06-01
AA-AA-000-0000,qtl0004,Score,0.00365556357005749,2022-11-18,2016-06-01
AA-AA-000-0000,qtl0006,LowCI,0.0502593600517853,2022-11-18,2016-06-01
AA-AA-000-0000,qtl0006,UpCI,0.0794297458149663,2022-11-18,2016-06-01
AA-AA-000-0000,qtl0006,Score,0.0502593600517853,2022-11-18,2016-06-01
AA-AA-000-0000,qtl0004,LowCI,0.00361217613998211,2022-11-18,2016-09-01
AA-AA-000-0000,qtl0004,UpCI,0.00386660061527267,2022-11-18,2016-09-01
AA-AA-000-0000,qtl0004,Score,0.00361217613998211,2022-11-18,2016-09-01
AA-AA-000-0000,qtl0006,LowCI,0.0494752080254705,2022-11-18,2016-09-01
AA-AA-000-0000,qtl0006,UpCI,0.0779610563430577,2022-11-18,2016-09-01
AA-AA-000-0000,qtl0006,Score,0.0494752080254705,2022-11-18,2016-09-01
AA-AA-000-0000,qtl0004,LowCI,0.00362533388236742,2022-11-18,2016-12-01
AA-AA-000-0000,qtl0004,UpCI,0.00387780043853282,2022-11-18,2016-12-01
AA-AA-000-0000,qtl0004,Score,0.00362533388236742,2022-11-18,2016-12-01
AA-AA-000-0000,qtl0006,LowCI,0.0507971986794383,2022-11-18,2016-12-01
AA-AA-000-0000,qtl0006,UpCI,0.0792856537367811,2022-11-18,2016-12-01
AA-AA-000-0000,qtl0006,Score,0.0507971986794383,2022-11-18,2016-12-01
AA-AA-000-0000,qtl0004,LowCI,0.00363626651417361,2022-11-18,2017-03-01
AA-AA-000-0000,qtl0004,UpCI,0.00388680743277587,2022-11-18,2017-03-01
AA-AA-000-0000,qtl0004,Score,0.00363626651417361,2022-11-18,2017-03-01
AA-AA-000-0000,qtl0006,LowCI,0.0514284442015823,2022-11-18,2017-03-01
AA-AA-000-0000,qtl0006,UpCI,0.0797930167166761,2022-11-18,2017-03-01
AA-AA-000-0000,qtl0006,Score,0.0514284442015823,2022-11-18,2017-03-01
AA-AA-000-0000,qtl0004,LowCI,0.00364298710047718,2022-11-18,2017-06-01
AA-AA-000-0000,qtl0004,UpCI,0.00389116520240767,2022-11-18,2017-06-01
AA-AA-000-0000,qtl0004,Score,0.00364298710047718,2022-11-18,2017-06-01
AA-AA-000-0000,qtl0006,LowCI,0.0525101985871705,2022-11-18,2017-06-01
AA-AA-000-0000,qtl0006,UpCI,0.0807754642429215,2022-11-18,2017-06-01
AA-AA-000-0000,qtl0006,Score,0.0525101985871705,2022-11-18,2017-06-01
AA-AA-000-0000,qtl0004,LowCI,0.00358605289853774,2022-11-18,2017-09-01
AA-AA-000-0000,qtl0004,UpCI,0.00382866456427865,2022-11-18,2017-09-01
AA-AA-000-0000,qtl0004,Score,0.00358605289853774,2022-11-18,2017-09-01
AA-AA-000-0000,qtl0006,LowCI,0.0509511411015937,2022-11-18,2017-09-01
AA-AA-000-0000,qtl0006,UpCI,0.0784111928874461,2022-11-18,2017-09-01
AA-AA-000-0000,qtl0006,Score,0.0509511411015937,2022-11-18,2017-09-01
AA-AA-000-0000,qtl0004,LowCI,0.00363361858262046,2022-11-18,2017-12-01
AA-AA-000-0000,qtl0004,UpCI,0.0038767082572084,2022-11-18,2017-12-01
AA-AA-000-0000,qtl0004,Score,0.00363361858262046,2022-11-18,2017-12-01
AA-AA-000-0000,qtl0006,LowCI,0.0511309233326774,2022-11-18,2017-12-01
AA-AA-000-0000,qtl0006,UpCI,0.0784750417451231,2022-11-18,2017-12-01
AA-AA-000-0000,qtl0006,Score,0.0511309233326774,2022-11-18,2017-12-01
AA-AA-000-0000,qtl0004,LowCI,0.00369759134964846,2022-11-18,2018-03-01
AA-AA-000-0000,qtl0004,UpCI,0.00394276828571973,2022-11-18,2018-03-01
AA-AA-000-0000,qtl0004,Score,0.00369759134964846,2022-11-18,2018-03-01
AA-AA-000-0000,qtl0006,LowCI,0.0518235763351825,2022-11-18,2018-03-01
AA-AA-000-0000,qtl0006,UpCI,0.0793157249574649,2022-11-18,2018-03-01
AA-AA-000-0000,qtl0006,Score,0.0518235763351825,2022-11-18,2018-03-01
AA-AA-000-0000,qtl0004,LowCI,0.00376657189462069,2022-11-18,2018-06-01
AA-AA-000-0000,qtl0004,UpCI,0.00401397935236482,2022-11-18,2018-06-01
AA-AA-000-0000,qtl0004,Score,0.00376657189462069,2022-11-18,2018-06-01
AA-AA-000-0000,qtl0006,LowCI,0.0518235763351825,2022-11-18,2018-06-01
AA-AA-000-0000,qtl0006,UpCI,0.0793157249574649,2022-11-18,2018-06-01
AA-AA-000-0000,qtl0006,Score,0.0518235763351825,2022-11-18,2018-06-01
AA-AA-000-0000,qtl0004,LowCI,0.0038055653424976,2022-11-18,2018-09-01
AA-AA-000-0000,qtl0004,UpCI,0.00405422464322422,2022-11-18,2018-09-01
AA-AA-000-0000,qtl0004,Score,0.0038055653424976,2022-11-18,2018-09-01
AA-AA-000-0000,qtl0006,LowCI,0.0539047487716545,2022-11-18,2018-09-01
AA-AA-000-0000,qtl0006,UpCI,0.0818346114546967,2022-11-18,2018-09-01
AA-AA-000-0000,qtl0006,Score,0.0539047487716545,2022-11-18,2018-09-01
AA-AA-000-0000,qtl0004,LowCI,0.00382856295752279,2022-11-18,2018-12-01
AA-AA-000-0000,qtl0004,UpCI,0.00407795756699909,2022-11-18,2018-12-01
AA-AA-000-0000,qtl0004,Score,0.00382856295752279,2022-11-18,2018-12-01
AA-AA-000-0000,qtl0006,LowCI,0.0539047487716545,2022-11-18,2018-12-01
AA-AA-000-0000,qtl0006,UpCI,0.0818346114546967,2022-11-18,2018-12-01
AA-AA-000-0000,qtl0006,Score,0.0539047487716545,2022-11-18,2018-12-01
AA-AA-000-0000,qtl0004,LowCI,0.00385156165796441,2022-11-18,2019-03-01
AA-AA-000-0000,qtl0004,UpCI,0.00410168940577347,2022-11-18,2019-03-01
AA-AA-000-0000,qtl0004,Score,0.00385156165796441,2022-11-18,2019-03-01
AA-AA-000-0000,qtl0006,LowCI,0.0552947891796837,2022-11-18,2019-03-01
AA-AA-000-0000,qtl0006,UpCI,0.0835113165922339,2022-11-18,2019-03-01
AA-AA-000-0000,qtl0006,Score,0.0552947891796837,2022-11-18,2019-03-01
AA-AA-000-0000,qtl0004,LowCI,0.00387256141124848,2022-11-18,2019-06-01
AA-AA-000-0000,qtl0004,UpCI,0.00412335666691431,2022-11-18,2019-06-01
AA-AA-000-0000,qtl0004,Score,0.00387256141124848,2022-11-18,2019-06-01
AA-AA-000-0000,qtl0006,LowCI,0.0552947891796837,2022-11-18,2019-06-01
AA-AA-000-0000,qtl0006,UpCI,0.0835113165922339,2022-11-18,2019-06-01
AA-AA-000-0000,qtl0006,Score,0.0552947891796837,2022-11-18,2019-06-01
AA-AA-000-0000,qtl0004,LowCI,0.00387556144879924,2022-11-18,2019-09-01
AA-AA-000-0000,qtl0004,UpCI,0.00412645191716616,2022-11-18,2019-09-01
AA-AA-000-0000,qtl0004,Score,0.00387556144879924,2022-11-18,2019-09-01
AA-AA-000-0000,qtl0006,LowCI,0.0552947891796837,2022-11-18,2019-09-01
AA-AA-000-0000,qtl0006,UpCI,0.0835113165922339,2022-11-18,2019-09-01
AA-AA-000-0000,qtl0006,Score,0.0552947891796837,2022-11-18,2019-09-01
AA-AA-000-0000,qtl0004,LowCI,0.00387656146534752,2022-11-18,2019-12-01
AA-AA-000-0000,qtl0004,UpCI,0.00412748366322027,2022-11-18,2019-12-01
AA-AA-000-0000,qtl0004,Score,0.00387656146534752,2022-11-18,2019-12-01
AA-AA-000-0000,qtl0006,LowCI,0.0552947891796837,2022-11-18,2019-12-01
AA-AA-000-0000,qtl0006,UpCI,0.0835113165922339,2022-11-18,2019-12-01
AA-AA-000-0000,qtl0006,Score,0.0552947891796837,2022-11-18,2019-12-01
